object_id,name,type,world_x,world_y,plane,orientation,texture_ids,current_material,current_authored_slot,observation_count,source_exports
1018,Shelves,GAME,3233,3201,0,1536,,UNKNOWN,0,1,chunk-3232-3200-20260828-102136
10586,null,GAME,3220,3217,0,512,8,FOLIAGE,1,2,chunk-3216-3216-20260828-095414|chunk-3216-3216-20260828-102146
10627,null,GROUND,3228,3212,1,0,,UNKNOWN,0,1,chunk-3224-3208-20260828-102221
10778,null,GAME,3223,3217,0,512,8,FOLIAGE,1,2,chunk-3216-3216-20260828-095414|chunk-3216-3216-20260828-102146
10818,null,GROUND,3220,3217,0,0,,UNKNOWN,0,2,chunk-3216-3216-20260828-095414|chunk-3216-3216-20260828-102146
10820,Oak tree,GAME,3219,3206,0,0,8|60,FOLIAGE,1,1,chunk-3216-3200-20260828-095451
1107,null,DECORATIVE,3227,3214,1,0,,UNKNOWN,0,1,chunk-3224-3208-20260828-102221
1107,null,DECORATIVE,3227,3223,1,0,,UNKNOWN,0,1,chunk-3224-3216-20260828-103417
1107,null,DECORATIVE,3230,3214,1,2,,UNKNOWN,0,1,chunk-3224-3208-20260828-102221
1107,null,DECORATIVE,3230,3223,1,2,,UNKNOWN,0,1,chunk-3224-3216-20260828-103417
1124,Bush,GAME,3218,3217,0,0,8,FOLIAGE,1,2,chunk-3216-3216-20260828-095414|chunk-3216-3216-20260828-102146
1124,Bush,GAME,3218,3220,0,0,8,FOLIAGE,1,2,chunk-3216-3216-20260828-095414|chunk-3216-3216-20260828-102146
1124,Bush,GAME,3219,3217,0,0,8,FOLIAGE,1,2,chunk-3216-3216-20260828-095414|chunk-3216-3216-20260828-102146
1124,Bush,GAME,3219,3220,0,0,8,FOLIAGE,1,2,chunk-3216-3216-20260828-095414|chunk-3216-3216-20260828-102146
1173,Small fern,GAME,3218,3203,0,0,,UNKNOWN,0,1,chunk-3216-3200-20260828-095451
1187,Flower,GAME,3205,3201,0,1024,,UNKNOWN,0,1,chunk-3200-3200-20260828-095443
1187,Flower,GAME,3209,3201,0,512,,UNKNOWN,0,1,chunk-3208-3200-20260828-102215
1187,Flower,GAME,3211,3236,0,0,,UNKNOWN,0,2,chunk-3208-3232-20260828-095430|chunk-3208-3232-20260828-103429
1187,Flower,GAME,3214,3203,0,0,,UNKNOWN,0,1,chunk-3208-3200-20260828-102215
1187,Flower,GAME,3214,3234,0,1024,,UNKNOWN,0,2,chunk-3208-3232-20260828-095430|chunk-3208-3232-20260828-103429
1187,Flower,GAME,3219,3234,0,512,,UNKNOWN,0,1,chunk-3216-3232-20260828-095423
1187,Flower,GAME,3226,3210,0,1536,,UNKNOWN,0,1,chunk-3224-3208-20260828-102221
1187,Flower,GAME,3226,3213,0,0,,UNKNOWN,0,1,chunk-3224-3208-20260828-102221
1188,Flower,GAME,3221,3204,0,1536,,UNKNOWN,0,1,chunk-3216-3200-20260828-095451
1188,Flower,GAME,3221,3206,0,512,,UNKNOWN,0,1,chunk-3216-3200-20260828-095451
1188,Flower,GAME,3221,3233,0,1024,,UNKNOWN,0,1,chunk-3216-3232-20260828-095423
1188,Flower,GAME,3222,3230,0,512,,UNKNOWN,0,1,chunk-3216-3224-20260828-102155
1188,Flower,GAME,3223,3206,0,1024,,UNKNOWN,0,1,chunk-3216-3200-20260828-095451
1188,Flower,GAME,3223,3231,0,1536,,UNKNOWN,0,1,chunk-3216-3224-20260828-102155
1189,Daisies,GAME,3232,3213,0,1536,,UNKNOWN,0,1,chunk-3232-3208-20260828-095402
1189,Daisies,GAME,3233,3211,0,0,,UNKNOWN,0,1,chunk-3232-3208-20260828-095402
1189,Daisies,GAME,3237,3222,0,1792,,UNKNOWN,0,1,chunk-3232-3216-20260828-102126
1192,Flowers,GAME,3222,3205,0,1536,,UNKNOWN,0,1,chunk-3216-3200-20260828-095451
1192,Flowers,GAME,3222,3232,0,1024,,UNKNOWN,0,1,chunk-3216-3232-20260828-095423
1195,Flowers,GAME,3208,3236,0,1024,,UNKNOWN,0,2,chunk-3208-3232-20260828-095430|chunk-3208-3232-20260828-103429
1195,Flowers,GAME,3216,3234,0,0,,UNKNOWN,0,1,chunk-3216-3232-20260828-095423
1196,Flowers,GAME,3226,3211,0,1536,,UNKNOWN,0,1,chunk-3224-3208-20260828-102221
1196,Flowers,GAME,3226,3212,0,0,,UNKNOWN,0,1,chunk-3224-3208-20260828-102221
12348,Door,WALL,3207,3217,0,2|0,4,UNKNOWN,0,1,chunk-3200-3216-20260828-095435
1246,null,GROUND,3214,3239,0,2,,UNKNOWN,0,2,chunk-3208-3232-20260828-095430|chunk-3208-3232-20260828-103429
1247,null,GROUND,3205,3213,1,3,,UNKNOWN,0,1,chunk-3200-3208-20260828-102210
1247,null,GROUND,3205,3226,1,3,,UNKNOWN,0,2,chunk-3200-3224-20260828-102202|chunk-3200-3224-20260828-103437
1247,null,GROUND,3213,3238,0,0,,UNKNOWN,0,2,chunk-3208-3232-20260828-095430|chunk-3208-3232-20260828-103429
1247,null,GROUND,3228,3221,2,3,,UNKNOWN,0,1,chunk-3224-3216-20260828-103417
1247,null,GROUND,3247,3231,0,2,,UNKNOWN,0,1,chunk-3240-3224-20260828-095506
1248,null,GROUND,3204,3207,0,0,,UNKNOWN,0,1,chunk-3200-3200-20260828-095443
1248,null,GROUND,3204,3230,0,0,,UNKNOWN,0,2,chunk-3200-3224-20260828-102202|chunk-3200-3224-20260828-103437
1248,null,GROUND,3205,3208,0,2,,UNKNOWN,0,1,chunk-3200-3208-20260828-102210
1248,null,GROUND,3206,3223,2,3,,UNKNOWN,0,1,chunk-3200-3216-20260828-095435
1248,null,GROUND,3206,3229,0,1,,UNKNOWN,0,2,chunk-3200-3224-20260828-102202|chunk-3200-3224-20260828-103437
1248,null,GROUND,3207,3210,0,1,,UNKNOWN,0,1,chunk-3200-3208-20260828-102210
1248,null,GROUND,3216,3226,0,0,,UNKNOWN,0,1,chunk-3216-3224-20260828-102155
1248,null,GROUND,3227,3214,2,1,,UNKNOWN,0,1,chunk-3224-3208-20260828-102221
1248,null,GROUND,3229,3216,2,2,,UNKNOWN,0,1,chunk-3224-3216-20260828-103417
1248,null,GROUND,3229,3220,2,3,,UNKNOWN,0,1,chunk-3224-3216-20260828-103417
1248,null,GROUND,3229,3221,2,0,,UNKNOWN,0,1,chunk-3224-3216-20260828-103417
1248,null,GROUND,3230,3217,2,1,,UNKNOWN,0,1,chunk-3224-3216-20260828-103417
1276,Tree,GAME,3247,3231,0,0,8|60,FOLIAGE,1,1,chunk-3240-3224-20260828-095506
1278,Tree,GAME,3212,3232,0,1024,8|60,FOLIAGE,1,2,chunk-3208-3232-20260828-095430|chunk-3208-3232-20260828-103429
1278,Tree,GAME,3213,3238,0,512,8|60,FOLIAGE,1,2,chunk-3208-3232-20260828-095430|chunk-3208-3232-20260828-103429
1278,Tree,GAME,3217,3231,0,1024,8|60,FOLIAGE,1,2,chunk-3216-3224-20260828-102155|chunk-3216-3232-20260828-095423
12961,Crate,GAME,3204,3213,0,1536,,UNKNOWN,0,1,chunk-3200-3208-20260828-102210
12961,Crate,GAME,3205,3212,0,1024,,UNKNOWN,0,1,chunk-3200-3208-20260828-102210
1300,Fern,GAME,3223,3234,0,1024,,UNKNOWN,0,1,chunk-3216-3232-20260828-095423
1393,Plant,GAME,3229,3211,0,1024,,UNKNOWN,0,1,chunk-3224-3208-20260828-102221
1393,Plant,GAME,3231,3209,0,1024,,UNKNOWN,0,1,chunk-3224-3208-20260828-102221
1394,Plant,GAME,3221,3235,0,1024,,UNKNOWN,0,1,chunk-3216-3232-20260828-095423
14868,Sink,GAME,3205,3215,0,0,1,WATER,0,2,chunk-3200-3208-20260828-102210|chunk-3200-3216-20260828-095435
14869,Shelves,GAME,3205,3213,0,0,,UNKNOWN,0,1,chunk-3200-3208-20260828-102210
14872,Stool,GAME,3206,3215,0,1024,,UNKNOWN,0,1,chunk-3200-3208-20260828-102210
14875,null,GROUND,3205,3212,0,0,,UNKNOWN,0,1,chunk-3200-3208-20260828-102210
14875,null,GROUND,3205,3216,0,0,,UNKNOWN,0,1,chunk-3200-3216-20260828-095435
14875,null,GROUND,3206,3214,0,3,,UNKNOWN,0,1,chunk-3200-3208-20260828-102210
14875,null,GROUND,3206,3216,0,3,,UNKNOWN,0,1,chunk-3200-3216-20260828-095435
14875,null,GROUND,3207,3215,0,1,,UNKNOWN,0,1,chunk-3200-3208-20260828-102210
14876,null,GROUND,3205,3213,0,1,,UNKNOWN,0,1,chunk-3200-3208-20260828-102210
14876,null,GROUND,3206,3212,0,0,,UNKNOWN,0,1,chunk-3200-3208-20260828-102210
14876,null,GROUND,3207,3214,0,3,,UNKNOWN,0,1,chunk-3200-3208-20260828-102210
14876,null,GROUND,3207,3216,0,3,,UNKNOWN,0,1,chunk-3200-3216-20260828-095435
14877,null,GROUND,3205,3214,0,2,,UNKNOWN,0,1,chunk-3200-3208-20260828-102210
14877,null,GROUND,3206,3213,0,1,,UNKNOWN,0,1,chunk-3200-3208-20260828-102210
14877,null,GROUND,3206,3215,0,0,,UNKNOWN,0,1,chunk-3200-3208-20260828-102210
14877,null,GROUND,3207,3212,0,0,,UNKNOWN,0,1,chunk-3200-3208-20260828-102210
14878,null,GROUND,3205,3217,0,0,,UNKNOWN,0,1,chunk-3200-3216-20260828-095435
14878,null,GROUND,3206,3217,0,0,,UNKNOWN,0,1,chunk-3200-3216-20260828-095435
14878,null,GROUND,3207,3217,0,0,,UNKNOWN,0,1,chunk-3200-3216-20260828-095435
14881,null,DECORATIVE,3237,3209,0,2,,UNKNOWN,0,1,chunk-3232-3208-20260828-095402
14881,null,DECORATIVE,3237,3211,0,2,,UNKNOWN,0,1,chunk-3232-3208-20260828-095402
1529,null,WALL,3216,3218,0,8|0,,UNKNOWN,0,2,chunk-3216-3216-20260828-095414|chunk-3216-3216-20260828-102146
1530,null,WALL,3216,3219,0,2|0,,UNKNOWN,0,2,chunk-3216-3216-20260828-095414|chunk-3216-3216-20260828-102146
1535,Door,WALL,3207,3210,1,4|0,,UNKNOWN,0,1,chunk-3200-3208-20260828-102210
1535,Door,WALL,3207,3227,1,4|0,,UNKNOWN,0,2,chunk-3200-3224-20260828-102202|chunk-3200-3224-20260828-103437
1535,Door,WALL,3226,3214,0,4|0,,UNKNOWN,0,1,chunk-3224-3208-20260828-102221
1535,Door,WALL,3226,3223,0,4|0,,UNKNOWN,0,1,chunk-3224-3216-20260828-103417
1535,Door,WALL,3234,3207,0,1|0,,UNKNOWN,0,1,chunk-3232-3200-20260828-102136
1536,Door,WALL,3233,3203,0,2|0,,UNKNOWN,0,1,chunk-3232-3200-20260828-102136
1540,Door,WALL,3238,3210,0,1|0,,UNKNOWN,0,1,chunk-3232-3208-20260828-095402
1543,Door,WALL,3207,3214,1,4|0,4,UNKNOWN,0,1,chunk-3200-3208-20260828-102210
1543,Door,WALL,3207,3222,1,4|0,4,UNKNOWN,0,1,chunk-3200-3216-20260828-095435
1548,null,WALL,3201,3218,0,8|0,,UNKNOWN,0,1,chunk-3200-3216-20260828-095435
1556,null,WALL,3230,3218,1,1|0,2,STONE,5,1,chunk-3224-3216-20260828-103417
1557,null,WALL,3230,3219,1,1|0,2,STONE,5,1,chunk-3224-3216-20260828-103417
16392,null,GROUND,3243,3229,0,0,,UNKNOWN,0,1,chunk-3240-3224-20260828-095506
16395,null,GROUND,3245,3224,0,0,,UNKNOWN,0,1,chunk-3240-3224-20260828-095506
16407,null,GROUND,3218,3220,2,0,,UNKNOWN,0,2,chunk-3216-3216-20260828-095414|chunk-3216-3216-20260828-102146
16407,null,GROUND,3233,3218,1,0,,UNKNOWN,0,1,chunk-3232-3216-20260828-102126
16438,null,GROUND,3224,3220,2,0,,UNKNOWN,0,1,chunk-3224-3216-20260828-103417
1651,null,WALL,3200,3216,1,2|0,2,STONE,1,1,chunk-3200-3216-20260828-095435
1651,null,WALL,3200,3220,1,8|0,2,STONE,1,1,chunk-3200-3216-20260828-095435
1651,null,GAME,3201,3203,1,1536,2,STONE,1,1,chunk-3200-3200-20260828-095443
1651,null,WALL,3201,3204,1,1|0,2,STONE,1,1,chunk-3200-3200-20260828-095443
1651,null,WALL,3201,3205,1,1|0,2,STONE,1,1,chunk-3200-3200-20260828-095443
1651,null,WALL,3201,3206,1,1|0,2,STONE,1,1,chunk-3200-3200-20260828-095443
1651,null,WALL,3201,3207,1,1|0,2,STONE,1,1,chunk-3200-3200-20260828-095443
1651,null,WALL,3201,3208,1,1|0,2,STONE,1,1,chunk-3200-3208-20260828-102210
1651,null,WALL,3201,3209,1,1|0,2,STONE,1,1,chunk-3200-3208-20260828-102210
1651,null,WALL,3201,3210,1,1|0,2,STONE,1,1,chunk-3200-3208-20260828-102210
1651,null,WALL,3201,3211,1,1|0,2,STONE,1,1,chunk-3200-3208-20260828-102210
1651,null,WALL,3201,3212,1,1|0,2,STONE,1,1,chunk-3200-3208-20260828-102210
1651,null,WALL,3201,3213,1,1|0,2,STONE,1,1,chunk-3200-3208-20260828-102210
1651,null,WALL,3201,3214,1,1|0,2,STONE,1,1,chunk-3200-3208-20260828-102210
1651,null,WALL,3201,3215,1,1|0,2,STONE,1,1,chunk-3200-3208-20260828-102210
1651,null,WALL,3201,3216,1,1|0,2,STONE,1,1,chunk-3200-3216-20260828-095435
1651,null,WALL,3201,3217,1,1|0,2,STONE,1,1,chunk-3200-3216-20260828-095435
1651,null,WALL,3201,3218,1,1|0,2,STONE,1,1,chunk-3200-3216-20260828-095435
1651,null,WALL,3201,3219,1,1|0,2,STONE,1,1,chunk-3200-3216-20260828-095435
1651,null,WALL,3201,3220,1,1|0,2,STONE,1,1,chunk-3200-3216-20260828-095435
1651,null,WALL,3201,3221,1,1|0,2,STONE,1,1,chunk-3200-3216-20260828-095435
1651,null,WALL,3201,3222,1,1|0,2,STONE,1,1,chunk-3200-3216-20260828-095435
1651,null,WALL,3201,3223,1,1|0,2,STONE,1,1,chunk-3200-3216-20260828-095435
1651,null,WALL,3201,3224,1,1|0,2,STONE,1,2,chunk-3200-3224-20260828-102202|chunk-3200-3224-20260828-103437
1651,null,WALL,3201,3225,1,1|0,2,STONE,1,2,chunk-3200-3224-20260828-102202|chunk-3200-3224-20260828-103437
1651,null,WALL,3201,3226,1,1|0,2,STONE,1,2,chunk-3200-3224-20260828-102202|chunk-3200-3224-20260828-103437
1651,null,WALL,3201,3227,1,1|0,2,STONE,1,2,chunk-3200-3224-20260828-102202|chunk-3200-3224-20260828-103437
1651,null,WALL,3201,3228,1,1|0,2,STONE,1,2,chunk-3200-3224-20260828-102202|chunk-3200-3224-20260828-103437
1651,null,WALL,3201,3229,1,1|0,2,STONE,1,2,chunk-3200-3224-20260828-102202|chunk-3200-3224-20260828-103437
1651,null,WALL,3201,3230,1,1|0,2,STONE,1,2,chunk-3200-3224-20260828-102202|chunk-3200-3224-20260828-103437
1651,null,WALL,3201,3231,1,1|0,2,STONE,1,2,chunk-3200-3224-20260828-102202|chunk-3200-3224-20260828-103437
1651,null,GAME,3202,3202,1,1536,2,STONE,1,1,chunk-3200-3200-20260828-095443
1651,null,WALL,3202,3203,1,128|0,2,STONE,1,1,chunk-3200-3200-20260828-095443
1651,null,GAME,3203,3201,1,1536,2,STONE,1,1,chunk-3200-3200-20260828-095443
1651,null,WALL,3203,3202,1,128|0,2,STONE,1,1,chunk-3200-3200-20260828-095443
1651,null,WALL,3204,3201,1,8|0,2,STONE,1,1,chunk-3200-3200-20260828-095443
1651,null,WALL,3205,3201,1,8|0,2,STONE,1,1,chunk-3200-3200-20260828-095443
1651,null,WALL,3206,3201,1,8|0,2,STONE,1,1,chunk-3200-3200-20260828-095443
1651,null,WALL,3207,3201,1,8|0,2,STONE,1,1,chunk-3200-3200-20260828-095443
1651,null,WALL,3208,3201,1,8|0,2,STONE,1,1,chunk-3208-3200-20260828-102215
1651,null,WALL,3208,3236,1,2|0,2,STONE,1,2,chunk-3208-3232-20260828-095430|chunk-3208-3232-20260828-103429
1651,null,WALL,3209,3201,1,8|0,2,STONE,1,1,chunk-3208-3200-20260828-102215
1651,null,WALL,3209,3236,1,2|0,2,STONE,1,2,chunk-3208-3232-20260828-095430|chunk-3208-3232-20260828-103429
1651,null,WALL,3210,3201,1,8|0,2,STONE,1,1,chunk-3208-3200-20260828-102215
1651,null,WALL,3210,3236,1,2|0,2,STONE,1,2,chunk-3208-3232-20260828-095430|chunk-3208-3232-20260828-103429
1651,null,WALL,3211,3201,1,8|0,2,STONE,1,1,chunk-3208-3200-20260828-102215
1651,null,WALL,3211,3236,1,2|0,2,STONE,1,2,chunk-3208-3232-20260828-095430|chunk-3208-3232-20260828-103429
1651,null,WALL,3212,3201,1,8|0,2,STONE,1,1,chunk-3208-3200-20260828-102215
1651,null,WALL,3212,3236,1,2|0,2,STONE,1,2,chunk-3208-3232-20260828-095430|chunk-3208-3232-20260828-103429
1651,null,GAME,3213,3201,1,1024,2,STONE,1,1,chunk-3208-3200-20260828-102215
1651,null,WALL,3213,3202,1,64|0,2,STONE,1,1,chunk-3208-3200-20260828-102215
1651,null,WALL,3213,3235,1,32|0,2,STONE,1,2,chunk-3208-3232-20260828-095430|chunk-3208-3232-20260828-103429
1651,null,GAME,3213,3236,1,512,2,STONE,1,2,chunk-3208-3232-20260828-095430|chunk-3208-3232-20260828-103429
1651,null,GAME,3214,3202,1,1024,2,STONE,1,1,chunk-3208-3200-20260828-102215
1651,null,WALL,3214,3203,1,64|0,2,STONE,1,1,chunk-3208-3200-20260828-102215
1651,null,WALL,3214,3234,1,32|0,2,STONE,1,2,chunk-3208-3232-20260828-095430|chunk-3208-3232-20260828-103429
1651,null,GAME,3214,3235,1,512,2,STONE,1,2,chunk-3208-3232-20260828-095430|chunk-3208-3232-20260828-103429
1651,null,WALL,3215,3203,1,8|0,2,STONE,1,1,chunk-3208-3200-20260828-102215
1651,null,WALL,3215,3234,1,2|0,2,STONE,1,2,chunk-3208-3232-20260828-095430|chunk-3208-3232-20260828-103429
1651,null,WALL,3216,3203,1,8|0,2,STONE,1,1,chunk-3216-3200-20260828-095451
1651,null,WALL,3216,3234,1,2|0,2,STONE,1,1,chunk-3216-3232-20260828-095423
1651,null,WALL,3217,3203,1,8|0,2,STONE,1,1,chunk-3216-3200-20260828-095451
1651,null,WALL,3217,3234,1,2|0,2,STONE,1,1,chunk-3216-3232-20260828-095423
1651,null,WALL,3218,3203,1,8|0,2,STONE,1,1,chunk-3216-3200-20260828-095451
1651,null,WALL,3218,3234,1,2|0,2,STONE,1,1,chunk-3216-3232-20260828-095423
1651,null,WALL,3219,3203,1,8|0,2,STONE,1,1,chunk-3216-3200-20260828-095451
1651,null,WALL,3219,3234,1,2|0,2,STONE,1,1,chunk-3216-3232-20260828-095423
1651,null,WALL,3220,3203,1,8|0,2,STONE,1,1,chunk-3216-3200-20260828-095451
1651,null,WALL,3220,3234,1,2|0,2,STONE,1,1,chunk-3216-3232-20260828-095423
1651,null,GAME,3221,3203,1,1024,2,STONE,1,1,chunk-3216-3200-20260828-095451
1651,null,WALL,3221,3204,1,64|0,2,STONE,1,1,chunk-3216-3200-20260828-095451
1651,null,WALL,3221,3233,1,32|0,2,STONE,1,1,chunk-3216-3232-20260828-095423
1651,null,GAME,3221,3234,1,512,2,STONE,1,1,chunk-3216-3232-20260828-095423
1651,null,GAME,3222,3204,1,1024,2,STONE,1,1,chunk-3216-3200-20260828-095451
1651,null,WALL,3222,3205,1,64|0,2,STONE,1,1,chunk-3216-3200-20260828-095451
1651,null,WALL,3222,3232,1,32|0,2,STONE,1,1,chunk-3216-3232-20260828-095423
1651,null,GAME,3222,3233,1,512,2,STONE,1,1,chunk-3216-3232-20260828-095423
1651,null,GAME,3223,3205,1,1024,2,STONE,1,1,chunk-3216-3200-20260828-095451
1651,null,WALL,3223,3206,1,64|0,2,STONE,1,1,chunk-3216-3200-20260828-095451
1651,null,WALL,3223,3231,1,32|0,2,STONE,1,1,chunk-3216-3224-20260828-102155
1651,null,GAME,3223,3232,1,512,2,STONE,1,1,chunk-3216-3232-20260828-095423
1651,null,WALL,3225,3208,1,64|0,2,STONE,1,1,chunk-3224-3208-20260828-102221
1651,null,GAME,3226,3208,1,1024,2,STONE,1,1,chunk-3224-3208-20260828-102221
1651,null,WALL,3226,3209,1,4|0,2,STONE,1,1,chunk-3224-3208-20260828-102221
1651,null,WALL,3226,3210,1,4|0,2,STONE,1,1,chunk-3224-3208-20260828-102221
1651,null,WALL,3226,3211,1,4|0,2,STONE,1,1,chunk-3224-3208-20260828-102221
1651,null,WALL,3226,3212,1,4|0,2,STONE,1,1,chunk-3224-3208-20260828-102221
16672,Staircase,GAME,3204,3207,1,1536,11,STONE,5,2,chunk-3200-3200-20260828-095443|chunk-3200-3208-20260828-102210
16672,Staircase,GAME,3204,3229,1,0,11,STONE,5,2,chunk-3200-3224-20260828-102202|chunk-3200-3224-20260828-103437
16679,Ladder,GAME,3229,3213,2,0,16,WOOD,1,1,chunk-3224-3208-20260828-102221
16683,Ladder,GAME,3229,3213,0,0,16,WOOD,1,1,chunk-3224-3208-20260828-102221
16684,Ladder,GAME,3229,3213,1,1024,16,WOOD,1,1,chunk-3224-3208-20260828-102221
1790,null,GAME,3239,3208,1,512,6,STONE,5,1,chunk-3232-3208-20260828-095402
1790,null,GAME,3239,3212,1,1024,6,STONE,5,1,chunk-3232-3208-20260828-095402
1821,null,DECORATIVE,3230,3208,0,1,,UNKNOWN,0,1,chunk-3224-3208-20260828-102221
1821,null,DECORATIVE,3230,3209,0,3,,UNKNOWN,0,1,chunk-3224-3208-20260828-102221
1821,null,DECORATIVE,3232,3200,0,1,,UNKNOWN,0,1,chunk-3232-3200-20260828-102136
1821,null,DECORATIVE,3232,3201,0,3,,UNKNOWN,0,1,chunk-3232-3200-20260828-102136
1821,null,DECORATIVE,3232,3205,1,1,,UNKNOWN,0,1,chunk-3232-3200-20260828-102136
1821,null,DECORATIVE,3232,3206,1,3,,UNKNOWN,0,1,chunk-3232-3200-20260828-102136
1821,null,DECORATIVE,3232,3208,0,1,,UNKNOWN,0,1,chunk-3232-3208-20260828-095402
1821,null,DECORATIVE,3232,3209,0,3,,UNKNOWN,0,1,chunk-3232-3208-20260828-095402
1821,null,DECORATIVE,3233,3200,1,1,,UNKNOWN,0,1,chunk-3232-3200-20260828-102136
1821,null,DECORATIVE,3233,3201,1,3,,UNKNOWN,0,1,chunk-3232-3200-20260828-102136
1821,null,DECORATIVE,3233,3202,1,2,,UNKNOWN,0,1,chunk-3232-3200-20260828-102136
1821,null,DECORATIVE,3233,3204,1,2,,UNKNOWN,0,1,chunk-3232-3200-20260828-102136
1821,null,DECORATIVE,3234,3202,1,0,,UNKNOWN,0,1,chunk-3232-3200-20260828-102136
1821,null,DECORATIVE,3234,3204,1,0,,UNKNOWN,0,1,chunk-3232-3200-20260828-102136
18492,Closed booth,GAME,3207,3221,2,1024,7,WOOD,1,1,chunk-3200-3216-20260828-095435
1873,null,DECORATIVE,3203,3207,0,2,,UNKNOWN,0,1,chunk-3200-3200-20260828-095443
1902,null,WALL,3207,3212,1,4|0,2,STONE,1,1,chunk-3200-3208-20260828-102210
1902,null,WALL,3207,3213,1,4|0,2,STONE,1,1,chunk-3200-3208-20260828-102210
1902,null,WALL,3207,3215,1,4|0,2,STONE,1,1,chunk-3200-3208-20260828-102210
1902,null,WALL,3207,3216,1,4|0,2,STONE,1,1,chunk-3200-3216-20260828-095435
1902,null,WALL,3207,3217,1,4|0,2,STONE,1,1,chunk-3200-3216-20260828-095435
1902,null,WALL,3207,3218,1,4|0,2,STONE,1,1,chunk-3200-3216-20260828-095435
1902,null,WALL,3207,3219,1,4|0,2,STONE,1,1,chunk-3200-3216-20260828-095435
1902,null,WALL,3207,3220,1,4|0,2,STONE,1,1,chunk-3200-3216-20260828-095435
1902,null,WALL,3207,3221,1,4|0,2,STONE,1,1,chunk-3200-3216-20260828-095435
1902,null,WALL,3207,3223,1,4|0,2,STONE,1,1,chunk-3200-3216-20260828-095435
1902,null,WALL,3207,3224,1,4|0,2,STONE,1,2,chunk-3200-3224-20260828-102202|chunk-3200-3224-20260828-103437
1902,null,WALL,3207,3225,1,4|0,2,STONE,1,2,chunk-3200-3224-20260828-102202|chunk-3200-3224-20260828-103437
1902,null,WALL,3228,3208,0,4|0,2,STONE,1,1,chunk-3224-3208-20260828-102221
1902,null,WALL,3228,3209,0,64|0,2,STONE,1,1,chunk-3224-3208-20260828-102221
1902,null,WALL,3229,3209,0,8|0,2,STONE,1,1,chunk-3224-3208-20260828-102221
1902,null,WALL,3230,3209,0,8|0,2,STONE,1,1,chunk-3224-3208-20260828-102221
1902,null,WALL,3231,3209,0,8|0,2,STONE,1,1,chunk-3224-3208-20260828-102221
1902,null,WALL,3232,3200,0,2|0,2,STONE,1,1,chunk-3232-3200-20260828-102136
1902,null,WALL,3232,3200,1,2|0,2,STONE,1,1,chunk-3232-3200-20260828-102136
1902,null,WALL,3232,3205,0,2|0,2,STONE,1,1,chunk-3232-3200-20260828-102136
1902,null,WALL,3232,3205,1,2|0,2,STONE,1,1,chunk-3232-3200-20260828-102136
1902,null,WALL,3232,3209,0,8|0,2,STONE,1,1,chunk-3232-3208-20260828-095402
1902,null,WALL,3233,3200,0,2|0,2,STONE,1,1,chunk-3232-3200-20260828-102136
1902,null,WALL,3233,3200,1,2|0,2,STONE,1,1,chunk-3232-3200-20260828-102136
1902,null,WALL,3233,3205,0,2|0,2,STONE,1,1,chunk-3232-3200-20260828-102136
1902,null,WALL,3233,3205,1,2|0,2,STONE,1,1,chunk-3232-3200-20260828-102136
1902,null,WALL,3233,3209,0,8|0,2,STONE,1,1,chunk-3232-3208-20260828-095402
1902,null,WALL,3234,3200,0,16|0,2,STONE,1,1,chunk-3232-3200-20260828-102136
1902,null,WALL,3234,3200,1,16|0,2,STONE,1,1,chunk-3232-3200-20260828-102136
1902,null,WALL,3234,3201,0,1|0,2,STONE,1,1,chunk-3232-3200-20260828-102136
1902,null,WALL,3234,3201,1,1|0,2,STONE,1,1,chunk-3232-3200-20260828-102136
1902,null,WALL,3234,3202,0,1|0,2,STONE,1,1,chunk-3232-3200-20260828-102136
1902,null,WALL,3234,3202,1,1|0,2,STONE,1,1,chunk-3232-3200-20260828-102136
1902,null,WALL,3234,3203,1,1|0,2,STONE,1,1,chunk-3232-3200-20260828-102136
1902,null,WALL,3234,3204,0,1|0,2,STONE,1,1,chunk-3232-3200-20260828-102136
1902,null,WALL,3234,3204,1,1|0,2,STONE,1,1,chunk-3232-3200-20260828-102136
1902,null,WALL,3234,3205,0,1|0,2,STONE,1,1,chunk-3232-3200-20260828-102136
1902,null,WALL,3234,3205,1,1|0,2,STONE,1,1,chunk-3232-3200-20260828-102136
1902,null,WALL,3234,3206,0,1|0,2,STONE,1,1,chunk-3232-3200-20260828-102136
1902,null,WALL,3234,3208,0,1|0,2,STONE,1,1,chunk-3232-3208-20260828-095402
1902,null,WALL,3234,3209,0,128|0,2,STONE,1,1,chunk-3232-3208-20260828-095402
1902,null,WALL,3238,3208,0,2|0,2,STONE,1,1,chunk-3232-3208-20260828-095402
1902,null,WALL,3238,3209,0,1|0,2,STONE,1,1,chunk-3232-3208-20260828-095402
1902,null,WALL,3238,3211,0,1|0,2,STONE,1,1,chunk-3232-3208-20260828-095402
1902,null,WALL,3238,3212,0,8|0,2,STONE,1,1,chunk-3232-3208-20260828-095402
1902,null,WALL,3239,3204,0,4|0,2,STONE,1,1,chunk-3232-3200-20260828-102136
1902,null,WALL,3239,3206,0,4|0,2,STONE,1,1,chunk-3232-3200-20260828-102136
1902,null,WALL,3239,3208,0,2|4,2,STONE,1,1,chunk-3232-3208-20260828-095402
1902,null,WALL,3239,3212,0,4|8,2,STONE,1,1,chunk-3232-3208-20260828-095402
1902,null,WALL,3239,3214,0,4|0,2,STONE,1,1,chunk-3232-3208-20260828-095402
1902,null,WALL,3239,3216,0,64|0,2,STONE,1,1,chunk-3232-3216-20260828-102126
1911,null,WALL,3200,3204,0,64|0,2,STONE,1,1,chunk-3200-3200-20260828-095443
1911,null,WALL,3200,3208,0,32|0,2,STONE,1,1,chunk-3200-3208-20260828-102210
1911,null,WALL,3200,3213,0,32|0,2,STONE,1,1,chunk-3200-3208-20260828-102210
1911,null,WALL,3200,3216,0,2|0,2,STONE,1,1,chunk-3200-3216-20260828-095435
1911,null,WALL,3200,3220,0,8|0,2,STONE,1,1,chunk-3200-3216-20260828-095435
1911,null,WALL,3200,3224,0,64|0,2,STONE,1,2,chunk-3200-3224-20260828-102202|chunk-3200-3224-20260828-103437
1911,null,WALL,3200,3229,0,64|0,2,STONE,1,2,chunk-3200-3224-20260828-102202|chunk-3200-3224-20260828-103437
1911,null,GAME,3201,3203,0,1536,2,STONE,1,1,chunk-3200-3200-20260828-095443
1911,null,WALL,3201,3204,0,1|0,2,STONE,1,1,chunk-3200-3200-20260828-095443
1911,null,WALL,3201,3205,0,1|0,2,STONE,1,1,chunk-3200-3200-20260828-095443
1911,null,WALL,3201,3206,0,1|0,2,STONE,1,1,chunk-3200-3200-20260828-095443
1911,null,WALL,3201,3207,0,1|0,2,STONE,1,1,chunk-3200-3200-20260828-095443
1911,null,WALL,3201,3208,0,1|0,2,STONE,1,1,chunk-3200-3208-20260828-102210
1911,null,WALL,3201,3209,0,1|0,2,STONE,1,1,chunk-3200-3208-20260828-102210
1911,null,WALL,3201,3210,0,1|0,2,STONE,1,1,chunk-3200-3208-20260828-102210
1911,null,WALL,3201,3211,0,1|0,2,STONE,1,1,chunk-3200-3208-20260828-102210
1911,null,WALL,3201,3212,0,1|0,2,STONE,1,1,chunk-3200-3208-20260828-102210
1911,null,WALL,3201,3213,0,1|0,2,STONE,1,1,chunk-3200-3208-20260828-102210
1911,null,WALL,3201,3214,0,1|0,2,STONE,1,1,chunk-3200-3208-20260828-102210
1911,null,WALL,3201,3215,0,1|0,2,STONE,1,1,chunk-3200-3208-20260828-102210
1911,null,WALL,3201,3216,0,1|0,2,STONE,1,1,chunk-3200-3216-20260828-095435
1911,null,WALL,3201,3217,0,1|0,2,STONE,1,1,chunk-3200-3216-20260828-095435
1911,null,WALL,3201,3219,0,1|0,2,STONE,1,1,chunk-3200-3216-20260828-095435
1911,null,WALL,3201,3220,0,1|0,2,STONE,1,1,chunk-3200-3216-20260828-095435
1911,null,WALL,3201,3221,0,1|0,2,STONE,1,1,chunk-3200-3216-20260828-095435
1911,null,WALL,3201,3222,0,1|0,2,STONE,1,1,chunk-3200-3216-20260828-095435
1911,null,WALL,3201,3223,0,1|0,2,STONE,1,1,chunk-3200-3216-20260828-095435
1911,null,WALL,3201,3224,0,1|0,2,STONE,1,2,chunk-3200-3224-20260828-102202|chunk-3200-3224-20260828-103437
1911,null,WALL,3201,3225,0,1|0,2,STONE,1,2,chunk-3200-3224-20260828-102202|chunk-3200-3224-20260828-103437
1911,null,WALL,3201,3226,0,1|0,2,STONE,1,2,chunk-3200-3224-20260828-102202|chunk-3200-3224-20260828-103437
1911,null,WALL,3201,3227,0,1|0,2,STONE,1,2,chunk-3200-3224-20260828-102202|chunk-3200-3224-20260828-103437
1911,null,WALL,3201,3228,0,1|0,2,STONE,1,2,chunk-3200-3224-20260828-102202|chunk-3200-3224-20260828-103437
1911,null,WALL,3201,3229,0,1|0,2,STONE,1,2,chunk-3200-3224-20260828-102202|chunk-3200-3224-20260828-103437
1911,null,WALL,3201,3230,0,1|0,2,STONE,1,2,chunk-3200-3224-20260828-102202|chunk-3200-3224-20260828-103437
1911,null,WALL,3201,3231,0,1|0,2,STONE,1,2,chunk-3200-3224-20260828-102202|chunk-3200-3224-20260828-103437
1911,null,GAME,3202,3202,0,1536,2,STONE,1,1,chunk-3200-3200-20260828-095443
1911,null,WALL,3202,3203,0,128|0,2,STONE,1,1,chunk-3200-3200-20260828-095443
1911,null,GAME,3203,3201,0,1536,2,STONE,1,1,chunk-3200-3200-20260828-095443
1911,null,WALL,3203,3202,0,128|0,2,STONE,1,1,chunk-3200-3200-20260828-095443
1911,null,WALL,3203,3206,0,32|0,2,STONE,1,1,chunk-3200-3200-20260828-095443
1911,null,WALL,3203,3206,1,32|0,2,STONE,1,1,chunk-3200-3200-20260828-095443
1911,null,WALL,3203,3207,0,4|0,2,STONE,1,1,chunk-3200-3200-20260828-095443
1911,null,WALL,3203,3207,1,4|0,2,STONE,1,1,chunk-3200-3200-20260828-095443
1911,null,WALL,3203,3208,0,4|0,2,STONE,1,1,chunk-3200-3208-20260828-102210
1911,null,WALL,3203,3208,1,4|0,2,STONE,1,1,chunk-3200-3208-20260828-102210
1911,null,WALL,3203,3209,0,64|0,2,STONE,1,1,chunk-3200-3208-20260828-102210
1911,null,WALL,3203,3209,1,64|0,2,STONE,1,1,chunk-3200-3208-20260828-102210
1911,null,WALL,3203,3228,0,32|0,2,STONE,1,2,chunk-3200-3224-20260828-102202|chunk-3200-3224-20260828-103437
1911,null,WALL,3203,3228,1,32|0,2,STONE,1,2,chunk-3200-3224-20260828-102202|chunk-3200-3224-20260828-103437
1911,null,WALL,3203,3229,0,4|0,2,STONE,1,2,chunk-3200-3224-20260828-102202|chunk-3200-3224-20260828-103437
1911,null,WALL,3203,3229,1,4|0,2,STONE,1,2,chunk-3200-3224-20260828-102202|chunk-3200-3224-20260828-103437
1911,null,WALL,3203,3230,0,4|0,2,STONE,1,2,chunk-3200-3224-20260828-102202|chunk-3200-3224-20260828-103437
1911,null,WALL,3203,3230,1,4|0,2,STONE,1,2,chunk-3200-3224-20260828-102202|chunk-3200-3224-20260828-103437
1911,null,WALL,3203,3231,0,64|0,2,STONE,1,2,chunk-3200-3224-20260828-102202|chunk-3200-3224-20260828-103437
1911,null,WALL,3203,3231,1,64|0,2,STONE,1,2,chunk-3200-3224-20260828-102202|chunk-3200-3224-20260828-103437
1911,null,WALL,3204,3200,0,16|0,2,STONE,1,1,chunk-3200-3200-20260828-095443
1911,null,WALL,3204,3201,0,8|0,2,STONE,1,1,chunk-3200-3200-20260828-095443
1911,null,WALL,3204,3206,0,2|0,2,STONE,1,1,chunk-3200-3200-20260828-095443
1911,null,WALL,3204,3206,1,2|0,2,STONE,1,1,chunk-3200-3200-20260828-095443
1911,null,GAME,3204,3209,0,1024,2,STONE,1,1,chunk-3200-3208-20260828-102210
1911,null,GAME,3204,3209,1,1024,2,STONE,1,1,chunk-3200-3208-20260828-102210
1911,null,WALL,3204,3210,0,4|0,2,STONE,1,1,chunk-3200-3208-20260828-102210
1911,null,WALL,3204,3210,1,4|0,2,STONE,1,1,chunk-3200-3208-20260828-102210
1911,null,WALL,3204,3211,0,4|0,2,STONE,1,1,chunk-3200-3208-20260828-102210
1911,null,WALL,3204,3211,1,4|0,2,STONE,1,1,chunk-3200-3208-20260828-102210
1911,null,WALL,3204,3212,0,4|0,2,STONE,1,1,chunk-3200-3208-20260828-102210
1911,null,WALL,3204,3212,1,4|0,2,STONE,1,1,chunk-3200-3208-20260828-102210
1911,null,WALL,3204,3213,0,4|0,2,STONE,1,1,chunk-3200-3208-20260828-102210
1911,null,WALL,3204,3213,1,4|0,2,STONE,1,1,chunk-3200-3208-20260828-102210
1911,null,WALL,3204,3214,1,4|0,2,STONE,1,1,chunk-3200-3208-20260828-102210
1911,null,WALL,3204,3215,0,4|0,2,STONE,1,1,chunk-3200-3208-20260828-102210
1911,null,WALL,3204,3215,1,4|0,2,STONE,1,1,chunk-3200-3208-20260828-102210
1911,null,WALL,3204,3216,0,4|0,2,STONE,1,1,chunk-3200-3216-20260828-095435
1911,null,WALL,3204,3216,1,4|0,2,STONE,1,1,chunk-3200-3216-20260828-095435
1911,null,WALL,3204,3217,0,4|0,2,STONE,1,1,chunk-3200-3216-20260828-095435
1911,null,WALL,3204,3217,1,4|0,2,STONE,1,1,chunk-3200-3216-20260828-095435
1911,null,WALL,3204,3218,0,4|0,2,STONE,1,1,chunk-3200-3216-20260828-095435
1911,null,WALL,3204,3218,1,4|0,2,STONE,1,1,chunk-3200-3216-20260828-095435
1911,null,WALL,3204,3219,0,4|0,2,STONE,1,1,chunk-3200-3216-20260828-095435
1911,null,WALL,3204,3219,1,4|0,2,STONE,1,1,chunk-3200-3216-20260828-095435
1911,null,WALL,3204,3220,0,4|0,2,STONE,1,1,chunk-3200-3216-20260828-095435
1911,null,WALL,3204,3220,1,4|0,2,STONE,1,1,chunk-3200-3216-20260828-095435
1911,null,WALL,3204,3221,0,4|0,2,STONE,1,1,chunk-3200-3216-20260828-095435
1911,null,WALL,3204,3221,1,4|0,2,STONE,1,1,chunk-3200-3216-20260828-095435
1911,null,WALL,3204,3222,0,4|0,2,STONE,1,1,chunk-3200-3216-20260828-095435
1911,null,WALL,3204,3222,1,4|0,2,STONE,1,1,chunk-3200-3216-20260828-095435
1911,null,WALL,3204,3223,0,4|0,2,STONE,1,1,chunk-3200-3216-20260828-095435
1911,null,WALL,3204,3223,1,4|0,2,STONE,1,1,chunk-3200-3216-20260828-095435
1911,null,WALL,3204,3224,0,4|0,2,STONE,1,2,chunk-3200-3224-20260828-102202|chunk-3200-3224-20260828-103437
1911,null,WALL,3204,3224,1,4|0,2,STONE,1,2,chunk-3200-3224-20260828-102202|chunk-3200-3224-20260828-103437
1911,null,WALL,3204,3225,0,4|0,2,STONE,1,2,chunk-3200-3224-20260828-102202|chunk-3200-3224-20260828-103437
1911,null,WALL,3204,3225,1,4|0,2,STONE,1,2,chunk-3200-3224-20260828-102202|chunk-3200-3224-20260828-103437
1911,null,WALL,3204,3226,0,4|0,2,STONE,1,2,chunk-3200-3224-20260828-102202|chunk-3200-3224-20260828-103437
1911,null,WALL,3204,3226,1,4|0,2,STONE,1,2,chunk-3200-3224-20260828-102202|chunk-3200-3224-20260828-103437
1911,null,WALL,3204,3227,0,4|0,2,STONE,1,2,chunk-3200-3224-20260828-102202|chunk-3200-3224-20260828-103437
1911,null,WALL,3204,3227,1,4|0,2,STONE,1,2,chunk-3200-3224-20260828-102202|chunk-3200-3224-20260828-103437
1911,null,GAME,3204,3228,0,512,2,STONE,1,2,chunk-3200-3224-20260828-102202|chunk-3200-3224-20260828-103437
1911,null,GAME,3204,3228,1,512,2,STONE,1,2,chunk-3200-3224-20260828-102202|chunk-3200-3224-20260828-103437
1911,null,WALL,3204,3231,0,8|0,2,STONE,1,2,chunk-3200-3224-20260828-102202|chunk-3200-3224-20260828-103437
1911,null,WALL,3204,3231,1,8|0,2,STONE,1,2,chunk-3200-3224-20260828-102202|chunk-3200-3224-20260828-103437
1911,null,WALL,3205,3201,0,8|0,2,STONE,1,1,chunk-3200-3200-20260828-095443
1911,null,WALL,3205,3206,0,2|0,2,STONE,1,1,chunk-3200-3200-20260828-095443
1911,null,WALL,3205,3206,1,2|0,2,STONE,1,1,chunk-3200-3200-20260828-095443
1911,null,WALL,3205,3210,0,8|0,2,STONE,1,1,chunk-3200-3208-20260828-102210
1911,null,WALL,3205,3211,0,2|0,2,STONE,1,1,chunk-3200-3208-20260828-102210
1911,null,WALL,3205,3217,0,2|0,2,STONE,1,1,chunk-3200-3216-20260828-095435
1911,null,WALL,3205,3218,0,128|0,2,STONE,1,1,chunk-3200-3216-20260828-095435
1911,null,WALL,3205,3226,0,2|0,2,STONE,1,2,chunk-3200-3224-20260828-102202|chunk-3200-3224-20260828-103437
1911,null,WALL,3205,3227,0,2|0,2,STONE,1,2,chunk-3200-3224-20260828-102202|chunk-3200-3224-20260828-103437
1911,null,WALL,3205,3231,0,8|0,2,STONE,1,2,chunk-3200-3224-20260828-102202|chunk-3200-3224-20260828-103437
1911,null,WALL,3205,3231,1,8|0,2,STONE,1,2,chunk-3200-3224-20260828-102202|chunk-3200-3224-20260828-103437
1911,null,WALL,3206,3201,0,8|0,2,STONE,1,1,chunk-3200-3200-20260828-095443
1911,null,WALL,3206,3206,0,16|0,2,STONE,1,1,chunk-3200-3200-20260828-095443
1911,null,WALL,3206,3206,1,16|0,2,STONE,1,1,chunk-3200-3200-20260828-095443
1911,null,GAME,3206,3207,0,0,2,STONE,1,1,chunk-3200-3200-20260828-095443
1911,null,GAME,3206,3207,1,0,2,STONE,1,1,chunk-3200-3200-20260828-095443
1911,null,WALL,3206,3211,0,2|0,2,STONE,1,1,chunk-3200-3208-20260828-102210
1911,null,WALL,3206,3214,2,32|0,2,STONE,1,1,chunk-3200-3208-20260828-102210
1911,null,WALL,3206,3215,2,4|0,2,STONE,1,1,chunk-3200-3208-20260828-102210
1911,null,WALL,3206,3216,2,4|0,2,STONE,1,1,chunk-3200-3216-20260828-095435
1911,null,WALL,3206,3217,0,2|0,2,STONE,1,1,chunk-3200-3216-20260828-095435
1911,null,WALL,3206,3217,2,4|0,2,STONE,1,1,chunk-3200-3216-20260828-095435
1911,null,WALL,3206,3218,2,64|0,2,STONE,1,1,chunk-3200-3216-20260828-095435
1911,null,WALL,3206,3219,2,32|0,2,STONE,1,1,chunk-3200-3216-20260828-095435
1911,null,WALL,3206,3220,2,4|0,2,STONE,1,1,chunk-3200-3216-20260828-095435
1911,null,WALL,3206,3221,2,4|0,2,STONE,1,1,chunk-3200-3216-20260828-095435
1911,null,WALL,3206,3222,2,4|0,2,STONE,1,1,chunk-3200-3216-20260828-095435
1911,null,WALL,3206,3223,2,64|0,2,STONE,1,1,chunk-3200-3216-20260828-095435
1911,null,WALL,3206,3226,0,2|0,2,STONE,1,2,chunk-3200-3224-20260828-102202|chunk-3200-3224-20260828-103437
1911,null,GAME,3206,3230,0,1536,2,STONE,1,2,chunk-3200-3224-20260828-102202|chunk-3200-3224-20260828-103437
1911,null,GAME,3206,3230,1,1536,2,STONE,1,2,chunk-3200-3224-20260828-102202|chunk-3200-3224-20260828-103437
1911,null,WALL,3206,3231,0,128|0,2,STONE,1,2,chunk-3200-3224-20260828-102202|chunk-3200-3224-20260828-103437
1911,null,WALL,3206,3231,1,128|0,2,STONE,1,2,chunk-3200-3224-20260828-102202|chunk-3200-3224-20260828-103437
1911,null,WALL,3207,3201,0,8|0,2,STONE,1,1,chunk-3200-3200-20260828-095443
1911,null,WALL,3207,3207,0,16|0,2,STONE,1,1,chunk-3200-3200-20260828-095443
1911,null,WALL,3207,3207,1,16|0,2,STONE,1,1,chunk-3200-3200-20260828-095443
1911,null,WALL,3207,3208,0,1|2,2,STONE,1,1,chunk-3200-3208-20260828-102210
1911,null,WALL,3207,3208,1,1|2,2,STONE,1,1,chunk-3200-3208-20260828-102210
1911,null,WALL,3207,3209,1,4|0,2,STONE,1,1,chunk-3200-3208-20260828-102210
1911,null,WALL,3207,3211,0,2|0,2,STONE,1,1,chunk-3200-3208-20260828-102210
1911,null,WALL,3207,3211,1,4|0,2,STONE,1,1,chunk-3200-3208-20260828-102210
1911,null,WALL,3207,3214,2,2|0,2,STONE,1,1,chunk-3200-3208-20260828-102210
1911,null,WALL,3207,3223,2,8|0,2,STONE,1,1,chunk-3200-3216-20260828-095435
1911,null,WALL,3207,3226,0,2|0,2,STONE,1,2,chunk-3200-3224-20260828-102202|chunk-3200-3224-20260828-103437
1911,null,WALL,3207,3226,1,4|0,2,STONE,1,2,chunk-3200-3224-20260828-102202|chunk-3200-3224-20260828-103437
1911,null,WALL,3207,3228,1,4|0,2,STONE,1,2,chunk-3200-3224-20260828-102202|chunk-3200-3224-20260828-103437
1911,null,WALL,3207,3229,0,8|1,2,STONE,1,2,chunk-3200-3224-20260828-102202|chunk-3200-3224-20260828-103437
1911,null,WALL,3207,3229,1,8|1,2,STONE,1,2,chunk-3200-3224-20260828-102202|chunk-3200-3224-20260828-103437
1911,null,WALL,3207,3230,0,128|0,2,STONE,1,2,chunk-3200-3224-20260828-102202|chunk-3200-3224-20260828-103437
1911,null,WALL,3207,3230,1,128|0,2,STONE,1,2,chunk-3200-3224-20260828-102202|chunk-3200-3224-20260828-103437
1911,null,WALL,3208,3200,0,32|0,2,STONE,1,1,chunk-3208-3200-20260828-102215
1911,null,WALL,3208,3201,0,8|0,2,STONE,1,1,chunk-3208-3200-20260828-102215
1911,null,WALL,3208,3236,0,2|0,2,STONE,1,2,chunk-3208-3232-20260828-095430|chunk-3208-3232-20260828-103429
1911,null,WALL,3208,3237,0,64|0,2,STONE,1,2,chunk-3208-3232-20260828-095430|chunk-3208-3232-20260828-103429
1911,null,WALL,3209,3201,0,8|0,2,STONE,1,1,chunk-3208-3200-20260828-102215
1911,null,WALL,3209,3236,0,2|0,2,STONE,1,2,chunk-3208-3232-20260828-095430|chunk-3208-3232-20260828-103429
1911,null,WALL,3210,3201,0,8|0,2,STONE,1,1,chunk-3208-3200-20260828-102215
1911,null,WALL,3210,3236,0,2|0,2,STONE,1,2,chunk-3208-3232-20260828-095430|chunk-3208-3232-20260828-103429
1911,null,WALL,3211,3201,0,8|0,2,STONE,1,1,chunk-3208-3200-20260828-102215
1911,null,WALL,3211,3236,0,2|0,2,STONE,1,2,chunk-3208-3232-20260828-095430|chunk-3208-3232-20260828-103429
1911,null,WALL,3212,3200,0,32|0,2,STONE,1,1,chunk-3208-3200-20260828-102215
1911,null,WALL,3212,3201,0,8|0,2,STONE,1,1,chunk-3208-3200-20260828-102215
1911,null,WALL,3212,3236,0,2|0,2,STONE,1,2,chunk-3208-3232-20260828-095430|chunk-3208-3232-20260828-103429
1911,null,WALL,3212,3237,0,64|0,2,STONE,1,2,chunk-3208-3232-20260828-095430|chunk-3208-3232-20260828-103429
1911,null,GAME,3213,3201,0,1024,2,STONE,1,1,chunk-3208-3200-20260828-102215
1911,null,WALL,3213,3202,0,64|0,2,STONE,1,1,chunk-3208-3200-20260828-102215
1911,null,WALL,3213,3235,0,32|0,2,STONE,1,2,chunk-3208-3232-20260828-095430|chunk-3208-3232-20260828-103429
1911,null,GAME,3213,3236,0,512,2,STONE,1,2,chunk-3208-3232-20260828-095430|chunk-3208-3232-20260828-103429
1911,null,GAME,3214,3202,0,1024,2,STONE,1,1,chunk-3208-3200-20260828-102215
1911,null,WALL,3214,3203,0,64|0,2,STONE,1,1,chunk-3208-3200-20260828-102215
1911,null,WALL,3214,3234,0,32|0,2,STONE,1,2,chunk-3208-3232-20260828-095430|chunk-3208-3232-20260828-103429
1911,null,GAME,3214,3235,0,512,2,STONE,1,2,chunk-3208-3232-20260828-095430|chunk-3208-3232-20260828-103429
1911,null,WALL,3215,3202,0,16|0,2,STONE,1,1,chunk-3208-3200-20260828-102215
1911,null,WALL,3215,3203,0,8|0,2,STONE,1,1,chunk-3208-3200-20260828-102215
1911,null,WALL,3215,3234,0,2|0,2,STONE,1,2,chunk-3208-3232-20260828-095430|chunk-3208-3232-20260828-103429
1911,null,WALL,3215,3235,0,128|0,2,STONE,1,2,chunk-3208-3232-20260828-095430|chunk-3208-3232-20260828-103429
1911,null,WALL,3216,3203,0,8|0,2,STONE,1,1,chunk-3216-3200-20260828-095451
1911,null,WALL,3216,3225,0,2|0,2,STONE,1,1,chunk-3216-3224-20260828-102155
1911,null,GAME,3216,3227,0,1536,2,STONE,1,1,chunk-3216-3224-20260828-102155
1911,null,WALL,3216,3228,0,128|0,2,STONE,1,1,chunk-3216-3224-20260828-102155
1911,null,WALL,3216,3234,0,2|0,2,STONE,1,1,chunk-3216-3232-20260828-095423
1911,null,WALL,3217,3203,0,8|0,2,STONE,1,1,chunk-3216-3200-20260828-095451
1911,null,WALL,3217,3216,0,1|0,2,STONE,1,2,chunk-3216-3216-20260828-095414|chunk-3216-3216-20260828-102146
1911,null,WALL,3217,3217,0,1|0,2,STONE,1,2,chunk-3216-3216-20260828-095414|chunk-3216-3216-20260828-102146
1911,null,WALL,3217,3220,0,1|0,2,STONE,1,2,chunk-3216-3216-20260828-095414|chunk-3216-3216-20260828-102146
1911,null,WALL,3217,3221,0,1|0,2,STONE,1,2,chunk-3216-3216-20260828-095414|chunk-3216-3216-20260828-102146
1911,null,WALL,3217,3222,0,1|0,2,STONE,1,2,chunk-3216-3216-20260828-095414|chunk-3216-3216-20260828-102146
1911,null,WALL,3217,3223,0,1|0,2,STONE,1,2,chunk-3216-3216-20260828-095414|chunk-3216-3216-20260828-102146
1911,null,WALL,3217,3224,0,1|0,2,STONE,1,1,chunk-3216-3224-20260828-102155
1911,null,WALL,3217,3225,0,1|0,2,STONE,1,1,chunk-3216-3224-20260828-102155
1911,null,WALL,3217,3226,0,1|0,2,STONE,1,1,chunk-3216-3224-20260828-102155
1911,null,WALL,3217,3227,0,128|0,2,STONE,1,1,chunk-3216-3224-20260828-102155
1911,null,WALL,3217,3234,0,2|0,2,STONE,1,1,chunk-3216-3232-20260828-095423
1911,null,WALL,3218,3203,0,8|0,2,STONE,1,1,chunk-3216-3200-20260828-095451
1911,null,WALL,3218,3234,0,2|0,2,STONE,1,1,chunk-3216-3232-20260828-095423
1911,null,WALL,3219,3203,0,8|0,2,STONE,1,1,chunk-3216-3200-20260828-095451
1911,null,WALL,3219,3234,0,2|0,2,STONE,1,1,chunk-3216-3232-20260828-095423
1911,null,WALL,3220,3202,0,32|0,2,STONE,1,1,chunk-3216-3200-20260828-095451
1911,null,WALL,3220,3203,0,8|0,2,STONE,1,1,chunk-3216-3200-20260828-095451
1911,null,WALL,3220,3234,0,2|0,2,STONE,1,1,chunk-3216-3232-20260828-095423
1911,null,WALL,3220,3235,0,64|0,2,STONE,1,1,chunk-3216-3232-20260828-095423
1911,null,GAME,3221,3203,0,1024,2,STONE,1,1,chunk-3216-3200-20260828-095451
1911,null,WALL,3221,3204,0,64|0,2,STONE,1,1,chunk-3216-3200-20260828-095451
1911,null,WALL,3221,3233,0,32|0,2,STONE,1,1,chunk-3216-3232-20260828-095423
1911,null,GAME,3221,3234,0,512,2,STONE,1,1,chunk-3216-3232-20260828-095423
1911,null,WALL,3222,3205,0,64|0,2,STONE,1,1,chunk-3216-3200-20260828-095451
1911,null,WALL,3222,3232,0,32|0,2,STONE,1,1,chunk-3216-3232-20260828-095423
1911,null,GAME,3222,3233,0,512,2,STONE,1,1,chunk-3216-3232-20260828-095423
1911,null,GAME,3223,3205,0,1024,2,STONE,1,1,chunk-3216-3200-20260828-095451
1911,null,WALL,3223,3206,0,64|0,2,STONE,1,1,chunk-3216-3200-20260828-095451
1911,null,WALL,3223,3231,0,32|0,2,STONE,1,1,chunk-3216-3224-20260828-102155
1911,null,WALL,3225,3208,0,64|0,2,STONE,1,1,chunk-3224-3208-20260828-102221
1911,null,GAME,3226,3208,0,1024,2,STONE,1,1,chunk-3224-3208-20260828-102221
1911,null,WALL,3226,3209,0,4|0,2,STONE,1,1,chunk-3224-3208-20260828-102221
1911,null,WALL,3226,3210,0,4|0,2,STONE,1,1,chunk-3224-3208-20260828-102221
1911,null,WALL,3226,3211,0,4|0,2,STONE,1,1,chunk-3224-3208-20260828-102221
1911,null,WALL,3226,3212,0,4|0,2,STONE,1,1,chunk-3224-3208-20260828-102221
1911,null,WALL,3226,3213,0,4|0,2,STONE,1,1,chunk-3224-3208-20260828-102221
1911,null,WALL,3226,3213,1,4|0,2,STONE,1,1,chunk-3224-3208-20260828-102221
1911,null,WALL,3226,3214,1,4|0,2,STONE,1,1,chunk-3224-3208-20260828-102221
1911,null,WALL,3226,3215,0,4|0,2,STONE,1,1,chunk-3224-3208-20260828-102221
1911,null,WALL,3226,3215,1,4|0,2,STONE,1,1,chunk-3224-3208-20260828-102221
1911,null,WALL,3226,3216,0,64|0,2,STONE,1,1,chunk-3224-3216-20260828-103417
1911,null,WALL,3226,3216,1,64|0,2,STONE,1,1,chunk-3224-3216-20260828-103417
1911,null,WALL,3226,3221,0,32|0,2,STONE,1,1,chunk-3224-3216-20260828-103417
1911,null,WALL,3226,3221,1,32|0,2,STONE,1,1,chunk-3224-3216-20260828-103417
1911,null,WALL,3226,3222,0,4|0,2,STONE,1,1,chunk-3224-3216-20260828-103417
1911,null,WALL,3226,3222,1,4|0,2,STONE,1,1,chunk-3224-3216-20260828-103417
1911,null,WALL,3226,3223,1,4|0,2,STONE,1,1,chunk-3224-3216-20260828-103417
1911,null,WALL,3227,3209,0,128|0,2,STONE,1,1,chunk-3224-3208-20260828-102221
1911,null,WALL,3227,3211,0,32|0,2,STONE,1,1,chunk-3224-3208-20260828-102221
1911,null,WALL,3227,3211,1,32|0,2,STONE,1,1,chunk-3224-3208-20260828-102221
1911,null,GAME,3227,3212,0,512,2,STONE,1,1,chunk-3224-3208-20260828-102221
1911,null,GAME,3227,3212,1,512,2,STONE,1,1,chunk-3224-3208-20260828-102221
1911,null,GAME,3227,3216,0,1024,2,STONE,1,1,chunk-3224-3216-20260828-103417
1911,null,GAME,3227,3216,1,1024,2,STONE,1,1,chunk-3224-3216-20260828-103417
1911,null,WALL,3227,3217,0,64|0,2,STONE,1,1,chunk-3224-3216-20260828-103417
1911,null,WALL,3227,3217,1,64|0,2,STONE,1,1,chunk-3224-3216-20260828-103417
1911,null,WALL,3227,3220,0,32|0,2,STONE,1,1,chunk-3224-3216-20260828-103417
1911,null,WALL,3227,3220,1,32|0,2,STONE,1,1,chunk-3224-3216-20260828-103417
1911,null,GAME,3227,3221,0,512,2,STONE,1,1,chunk-3224-3216-20260828-103417
1911,null,GAME,3227,3221,1,512,2,STONE,1,1,chunk-3224-3216-20260828-103417
1911,null,WALL,3228,3211,0,2|0,2,STONE,1,1,chunk-3224-3208-20260828-102221
1911,null,WALL,3228,3211,1,2|0,2,STONE,1,1,chunk-3224-3208-20260828-102221
1911,null,WALL,3228,3217,0,8|0,2,STONE,1,1,chunk-3224-3216-20260828-103417
1911,null,WALL,3228,3217,1,8|0,2,STONE,1,1,chunk-3224-3216-20260828-103417
1911,null,WALL,3228,3220,0,2|0,2,STONE,1,1,chunk-3224-3216-20260828-103417
1911,null,WALL,3228,3220,1,2|0,2,STONE,1,1,chunk-3224-3216-20260828-103417
1911,null,WALL,3229,3211,0,2|0,2,STONE,1,1,chunk-3224-3208-20260828-102221
1911,null,WALL,3229,3211,1,2|0,2,STONE,1,1,chunk-3224-3208-20260828-102221
1911,null,WALL,3229,3217,0,8|0,2,STONE,1,1,chunk-3224-3216-20260828-103417
1911,null,WALL,3229,3217,1,8|0,2,STONE,1,1,chunk-3224-3216-20260828-103417
1911,null,WALL,3229,3220,0,2|0,2,STONE,1,1,chunk-3224-3216-20260828-103417
1911,null,WALL,3229,3220,1,2|0,2,STONE,1,1,chunk-3224-3216-20260828-103417
1911,null,WALL,3230,3211,0,16|0,2,STONE,1,1,chunk-3224-3208-20260828-102221
1911,null,WALL,3230,3211,1,16|0,2,STONE,1,1,chunk-3224-3208-20260828-102221
1911,null,GAME,3230,3212,0,0,2,STONE,1,1,chunk-3224-3208-20260828-102221
1911,null,GAME,3230,3212,1,0,2,STONE,1,1,chunk-3224-3208-20260828-102221
1911,null,GAME,3230,3216,0,1536,2,STONE,1,1,chunk-3224-3216-20260828-103417
1911,null,GAME,3230,3216,1,1536,2,STONE,1,1,chunk-3224-3216-20260828-103417
1911,null,WALL,3230,3217,0,1|0,2,STONE,1,1,chunk-3224-3216-20260828-103417
1911,null,WALL,3230,3217,1,1|0,2,STONE,1,1,chunk-3224-3216-20260828-103417
1911,null,WALL,3230,3220,0,1|0,2,STONE,1,1,chunk-3224-3216-20260828-103417
1911,null,WALL,3230,3220,1,1|0,2,STONE,1,1,chunk-3224-3216-20260828-103417
1911,null,GAME,3230,3221,0,0,2,STONE,1,1,chunk-3224-3216-20260828-103417
1911,null,GAME,3230,3221,1,0,2,STONE,1,1,chunk-3224-3216-20260828-103417
1911,null,WALL,3231,3212,0,16|0,2,STONE,1,1,chunk-3224-3208-20260828-102221
1911,null,WALL,3231,3212,1,16|0,2,STONE,1,1,chunk-3224-3208-20260828-102221
1911,null,WALL,3231,3213,0,1|0,2,STONE,1,1,chunk-3224-3208-20260828-102221
1911,null,WALL,3231,3213,1,1|0,2,STONE,1,1,chunk-3224-3208-20260828-102221
1911,null,WALL,3231,3214,0,1|0,2,STONE,1,1,chunk-3224-3208-20260828-102221
1911,null,WALL,3231,3214,1,1|0,2,STONE,1,1,chunk-3224-3208-20260828-102221
1911,null,WALL,3231,3215,0,1|0,2,STONE,1,1,chunk-3224-3208-20260828-102221
1911,null,WALL,3231,3215,1,1|0,2,STONE,1,1,chunk-3224-3208-20260828-102221
1911,null,WALL,3231,3216,0,128|0,2,STONE,1,1,chunk-3224-3216-20260828-103417
1911,null,WALL,3231,3216,1,128|0,2,STONE,1,1,chunk-3224-3216-20260828-103417
1911,null,WALL,3231,3221,0,16|0,2,STONE,1,1,chunk-3224-3216-20260828-103417
1911,null,WALL,3231,3221,1,16|0,2,STONE,1,1,chunk-3224-3216-20260828-103417
1911,null,WALL,3231,3222,0,1|0,2,STONE,1,1,chunk-3224-3216-20260828-103417
1911,null,WALL,3231,3222,1,1|0,2,STONE,1,1,chunk-3224-3216-20260828-103417
1911,null,WALL,3231,3223,0,1|0,2,STONE,1,1,chunk-3224-3216-20260828-103417
1911,null,WALL,3231,3223,1,1|0,2,STONE,1,1,chunk-3224-3216-20260828-103417
1911,null,WALL,3237,3201,0,64|0,2,STONE,1,1,chunk-3232-3200-20260828-102136
1911,null,WALL,3237,3202,0,32|0,2,STONE,1,1,chunk-3232-3200-20260828-102136
1913,null,WALL,3200,3204,1,64|0,2,STONE,1,1,chunk-3200-3200-20260828-095443
1913,null,WALL,3200,3208,1,32|0,2,STONE,1,1,chunk-3200-3208-20260828-102210
1913,null,WALL,3200,3213,1,32|0,2,STONE,1,1,chunk-3200-3208-20260828-102210
1913,null,WALL,3200,3224,1,64|0,2,STONE,1,2,chunk-3200-3224-20260828-102202|chunk-3200-3224-20260828-103437
1913,null,WALL,3200,3229,1,64|0,2,STONE,1,2,chunk-3200-3224-20260828-102202|chunk-3200-3224-20260828-103437
1913,null,WALL,3203,3206,2,32|0,2,STONE,1,1,chunk-3200-3200-20260828-095443
1913,null,WALL,3203,3207,2,4|0,2,STONE,1,1,chunk-3200-3200-20260828-095443
1913,null,WALL,3203,3208,2,4|0,2,STONE,1,1,chunk-3200-3208-20260828-102210
1913,null,WALL,3203,3209,2,64|0,2,STONE,1,1,chunk-3200-3208-20260828-102210
1913,null,WALL,3203,3228,2,32|0,2,STONE,1,2,chunk-3200-3224-20260828-102202|chunk-3200-3224-20260828-103437
1913,null,WALL,3203,3229,2,4|0,2,STONE,1,2,chunk-3200-3224-20260828-102202|chunk-3200-3224-20260828-103437
1913,null,WALL,3203,3230,2,4|0,2,STONE,1,2,chunk-3200-3224-20260828-102202|chunk-3200-3224-20260828-103437
1913,null,WALL,3203,3231,2,64|0,2,STONE,1,2,chunk-3200-3224-20260828-102202|chunk-3200-3224-20260828-103437
1913,null,WALL,3204,3200,1,16|0,2,STONE,1,1,chunk-3200-3200-20260828-095443
1913,null,WALL,3204,3206,2,2|0,2,STONE,1,1,chunk-3200-3200-20260828-095443
1913,null,GAME,3204,3209,2,1024,2,STONE,1,1,chunk-3200-3208-20260828-102210
1913,null,WALL,3204,3210,2,4|0,2,STONE,1,1,chunk-3200-3208-20260828-102210
1913,null,WALL,3204,3211,2,4|0,2,STONE,1,1,chunk-3200-3208-20260828-102210
1913,null,WALL,3204,3212,2,4|0,2,STONE,1,1,chunk-3200-3208-20260828-102210
1913,null,WALL,3204,3213,2,4|0,2,STONE,1,1,chunk-3200-3208-20260828-102210
1913,null,WALL,3204,3214,2,4|0,2,STONE,1,1,chunk-3200-3208-20260828-102210
1913,null,WALL,3204,3215,2,4|0,2,STONE,1,1,chunk-3200-3208-20260828-102210
1913,null,WALL,3204,3216,2,4|0,2,STONE,1,1,chunk-3200-3216-20260828-095435
1913,null,WALL,3204,3217,2,4|0,2,STONE,1,1,chunk-3200-3216-20260828-095435
1913,null,WALL,3204,3218,2,4|0,2,STONE,1,1,chunk-3200-3216-20260828-095435
1913,null,WALL,3204,3219,2,4|0,2,STONE,1,1,chunk-3200-3216-20260828-095435
1913,null,WALL,3204,3220,2,4|0,2,STONE,1,1,chunk-3200-3216-20260828-095435
1913,null,WALL,3204,3221,2,4|0,2,STONE,1,1,chunk-3200-3216-20260828-095435
1913,null,WALL,3204,3222,2,4|0,2,STONE,1,1,chunk-3200-3216-20260828-095435
1913,null,WALL,3204,3223,2,4|0,2,STONE,1,1,chunk-3200-3216-20260828-095435
1913,null,WALL,3204,3224,2,4|0,2,STONE,1,2,chunk-3200-3224-20260828-102202|chunk-3200-3224-20260828-103437
1913,null,WALL,3204,3225,2,4|0,2,STONE,1,2,chunk-3200-3224-20260828-102202|chunk-3200-3224-20260828-103437
1913,null,WALL,3204,3226,2,4|0,2,STONE,1,2,chunk-3200-3224-20260828-102202|chunk-3200-3224-20260828-103437
1913,null,WALL,3204,3227,2,4|0,2,STONE,1,2,chunk-3200-3224-20260828-102202|chunk-3200-3224-20260828-103437
1913,null,GAME,3204,3228,2,512,2,STONE,1,2,chunk-3200-3224-20260828-102202|chunk-3200-3224-20260828-103437
1913,null,WALL,3204,3231,2,8|0,2,STONE,1,2,chunk-3200-3224-20260828-102202|chunk-3200-3224-20260828-103437
1913,null,WALL,3205,3206,2,2|0,2,STONE,1,1,chunk-3200-3200-20260828-095443
1913,null,WALL,3205,3231,2,8|0,2,STONE,1,2,chunk-3200-3224-20260828-102202|chunk-3200-3224-20260828-103437
1913,null,WALL,3206,3206,2,16|0,2,STONE,1,1,chunk-3200-3200-20260828-095443
1913,null,GAME,3206,3207,2,0,2,STONE,1,1,chunk-3200-3200-20260828-095443
1913,null,WALL,3206,3214,3,32|0,2,STONE,1,1,chunk-3200-3208-20260828-102210
1913,null,WALL,3206,3215,3,4|0,2,STONE,1,1,chunk-3200-3208-20260828-102210
1913,null,WALL,3206,3216,3,4|0,2,STONE,1,1,chunk-3200-3216-20260828-095435
1913,null,WALL,3206,3217,3,4|0,2,STONE,1,1,chunk-3200-3216-20260828-095435
1913,null,WALL,3206,3218,3,4|0,2,STONE,1,1,chunk-3200-3216-20260828-095435
1913,null,WALL,3206,3219,3,4|0,2,STONE,1,1,chunk-3200-3216-20260828-095435
1913,null,WALL,3206,3220,3,4|0,2,STONE,1,1,chunk-3200-3216-20260828-095435
1913,null,WALL,3206,3221,3,4|0,2,STONE,1,1,chunk-3200-3216-20260828-095435
1913,null,WALL,3206,3222,3,4|0,2,STONE,1,1,chunk-3200-3216-20260828-095435
1913,null,WALL,3206,3223,3,64|0,2,STONE,1,1,chunk-3200-3216-20260828-095435
1913,null,GAME,3206,3230,2,1536,2,STONE,1,2,chunk-3200-3224-20260828-102202|chunk-3200-3224-20260828-103437
1913,null,WALL,3206,3231,2,128|0,2,STONE,1,2,chunk-3200-3224-20260828-102202|chunk-3200-3224-20260828-103437
1913,null,WALL,3207,3207,2,16|0,2,STONE,1,1,chunk-3200-3200-20260828-095443
1913,null,WALL,3207,3208,2,1|2,2,STONE,1,1,chunk-3200-3208-20260828-102210
1913,null,WALL,3207,3209,2,4|0,2,STONE,1,1,chunk-3200-3208-20260828-102210
1913,null,WALL,3207,3210,2,4|0,2,STONE,1,1,chunk-3200-3208-20260828-102210
1913,null,WALL,3207,3211,2,4|0,2,STONE,1,1,chunk-3200-3208-20260828-102210
1913,null,WALL,3207,3214,3,2|0,2,STONE,1,1,chunk-3200-3208-20260828-102210
1913,null,WALL,3207,3223,3,8|0,2,STONE,1,1,chunk-3200-3216-20260828-095435
1913,null,WALL,3207,3226,2,4|0,2,STONE,1,2,chunk-3200-3224-20260828-102202|chunk-3200-3224-20260828-103437
1913,null,WALL,3207,3227,2,4|0,2,STONE,1,2,chunk-3200-3224-20260828-102202|chunk-3200-3224-20260828-103437
1913,null,WALL,3207,3228,2,4|0,2,STONE,1,2,chunk-3200-3224-20260828-102202|chunk-3200-3224-20260828-103437
1913,null,WALL,3207,3229,2,8|1,2,STONE,1,2,chunk-3200-3224-20260828-102202|chunk-3200-3224-20260828-103437
1913,null,WALL,3207,3230,2,128|0,2,STONE,1,2,chunk-3200-3224-20260828-102202|chunk-3200-3224-20260828-103437
1913,null,WALL,3208,3200,1,32|0,2,STONE,1,1,chunk-3208-3200-20260828-102215
1913,null,WALL,3208,3237,1,64|0,2,STONE,1,2,chunk-3208-3232-20260828-095430|chunk-3208-3232-20260828-103429
1913,null,WALL,3212,3200,1,32|0,2,STONE,1,1,chunk-3208-3200-20260828-102215
1913,null,WALL,3212,3237,1,64|0,2,STONE,1,2,chunk-3208-3232-20260828-095430|chunk-3208-3232-20260828-103429
1913,null,WALL,3215,3202,1,16|0,2,STONE,1,1,chunk-3208-3200-20260828-102215
1913,null,WALL,3215,3235,1,128|0,2,STONE,1,2,chunk-3208-3232-20260828-095430|chunk-3208-3232-20260828-103429
1913,null,GAME,3216,3227,1,1536,2,STONE,1,1,chunk-3216-3224-20260828-102155
1913,null,WALL,3216,3228,1,128|0,2,STONE,1,1,chunk-3216-3224-20260828-102155
1913,null,WALL,3217,3216,1,1|0,2,STONE,1,2,chunk-3216-3216-20260828-095414|chunk-3216-3216-20260828-102146
1913,null,WALL,3217,3217,1,1|0,2,STONE,1,2,chunk-3216-3216-20260828-095414|chunk-3216-3216-20260828-102146
1913,null,WALL,3217,3218,1,1|0,2,STONE,1,2,chunk-3216-3216-20260828-095414|chunk-3216-3216-20260828-102146
1913,null,WALL,3217,3219,1,1|0,2,STONE,1,2,chunk-3216-3216-20260828-095414|chunk-3216-3216-20260828-102146
1913,null,WALL,3217,3220,1,1|0,2,STONE,1,2,chunk-3216-3216-20260828-095414|chunk-3216-3216-20260828-102146
1913,null,WALL,3217,3221,1,1|0,2,STONE,1,2,chunk-3216-3216-20260828-095414|chunk-3216-3216-20260828-102146
1913,null,WALL,3217,3222,1,1|0,2,STONE,1,2,chunk-3216-3216-20260828-095414|chunk-3216-3216-20260828-102146
1913,null,WALL,3217,3223,1,1|0,2,STONE,1,2,chunk-3216-3216-20260828-095414|chunk-3216-3216-20260828-102146
1913,null,WALL,3217,3224,1,1|0,2,STONE,1,1,chunk-3216-3224-20260828-102155
1913,null,WALL,3217,3225,1,1|0,2,STONE,1,1,chunk-3216-3224-20260828-102155
1913,null,WALL,3217,3226,1,1|0,2,STONE,1,1,chunk-3216-3224-20260828-102155
1913,null,WALL,3217,3227,1,128|0,2,STONE,1,1,chunk-3216-3224-20260828-102155
1913,null,WALL,3220,3202,1,32|0,2,STONE,1,1,chunk-3216-3200-20260828-095451
1913,null,WALL,3220,3235,1,64|0,2,STONE,1,1,chunk-3216-3232-20260828-095423
1913,null,WALL,3226,3212,2,32|0,2,STONE,1,1,chunk-3224-3208-20260828-102221
1913,null,WALL,3226,3213,2,4|0,2,STONE,1,1,chunk-3224-3208-20260828-102221
1913,null,WALL,3226,3214,2,4|0,2,STONE,1,1,chunk-3224-3208-20260828-102221
1913,null,WALL,3226,3215,2,4|0,2,STONE,1,1,chunk-3224-3208-20260828-102221
1913,null,WALL,3226,3216,2,4|0,2,STONE,1,1,chunk-3224-3216-20260828-103417
1913,null,WALL,3226,3217,2,4|0,2,STONE,1,1,chunk-3224-3216-20260828-103417
1913,null,WALL,3226,3218,2,4|0,2,STONE,1,1,chunk-3224-3216-20260828-103417
1913,null,WALL,3226,3219,2,4|0,2,STONE,1,1,chunk-3224-3216-20260828-103417
1913,null,WALL,3226,3220,2,4|0,2,STONE,1,1,chunk-3224-3216-20260828-103417
1913,null,WALL,3226,3221,2,4|0,2,STONE,1,1,chunk-3224-3216-20260828-103417
1913,null,WALL,3226,3222,2,4|0,2,STONE,1,1,chunk-3224-3216-20260828-103417
1913,null,WALL,3226,3223,2,4|0,2,STONE,1,1,chunk-3224-3216-20260828-103417
1913,null,WALL,3227,3209,1,128|0,2,STONE,1,1,chunk-3224-3208-20260828-102221
1913,null,WALL,3227,3211,2,32|0,2,STONE,1,1,chunk-3224-3208-20260828-102221
1913,null,GAME,3227,3212,2,512,2,STONE,1,1,chunk-3224-3208-20260828-102221
1913,null,WALL,3228,3211,2,2|0,2,STONE,1,1,chunk-3224-3208-20260828-102221
1913,null,WALL,3229,3211,2,2|0,2,STONE,1,1,chunk-3224-3208-20260828-102221
1913,null,WALL,3230,3211,2,16|0,2,STONE,1,1,chunk-3224-3208-20260828-102221
1913,null,GAME,3230,3212,2,0,2,STONE,1,1,chunk-3224-3208-20260828-102221
1913,null,WALL,3231,3212,2,16|0,2,STONE,1,1,chunk-3224-3208-20260828-102221
1913,null,WALL,3231,3213,2,1|0,2,STONE,1,1,chunk-3224-3208-20260828-102221
1913,null,WALL,3231,3214,2,1|0,2,STONE,1,1,chunk-3224-3208-20260828-102221
1913,null,WALL,3231,3215,2,1|0,2,STONE,1,1,chunk-3224-3208-20260828-102221
1913,null,WALL,3231,3216,2,1|0,2,STONE,1,1,chunk-3224-3216-20260828-103417
1913,null,WALL,3231,3217,2,1|0,2,STONE,1,1,chunk-3224-3216-20260828-103417
1913,null,WALL,3231,3218,2,1|0,2,STONE,1,1,chunk-3224-3216-20260828-103417
1913,null,WALL,3231,3219,2,1|0,2,STONE,1,1,chunk-3224-3216-20260828-103417
1913,null,WALL,3231,3220,2,1|0,2,STONE,1,1,chunk-3224-3216-20260828-103417
1913,null,WALL,3231,3221,2,1|0,2,STONE,1,1,chunk-3224-3216-20260828-103417
1913,null,WALL,3231,3222,2,1|0,2,STONE,1,1,chunk-3224-3216-20260828-103417
1913,null,WALL,3231,3223,2,1|0,2,STONE,1,1,chunk-3224-3216-20260828-103417
1924,null,GAME,3229,3208,1,1536,2|6,STONE,5,1,chunk-3224-3208-20260828-102221
1924,null,GAME,3230,3208,1,1536,2|6,STONE,5,1,chunk-3224-3208-20260828-102221
1924,null,GAME,3231,3208,1,1536,2|6,STONE,5,1,chunk-3224-3208-20260828-102221
1924,null,GAME,3232,3206,1,512,2|6,STONE,5,1,chunk-3232-3200-20260828-102136
1924,null,GAME,3232,3208,1,1536,2|6,STONE,5,1,chunk-3232-3208-20260828-095402
1924,null,GAME,3233,3206,1,512,2|6,STONE,5,1,chunk-3232-3200-20260828-102136
1924,null,GAME,3233,3208,1,1536,2|6,STONE,5,1,chunk-3232-3208-20260828-095402
1924,null,GAME,3238,3209,1,512,2|6,STONE,5,1,chunk-3232-3208-20260828-095402
1924,null,GAME,3238,3210,1,1536,2|6,STONE,5,1,chunk-3232-3208-20260828-095402
1924,null,GAME,3238,3211,1,1536,2|6,STONE,5,1,chunk-3232-3208-20260828-095402
1924,null,GAME,3239,3209,1,512,2|6,STONE,5,1,chunk-3232-3208-20260828-095402
1924,null,GAME,3239,3210,1,1536,2|6,STONE,5,1,chunk-3232-3208-20260828-095402
1924,null,GAME,3239,3211,1,1536,2|6,STONE,5,1,chunk-3232-3208-20260828-095402
1938,null,DECORATIVE,3200,3205,0,2,,UNKNOWN,0,1,chunk-3200-3200-20260828-095443
1938,null,DECORATIVE,3200,3208,0,2,,UNKNOWN,0,1,chunk-3200-3208-20260828-102210
1938,null,DECORATIVE,3200,3212,0,2,,UNKNOWN,0,1,chunk-3200-3208-20260828-102210
1938,null,DECORATIVE,3200,3215,0,2,,UNKNOWN,0,1,chunk-3200-3208-20260828-102210
1938,null,DECORATIVE,3200,3221,0,2,,UNKNOWN,0,1,chunk-3200-3216-20260828-095435
1938,null,DECORATIVE,3200,3224,0,2,,UNKNOWN,0,2,chunk-3200-3224-20260828-102202|chunk-3200-3224-20260828-103437
1938,null,DECORATIVE,3200,3228,0,2,,UNKNOWN,0,2,chunk-3200-3224-20260828-102202|chunk-3200-3224-20260828-103437
1938,null,DECORATIVE,3201,3205,0,0,,UNKNOWN,0,1,chunk-3200-3200-20260828-095443
1938,null,DECORATIVE,3201,3208,0,0,,UNKNOWN,0,1,chunk-3200-3208-20260828-102210
1938,null,DECORATIVE,3201,3212,0,0,,UNKNOWN,0,1,chunk-3200-3208-20260828-102210
1938,null,DECORATIVE,3201,3215,0,0,,UNKNOWN,0,1,chunk-3200-3208-20260828-102210
1938,null,DECORATIVE,3201,3221,0,0,,UNKNOWN,0,1,chunk-3200-3216-20260828-095435
1938,null,DECORATIVE,3201,3224,0,0,,UNKNOWN,0,2,chunk-3200-3224-20260828-102202|chunk-3200-3224-20260828-103437
1938,null,DECORATIVE,3201,3228,0,0,,UNKNOWN,0,2,chunk-3200-3224-20260828-102202|chunk-3200-3224-20260828-103437
1938,null,DECORATIVE,3203,3207,1,2,,UNKNOWN,0,1,chunk-3200-3200-20260828-095443
1938,null,DECORATIVE,3203,3230,1,2,,UNKNOWN,0,2,chunk-3200-3224-20260828-102202|chunk-3200-3224-20260828-103437
1938,null,DECORATIVE,3204,3206,0,1,,UNKNOWN,0,1,chunk-3200-3200-20260828-095443
1938,null,DECORATIVE,3204,3207,0,3,,UNKNOWN,0,1,chunk-3200-3200-20260828-095443
1938,null,DECORATIVE,3204,3207,1,0,,UNKNOWN,0,1,chunk-3200-3200-20260828-095443
1938,null,DECORATIVE,3204,3211,0,2,,UNKNOWN,0,1,chunk-3200-3208-20260828-102210
1938,null,DECORATIVE,3204,3213,1,2,,UNKNOWN,0,1,chunk-3200-3208-20260828-102210
1938,null,DECORATIVE,3204,3217,0,2,,UNKNOWN,0,1,chunk-3200-3216-20260828-095435
1938,null,DECORATIVE,3204,3217,1,2,,UNKNOWN,0,1,chunk-3200-3216-20260828-095435
1938,null,DECORATIVE,3204,3220,1,2,,UNKNOWN,0,1,chunk-3200-3216-20260828-095435
1938,null,DECORATIVE,3204,3224,1,2,,UNKNOWN,0,2,chunk-3200-3224-20260828-102202|chunk-3200-3224-20260828-103437
1938,null,DECORATIVE,3204,3230,0,1,,UNKNOWN,0,2,chunk-3200-3224-20260828-102202|chunk-3200-3224-20260828-103437
1938,null,DECORATIVE,3204,3230,1,0,,UNKNOWN,0,2,chunk-3200-3224-20260828-102202|chunk-3200-3224-20260828-103437
1938,null,DECORATIVE,3204,3231,0,3,,UNKNOWN,0,2,chunk-3200-3224-20260828-102202|chunk-3200-3224-20260828-103437
1938,null,DECORATIVE,3205,3200,0,1,,UNKNOWN,0,1,chunk-3200-3200-20260828-095443
1938,null,DECORATIVE,3205,3201,0,3,,UNKNOWN,0,1,chunk-3200-3200-20260828-095443
1938,null,DECORATIVE,3205,3206,1,1,,UNKNOWN,0,1,chunk-3200-3200-20260828-095443
1938,null,DECORATIVE,3205,3207,1,3,,UNKNOWN,0,1,chunk-3200-3200-20260828-095443
1938,null,DECORATIVE,3205,3211,0,0,,UNKNOWN,0,1,chunk-3200-3208-20260828-102210
1938,null,DECORATIVE,3205,3213,1,0,,UNKNOWN,0,1,chunk-3200-3208-20260828-102210
1938,null,DECORATIVE,3205,3217,0,0,,UNKNOWN,0,1,chunk-3200-3216-20260828-095435
1938,null,DECORATIVE,3205,3217,1,0,,UNKNOWN,0,1,chunk-3200-3216-20260828-095435
1938,null,DECORATIVE,3205,3220,1,0,,UNKNOWN,0,1,chunk-3200-3216-20260828-095435
1938,null,DECORATIVE,3205,3224,1,0,,UNKNOWN,0,2,chunk-3200-3224-20260828-102202|chunk-3200-3224-20260828-103437
1938,null,DECORATIVE,3205,3230,1,1,,UNKNOWN,0,2,chunk-3200-3224-20260828-102202|chunk-3200-3224-20260828-103437
1938,null,DECORATIVE,3205,3231,1,3,,UNKNOWN,0,2,chunk-3200-3224-20260828-102202|chunk-3200-3224-20260828-103437
1938,null,DECORATIVE,3206,3221,2,2,,UNKNOWN,0,1,chunk-3200-3216-20260828-095435
1938,null,DECORATIVE,3207,3221,2,0,,UNKNOWN,0,1,chunk-3200-3216-20260828-095435
1938,null,DECORATIVE,3208,3200,0,1,,UNKNOWN,0,1,chunk-3208-3200-20260828-102215
1938,null,DECORATIVE,3208,3201,0,3,,UNKNOWN,0,1,chunk-3208-3200-20260828-102215
1938,null,DECORATIVE,3208,3236,0,1,,UNKNOWN,0,2,chunk-3208-3232-20260828-095430|chunk-3208-3232-20260828-103429
1938,null,DECORATIVE,3208,3237,0,3,,UNKNOWN,0,2,chunk-3208-3232-20260828-095430|chunk-3208-3232-20260828-103429
1938,null,DECORATIVE,3211,3200,0,1,,UNKNOWN,0,1,chunk-3208-3200-20260828-102215
1938,null,DECORATIVE,3211,3201,0,3,,UNKNOWN,0,1,chunk-3208-3200-20260828-102215
1938,null,DECORATIVE,3211,3236,0,1,,UNKNOWN,0,2,chunk-3208-3232-20260828-095430|chunk-3208-3232-20260828-103429
1938,null,DECORATIVE,3211,3237,0,3,,UNKNOWN,0,2,chunk-3208-3232-20260828-095430|chunk-3208-3232-20260828-103429
1938,null,DECORATIVE,3216,3202,0,1,,UNKNOWN,0,1,chunk-3216-3200-20260828-095451
1938,null,DECORATIVE,3216,3203,0,3,,UNKNOWN,0,1,chunk-3216-3200-20260828-095451
1938,null,DECORATIVE,3216,3223,0,2,,UNKNOWN,0,2,chunk-3216-3216-20260828-095414|chunk-3216-3216-20260828-102146
1938,null,DECORATIVE,3216,3226,0,2,,UNKNOWN,0,1,chunk-3216-3224-20260828-102155
1938,null,DECORATIVE,3216,3234,0,1,,UNKNOWN,0,1,chunk-3216-3232-20260828-095423
1938,null,DECORATIVE,3216,3235,0,3,,UNKNOWN,0,1,chunk-3216-3232-20260828-095423
1938,null,DECORATIVE,3217,3223,0,0,,UNKNOWN,0,2,chunk-3216-3216-20260828-095414|chunk-3216-3216-20260828-102146
1938,null,DECORATIVE,3217,3226,0,0,,UNKNOWN,0,1,chunk-3216-3224-20260828-102155
1938,null,DECORATIVE,3219,3202,0,1,,UNKNOWN,0,1,chunk-3216-3200-20260828-095451
1938,null,DECORATIVE,3219,3203,0,3,,UNKNOWN,0,1,chunk-3216-3200-20260828-095451
1938,null,DECORATIVE,3219,3234,0,1,,UNKNOWN,0,1,chunk-3216-3232-20260828-095423
1938,null,DECORATIVE,3219,3235,0,3,,UNKNOWN,0,1,chunk-3216-3232-20260828-095423
1938,null,DECORATIVE,3226,3210,0,2,,UNKNOWN,0,1,chunk-3224-3208-20260828-102221
1938,null,DECORATIVE,3226,3213,1,2,,UNKNOWN,0,1,chunk-3224-3208-20260828-102221
1938,null,DECORATIVE,3226,3215,1,2,,UNKNOWN,0,1,chunk-3224-3208-20260828-102221
1938,null,DECORATIVE,3226,3222,1,2,,UNKNOWN,0,1,chunk-3224-3216-20260828-103417
1938,null,DECORATIVE,3227,3210,0,0,,UNKNOWN,0,1,chunk-3224-3208-20260828-102221
1938,null,DECORATIVE,3227,3213,1,0,,UNKNOWN,0,1,chunk-3224-3208-20260828-102221
1938,null,DECORATIVE,3227,3215,1,0,,UNKNOWN,0,1,chunk-3224-3208-20260828-102221
1938,null,DECORATIVE,3227,3222,1,0,,UNKNOWN,0,1,chunk-3224-3216-20260828-103417
1938,null,DECORATIVE,3228,3216,1,1,,UNKNOWN,0,1,chunk-3224-3216-20260828-103417
1938,null,DECORATIVE,3228,3217,1,3,,UNKNOWN,0,1,chunk-3224-3216-20260828-103417
1938,null,DECORATIVE,3228,3220,1,1,,UNKNOWN,0,1,chunk-3224-3216-20260828-103417
1938,null,DECORATIVE,3228,3221,1,3,,UNKNOWN,0,1,chunk-3224-3216-20260828-103417
1938,null,DECORATIVE,3229,3211,1,1,,UNKNOWN,0,1,chunk-3224-3208-20260828-102221
1938,null,DECORATIVE,3229,3212,1,3,,UNKNOWN,0,1,chunk-3224-3208-20260828-102221
1938,null,DECORATIVE,3230,3213,1,2,,UNKNOWN,0,1,chunk-3224-3208-20260828-102221
1938,null,DECORATIVE,3230,3215,1,2,,UNKNOWN,0,1,chunk-3224-3208-20260828-102221
1938,null,DECORATIVE,3230,3222,1,2,,UNKNOWN,0,1,chunk-3224-3216-20260828-103417
1938,null,DECORATIVE,3231,3213,1,0,,UNKNOWN,0,1,chunk-3224-3208-20260828-102221
1938,null,DECORATIVE,3231,3215,1,0,,UNKNOWN,0,1,chunk-3224-3208-20260828-102221
1938,null,DECORATIVE,3231,3222,1,0,,UNKNOWN,0,1,chunk-3224-3216-20260828-103417
196,null,DECORATIVE,3205,3219,0,0,,UNKNOWN,0,1,chunk-3200-3216-20260828-095435
196,null,DECORATIVE,3205,3225,0,0,,UNKNOWN,0,2,chunk-3200-3224-20260828-102202|chunk-3200-3224-20260828-103437
196,null,DECORATIVE,3207,3211,0,1,,UNKNOWN,0,1,chunk-3200-3208-20260828-102210
196,null,DECORATIVE,3207,3212,0,3,,UNKNOWN,0,1,chunk-3200-3208-20260828-102210
196,null,DECORATIVE,3207,3213,1,2,,UNKNOWN,0,1,chunk-3200-3208-20260828-102210
196,null,DECORATIVE,3207,3215,1,2,,UNKNOWN,0,1,chunk-3200-3208-20260828-102210
196,null,DECORATIVE,3207,3217,2,0,,UNKNOWN,0,1,chunk-3200-3216-20260828-095435
196,null,DECORATIVE,3207,3220,2,0,,UNKNOWN,0,1,chunk-3200-3216-20260828-095435
196,null,DECORATIVE,3207,3221,1,2,,UNKNOWN,0,1,chunk-3200-3216-20260828-095435
196,null,DECORATIVE,3207,3222,2,1,,UNKNOWN,0,1,chunk-3200-3216-20260828-095435
196,null,DECORATIVE,3207,3223,1,2,,UNKNOWN,0,1,chunk-3200-3216-20260828-095435
196,null,DECORATIVE,3216,3217,0,2,,UNKNOWN,0,2,chunk-3216-3216-20260828-095414|chunk-3216-3216-20260828-102146
196,null,DECORATIVE,3216,3220,0,2,,UNKNOWN,0,2,chunk-3216-3216-20260828-095414|chunk-3216-3216-20260828-102146
196,null,DECORATIVE,3227,3212,0,1,,UNKNOWN,0,1,chunk-3224-3208-20260828-102221
196,null,DECORATIVE,3227,3212,1,1,,UNKNOWN,0,1,chunk-3224-3208-20260828-102221
196,null,DECORATIVE,3227,3216,1,2,,UNKNOWN,0,1,chunk-3224-3216-20260828-103417
196,null,DECORATIVE,3227,3221,1,1,,UNKNOWN,0,1,chunk-3224-3216-20260828-103417
196,null,DECORATIVE,3230,3212,0,0,,UNKNOWN,0,1,chunk-3224-3208-20260828-102221
196,null,DECORATIVE,3230,3212,1,0,,UNKNOWN,0,1,chunk-3224-3208-20260828-102221
196,null,DECORATIVE,3230,3216,0,3,,UNKNOWN,0,1,chunk-3224-3216-20260828-103417
196,null,DECORATIVE,3230,3216,1,3,,UNKNOWN,0,1,chunk-3224-3216-20260828-103417
196,null,DECORATIVE,3230,3221,0,0,,UNKNOWN,0,1,chunk-3224-3216-20260828-103417
196,null,DECORATIVE,3230,3221,1,0,,UNKNOWN,0,1,chunk-3224-3216-20260828-103417
202,Candles,GAME,3205,3212,1,512,,UNKNOWN,0,1,chunk-3200-3208-20260828-102210
202,Candles,GAME,3205,3216,1,512,,UNKNOWN,0,1,chunk-3200-3216-20260828-095435
202,Candles,GAME,3205,3221,1,512,,UNKNOWN,0,1,chunk-3200-3216-20260828-095435
202,Candles,GAME,3205,3225,1,512,,UNKNOWN,0,2,chunk-3200-3224-20260828-102202|chunk-3200-3224-20260828-103437
23590,null,GROUND,3234,3214,0,0,,UNKNOWN,0,1,chunk-3232-3208-20260828-095402
24123,null,WALL,3207,3219,2,2|0,,UNKNOWN,0,1,chunk-3200-3216-20260828-095435
24124,null,WALL,3207,3218,2,8|0,,UNKNOWN,0,1,chunk-3200-3216-20260828-095435
24970,Fireplace,GAME,3205,3222,0,0,,UNKNOWN,0,1,chunk-3200-3216-20260828-095435
255,Winch,GAME,3230,3218,2,1024,,UNKNOWN,0,1,chunk-3224-3216-20260828-103417
255,Winch,GAME,3230,3219,2,1024,,UNKNOWN,0,1,chunk-3224-3216-20260828-103417
2736,null,GROUND,3233,3203,0,0,,UNKNOWN,0,1,chunk-3232-3200-20260828-102136
2771,null,GROUND,3222,3226,0,0,,UNKNOWN,0,1,chunk-3216-3224-20260828-102155
2877,Barrel,GAME,3228,3221,1,1024,16,WOOD,1,1,chunk-3224-3216-20260828-103417
29714,null,GAME,3230,3215,0,512,,UNKNOWN,0,1,chunk-3224-3208-20260828-102221
29715,null,GAME,3223,3220,0,0,8,FOLIAGE,1,2,chunk-3216-3216-20260828-095414|chunk-3216-3216-20260828-102146
3007,null,WALL,3240,3225,0,8|0,46,STONE,5,1,chunk-3240-3224-20260828-095506
3007,null,WALL,3240,3226,0,2|0,46,STONE,5,1,chunk-3240-3224-20260828-095506
3007,null,WALL,3241,3225,0,8|0,46,STONE,5,1,chunk-3240-3224-20260828-095506
3007,null,WALL,3241,3226,0,2|0,46,STONE,5,1,chunk-3240-3224-20260828-095506
3007,null,WALL,3242,3225,0,8|0,46,STONE,5,1,chunk-3240-3224-20260828-095506
3007,null,WALL,3242,3226,0,2|0,46,STONE,5,1,chunk-3240-3224-20260828-095506
3007,null,WALL,3243,3225,0,8|0,46,STONE,5,1,chunk-3240-3224-20260828-095506
3007,null,WALL,3243,3226,0,2|0,46,STONE,5,1,chunk-3240-3224-20260828-095506
3007,null,WALL,3244,3225,0,8|0,46,STONE,5,1,chunk-3240-3224-20260828-095506
3007,null,WALL,3244,3226,0,2|0,46,STONE,5,1,chunk-3240-3224-20260828-095506
3007,null,WALL,3245,3225,0,8|0,46,STONE,5,1,chunk-3240-3224-20260828-095506
3007,null,WALL,3245,3226,0,2|0,46,STONE,5,1,chunk-3240-3224-20260828-095506
3007,null,WALL,3246,3225,0,8|0,46,STONE,5,1,chunk-3240-3224-20260828-095506
3007,null,WALL,3246,3226,0,2|0,46,STONE,5,1,chunk-3240-3224-20260828-095506
3007,null,WALL,3247,3225,0,8|0,46,STONE,5,1,chunk-3240-3224-20260828-095506
3007,null,WALL,3247,3226,0,2|0,46,STONE,5,1,chunk-3240-3224-20260828-095506
320,null,GROUND,3247,3228,0,3,,UNKNOWN,0,1,chunk-3240-3224-20260828-095506
320,null,GROUND,3247,3230,0,0,,UNKNOWN,0,1,chunk-3240-3224-20260828-095506
321,null,GROUND,3247,3229,0,1,,UNKNOWN,0,1,chunk-3240-3224-20260828-095506
324,null,GROUND,3208,3201,0,0,,UNKNOWN,0,1,chunk-3208-3200-20260828-102215
324,null,GROUND,3208,3236,0,2,,UNKNOWN,0,2,chunk-3208-3232-20260828-095430|chunk-3208-3232-20260828-103429
324,null,GROUND,3217,3203,0,3,,UNKNOWN,0,1,chunk-3216-3200-20260828-095451
324,null,GROUND,3217,3234,0,3,,UNKNOWN,0,1,chunk-3216-3232-20260828-095423
324,null,GROUND,3240,3227,0,2,,UNKNOWN,0,1,chunk-3240-3224-20260828-095506
325,null,GROUND,3204,3201,0,0,,UNKNOWN,0,1,chunk-3200-3200-20260828-095443
325,null,GROUND,3205,3201,0,3,,UNKNOWN,0,1,chunk-3200-3200-20260828-095443
325,null,GROUND,3207,3201,0,2,,UNKNOWN,0,1,chunk-3200-3200-20260828-095443
325,null,GROUND,3209,3201,0,1,,UNKNOWN,0,1,chunk-3208-3200-20260828-102215
325,null,GROUND,3209,3236,0,2,,UNKNOWN,0,2,chunk-3208-3232-20260828-095430|chunk-3208-3232-20260828-103429
325,null,GROUND,3210,3201,0,0,,UNKNOWN,0,1,chunk-3208-3200-20260828-102215
325,null,GROUND,3212,3201,0,3,,UNKNOWN,0,1,chunk-3208-3200-20260828-102215
325,null,GROUND,3212,3236,0,3,,UNKNOWN,0,2,chunk-3208-3232-20260828-095430|chunk-3208-3232-20260828-103429
325,null,GROUND,3213,3202,0,2,,UNKNOWN,0,1,chunk-3208-3200-20260828-102215
325,null,GROUND,3214,3234,0,0,,UNKNOWN,0,2,chunk-3208-3232-20260828-095430|chunk-3208-3232-20260828-103429
325,null,GROUND,3215,3234,0,1,,UNKNOWN,0,2,chunk-3208-3232-20260828-095430|chunk-3208-3232-20260828-103429
325,null,GROUND,3216,3203,0,1,,UNKNOWN,0,1,chunk-3216-3200-20260828-095451
325,null,GROUND,3219,3203,0,0,,UNKNOWN,0,1,chunk-3216-3200-20260828-095451
325,null,GROUND,3219,3234,0,2,,UNKNOWN,0,1,chunk-3216-3232-20260828-095423
325,null,GROUND,3221,3233,0,0,,UNKNOWN,0,1,chunk-3216-3232-20260828-095423
325,null,GROUND,3222,3232,0,1,,UNKNOWN,0,1,chunk-3216-3232-20260828-095423
325,null,GROUND,3226,3212,0,3,,UNKNOWN,0,1,chunk-3224-3208-20260828-102221
325,null,GROUND,3226,3213,0,2,,UNKNOWN,0,1,chunk-3224-3208-20260828-102221
325,null,GROUND,3240,3228,0,2,,UNKNOWN,0,1,chunk-3240-3224-20260828-095506
325,null,GROUND,3241,3227,0,3,,UNKNOWN,0,1,chunk-3240-3224-20260828-095506
326,null,GROUND,3206,3201,0,1,,UNKNOWN,0,1,chunk-3200-3200-20260828-095443
326,null,GROUND,3210,3236,0,3,,UNKNOWN,0,2,chunk-3208-3232-20260828-095430|chunk-3208-3232-20260828-103429
326,null,GROUND,3211,3201,0,0,,UNKNOWN,0,1,chunk-3208-3200-20260828-102215
326,null,GROUND,3213,3235,0,0,,UNKNOWN,0,2,chunk-3208-3232-20260828-095430|chunk-3208-3232-20260828-103429
326,null,GROUND,3215,3203,0,3,,UNKNOWN,0,1,chunk-3208-3200-20260828-102215
326,null,GROUND,3216,3234,0,1,,UNKNOWN,0,1,chunk-3216-3232-20260828-095423
326,null,GROUND,3218,3234,0,2,,UNKNOWN,0,1,chunk-3216-3232-20260828-095423
326,null,GROUND,3220,3203,0,2,,UNKNOWN,0,1,chunk-3216-3200-20260828-095451
326,null,GROUND,3220,3234,0,3,,UNKNOWN,0,1,chunk-3216-3232-20260828-095423
326,null,GROUND,3226,3209,0,1,,UNKNOWN,0,1,chunk-3224-3208-20260828-102221
326,null,GROUND,3226,3211,0,0,,UNKNOWN,0,1,chunk-3224-3208-20260828-102221
326,null,GROUND,3241,3224,0,3,,UNKNOWN,0,1,chunk-3240-3224-20260828-095506
33150,null,GROUND,3238,3220,0,0,,UNKNOWN,0,1,chunk-3232-3216-20260828-102126
33151,null,GROUND,3206,3221,2,0,,UNKNOWN,0,1,chunk-3200-3216-20260828-095435
33160,null,GROUND,3219,3239,0,0,,UNKNOWN,0,1,chunk-3216-3232-20260828-095423
33162,null,GROUND,3232,3223,0,0,,UNKNOWN,0,1,chunk-3232-3216-20260828-102126
335,null,GROUND,3236,3203,0,3,,UNKNOWN,0,1,chunk-3232-3200-20260828-102136
336,null,GROUND,3200,3217,0,1,,UNKNOWN,0,1,chunk-3200-3216-20260828-095435
336,null,GROUND,3200,3219,0,0,,UNKNOWN,0,1,chunk-3200-3216-20260828-095435
336,null,GROUND,3204,3214,0,0,,UNKNOWN,0,1,chunk-3200-3208-20260828-102210
336,null,GROUND,3220,3226,0,2,,UNKNOWN,0,1,chunk-3216-3224-20260828-102155
336,null,GROUND,3220,3227,0,3,,UNKNOWN,0,1,chunk-3216-3224-20260828-102155
336,null,GROUND,3221,3217,0,1,,UNKNOWN,0,2,chunk-3216-3216-20260828-095414|chunk-3216-3216-20260828-102146
336,null,GROUND,3222,3224,0,0,,UNKNOWN,0,1,chunk-3216-3224-20260828-102155
336,null,GROUND,3222,3228,0,0,,UNKNOWN,0,1,chunk-3216-3224-20260828-102155
336,null,GROUND,3223,3218,0,3,,UNKNOWN,0,2,chunk-3216-3216-20260828-095414|chunk-3216-3216-20260828-102146
336,null,GROUND,3223,3227,0,1,,UNKNOWN,0,1,chunk-3216-3224-20260828-102155
336,null,GROUND,3225,3220,0,0,,UNKNOWN,0,1,chunk-3224-3216-20260828-103417
336,null,GROUND,3226,3214,0,2,,UNKNOWN,0,1,chunk-3224-3208-20260828-102221
336,null,GROUND,3226,3219,0,2,,UNKNOWN,0,1,chunk-3224-3216-20260828-103417
336,null,GROUND,3226,3223,0,2,,UNKNOWN,0,1,chunk-3224-3216-20260828-103417
336,null,GROUND,3228,3219,0,1,,UNKNOWN,0,1,chunk-3224-3216-20260828-103417
336,null,GROUND,3231,3218,0,0,,UNKNOWN,0,1,chunk-3224-3216-20260828-103417
336,null,GROUND,3233,3218,0,2,,UNKNOWN,0,1,chunk-3232-3216-20260828-102126
336,null,GROUND,3234,3203,0,0,,UNKNOWN,0,1,chunk-3232-3200-20260828-102136
336,null,GROUND,3234,3211,0,3,,UNKNOWN,0,1,chunk-3232-3208-20260828-095402
336,null,GROUND,3234,3219,0,0,,UNKNOWN,0,1,chunk-3232-3216-20260828-102126
336,null,GROUND,3235,3201,0,1,,UNKNOWN,0,1,chunk-3232-3200-20260828-102136
336,null,GROUND,3235,3209,0,3,,UNKNOWN,0,1,chunk-3232-3208-20260828-095402
336,null,GROUND,3235,3212,0,0,,UNKNOWN,0,1,chunk-3232-3208-20260828-095402
336,null,GROUND,3235,3214,0,2,,UNKNOWN,0,1,chunk-3232-3208-20260828-095402
336,null,GROUND,3235,3216,0,3,,UNKNOWN,0,1,chunk-3232-3216-20260828-102126
336,null,GROUND,3235,3221,0,3,,UNKNOWN,0,1,chunk-3232-3216-20260828-102126
336,null,GROUND,3236,3200,0,0,,UNKNOWN,0,1,chunk-3232-3200-20260828-102136
336,null,GROUND,3236,3205,0,0,,UNKNOWN,0,1,chunk-3232-3200-20260828-102136
336,null,GROUND,3236,3207,0,1,,UNKNOWN,0,1,chunk-3232-3200-20260828-102136
336,null,GROUND,3237,3210,0,1,,UNKNOWN,0,1,chunk-3232-3208-20260828-095402
336,null,GROUND,3238,3200,0,0,,UNKNOWN,0,1,chunk-3232-3200-20260828-102136
336,null,GROUND,3245,3225,0,0,,UNKNOWN,0,1,chunk-3240-3224-20260828-095506
336,null,GROUND,3246,3226,0,3,,UNKNOWN,0,1,chunk-3240-3224-20260828-095506
3457,null,WALL,3237,3200,0,4|0,,UNKNOWN,0,1,chunk-3232-3200-20260828-102136
3457,null,WALL,3237,3203,0,4|0,,UNKNOWN,0,1,chunk-3232-3200-20260828-102136
3457,null,WALL,3238,3203,0,2|0,,UNKNOWN,0,1,chunk-3232-3200-20260828-102136
3457,null,WALL,3239,3203,0,2|0,,UNKNOWN,0,1,chunk-3232-3200-20260828-102136
34738,null,GAME,3233,3200,0,512,8,FOLIAGE,1,1,chunk-3232-3200-20260828-102136
3474,null,DECORATIVE,3233,3202,0,2,,UNKNOWN,0,1,chunk-3232-3200-20260828-102136
3474,null,DECORATIVE,3233,3204,0,2,,UNKNOWN,0,1,chunk-3232-3200-20260828-102136
3474,null,DECORATIVE,3234,3202,0,0,,UNKNOWN,0,1,chunk-3232-3200-20260828-102136
3474,null,DECORATIVE,3234,3208,0,0,,UNKNOWN,0,1,chunk-3232-3208-20260828-095402
3474,null,DECORATIVE,3238,3209,0,0,,UNKNOWN,0,1,chunk-3232-3208-20260828-095402
3474,null,DECORATIVE,3238,3211,0,0,,UNKNOWN,0,1,chunk-3232-3208-20260828-095402
3547,null,GROUND,3244,3231,0,3,,UNKNOWN,0,1,chunk-3240-3224-20260828-095506
357,Crate,GAME,3228,3212,1,0,16,WOOD,1,1,chunk-3224-3208-20260828-102221
358,Crate,GAME,3229,3221,1,512,16,WOOD,1,1,chunk-3224-3216-20260828-103417
362,Barrel,GAME,3200,3219,0,1024,16,WOOD,1,1,chunk-3200-3216-20260828-095435
362,Barrel,GAME,3204,3215,0,1024,16,WOOD,1,1,chunk-3200-3208-20260828-102210
362,Barrel,GAME,3205,3210,0,1024,16,WOOD,1,1,chunk-3200-3208-20260828-102210
362,Barrel,GAME,3205,3211,0,1024,16,WOOD,1,1,chunk-3200-3208-20260828-102210
364,Barrel,GAME,3227,3222,2,1536,16,WOOD,1,1,chunk-3224-3216-20260828-103417
364,Barrel,GAME,3228,3216,0,0,16,WOOD,1,1,chunk-3224-3216-20260828-103417
365,Sacks,GAME,3200,3217,0,1024,,UNKNOWN,0,1,chunk-3200-3216-20260828-095435
365,Sacks,GAME,3205,3218,2,0,,UNKNOWN,0,1,chunk-3200-3216-20260828-095435
365,Sacks,GAME,3205,3222,2,0,,UNKNOWN,0,1,chunk-3200-3216-20260828-095435
3684,null,GROUND,3203,3214,0,1,,UNKNOWN,0,1,chunk-3200-3208-20260828-102210
3684,null,GROUND,3218,3218,0,3,,UNKNOWN,0,2,chunk-3216-3216-20260828-095414|chunk-3216-3216-20260828-102146
3684,null,GROUND,3218,3219,0,3,,UNKNOWN,0,2,chunk-3216-3216-20260828-095414|chunk-3216-3216-20260828-102146
3684,null,GROUND,3219,3218,0,3,,UNKNOWN,0,2,chunk-3216-3216-20260828-095414|chunk-3216-3216-20260828-102146
3684,null,GROUND,3219,3219,0,3,,UNKNOWN,0,2,chunk-3216-3216-20260828-095414|chunk-3216-3216-20260828-102146
3684,null,GROUND,3220,3218,0,3,,UNKNOWN,0,2,chunk-3216-3216-20260828-095414|chunk-3216-3216-20260828-102146
3684,null,GROUND,3220,3219,0,3,,UNKNOWN,0,2,chunk-3216-3216-20260828-095414|chunk-3216-3216-20260828-102146
3744,null,WALL,3204,3214,0,2|0,,UNKNOWN,0,1,chunk-3200-3208-20260828-102210
380,Bookcase,GAME,3232,3206,0,1536,20,WOOD,1,1,chunk-3232-3200-20260828-102136
42521,null,GROUND,3205,3215,0,0,,UNKNOWN,0,1,chunk-3200-3208-20260828-102210
42755,null,GROUND,3207,3213,0,2,,UNKNOWN,0,1,chunk-3200-3208-20260828-102210
42835,null,GAME,3217,3235,0,1024,,UNKNOWN,0,1,chunk-3216-3232-20260828-095423
44603,null,GAME,3240,3229,0,1536,,UNKNOWN,0,1,chunk-3240-3224-20260828-095506
44603,null,WALL,3240,3230,0,1|0,,UNKNOWN,0,1,chunk-3240-3224-20260828-095506
44603,null,GAME,3241,3228,0,1536,,UNKNOWN,0,1,chunk-3240-3224-20260828-095506
44603,null,GAME,3242,3224,0,0,,UNKNOWN,0,1,chunk-3240-3224-20260828-095506
44603,null,GAME,3242,3227,0,1536,,UNKNOWN,0,1,chunk-3240-3224-20260828-095506
44603,null,WALL,3242,3227,0,8|0,,UNKNOWN,0,1,chunk-3240-3224-20260828-095506
44603,null,WALL,3243,3224,0,2|0,,UNKNOWN,0,1,chunk-3240-3224-20260828-095506
44603,null,WALL,3243,3227,0,8|0,,UNKNOWN,0,1,chunk-3240-3224-20260828-095506
44603,null,WALL,3244,3224,0,2|0,,UNKNOWN,0,1,chunk-3240-3224-20260828-095506
44603,null,WALL,3244,3227,0,8|0,,UNKNOWN,0,1,chunk-3240-3224-20260828-095506
44603,null,WALL,3244,3231,0,4|0,,UNKNOWN,0,1,chunk-3240-3224-20260828-095506
44603,null,WALL,3245,3224,0,2|0,,UNKNOWN,0,1,chunk-3240-3224-20260828-095506
44603,null,WALL,3245,3227,0,8|0,,UNKNOWN,0,1,chunk-3240-3224-20260828-095506
44603,null,GAME,3245,3230,0,1536,,UNKNOWN,0,1,chunk-3240-3224-20260828-095506
44603,null,WALL,3246,3224,0,2|0,,UNKNOWN,0,1,chunk-3240-3224-20260828-095506
44603,null,WALL,3246,3227,0,8|0,,UNKNOWN,0,1,chunk-3240-3224-20260828-095506
44603,null,GAME,3246,3229,0,1536,,UNKNOWN,0,1,chunk-3240-3224-20260828-095506
44603,null,WALL,3247,3224,0,2|0,,UNKNOWN,0,1,chunk-3240-3224-20260828-095506
44603,null,WALL,3247,3227,0,1|0,,UNKNOWN,0,1,chunk-3240-3224-20260828-095506
44603,null,WALL,3247,3228,0,1|0,,UNKNOWN,0,1,chunk-3240-3224-20260828-095506
44782,null,GAME,3220,3220,0,1536,8,FOLIAGE,1,2,chunk-3216-3216-20260828-095414|chunk-3216-3216-20260828-102146
4641,Stacked barrels,GAME,3227,3215,2,1536,16,WOOD,1,1,chunk-3224-3208-20260828-102221
4641,Stacked barrels,GAME,3227,3223,2,0,16,WOOD,1,1,chunk-3224-3216-20260828-103417
4641,Stacked barrels,GAME,3228,3216,1,0,16,WOOD,1,1,chunk-3224-3216-20260828-103417
4641,Stacked barrels,GAME,3229,3216,0,1536,16,WOOD,1,1,chunk-3224-3216-20260828-103417
4641,Stacked barrels,GAME,3229,3221,0,1536,16,WOOD,1,1,chunk-3224-3216-20260828-103417
4735,null,GROUND,3200,3200,0,2,,UNKNOWN,0,1,chunk-3200-3200-20260828-095443
4735,null,GROUND,3200,3201,0,2,,UNKNOWN,0,1,chunk-3200-3200-20260828-095443
4735,null,GROUND,3200,3202,0,2,,UNKNOWN,0,1,chunk-3200-3200-20260828-095443
4735,null,GROUND,3200,3203,0,3,,UNKNOWN,0,1,chunk-3200-3200-20260828-095443
4735,null,GROUND,3200,3208,0,2,,UNKNOWN,0,1,chunk-3200-3208-20260828-102210
4735,null,GROUND,3200,3209,0,3,,UNKNOWN,0,1,chunk-3200-3208-20260828-102210
4735,null,GROUND,3200,3213,0,2,,UNKNOWN,0,1,chunk-3200-3208-20260828-102210
4735,null,GROUND,3200,3220,0,2,,UNKNOWN,0,1,chunk-3200-3216-20260828-095435
4735,null,GROUND,3200,3224,0,2,,UNKNOWN,0,2,chunk-3200-3224-20260828-102202|chunk-3200-3224-20260828-103437
4735,null,GROUND,3201,3200,0,2,,UNKNOWN,0,1,chunk-3200-3200-20260828-095443
4735,null,GROUND,3201,3201,0,2,,UNKNOWN,0,1,chunk-3200-3200-20260828-095443
4735,null,GROUND,3202,3200,0,2,,UNKNOWN,0,1,chunk-3200-3200-20260828-095443
4735,null,GROUND,3203,3211,0,3,,UNKNOWN,0,1,chunk-3200-3208-20260828-102210
4735,null,GROUND,3203,3213,0,3,,UNKNOWN,0,1,chunk-3200-3208-20260828-102210
4735,null,GROUND,3203,3216,0,0,,UNKNOWN,0,1,chunk-3200-3216-20260828-095435
4735,null,GROUND,3203,3217,0,3,,UNKNOWN,0,1,chunk-3200-3216-20260828-095435
4735,null,GROUND,3203,3218,0,3,,UNKNOWN,0,1,chunk-3200-3216-20260828-095435
4735,null,GROUND,3203,3220,0,3,,UNKNOWN,0,1,chunk-3200-3216-20260828-095435
4735,null,GROUND,3203,3221,0,3,,UNKNOWN,0,1,chunk-3200-3216-20260828-095435
4735,null,GROUND,3203,3223,0,2,,UNKNOWN,0,1,chunk-3200-3216-20260828-095435
4735,null,GROUND,3203,3224,0,3,,UNKNOWN,0,2,chunk-3200-3224-20260828-102202|chunk-3200-3224-20260828-103437
4735,null,GROUND,3203,3226,0,1,,UNKNOWN,0,2,chunk-3200-3224-20260828-102202|chunk-3200-3224-20260828-103437
4735,null,GROUND,3203,3231,0,0,,UNKNOWN,0,2,chunk-3200-3224-20260828-102202|chunk-3200-3224-20260828-103437
4735,null,GROUND,3204,3200,0,2,,UNKNOWN,0,1,chunk-3200-3200-20260828-095443
4735,null,GROUND,3204,3203,0,1,,UNKNOWN,0,1,chunk-3200-3200-20260828-095443
4735,null,GROUND,3205,3200,0,2,,UNKNOWN,0,1,chunk-3200-3200-20260828-095443
4735,null,GROUND,3207,3205,0,1,,UNKNOWN,0,1,chunk-3200-3200-20260828-095443
4735,null,GROUND,3207,3207,0,2,,UNKNOWN,0,1,chunk-3200-3200-20260828-095443
4735,null,GROUND,3207,3230,0,0,,UNKNOWN,0,2,chunk-3200-3224-20260828-102202|chunk-3200-3224-20260828-103437
4735,null,GROUND,3207,3231,0,2,,UNKNOWN,0,2,chunk-3200-3224-20260828-102202|chunk-3200-3224-20260828-103437
4735,null,GROUND,3208,3200,0,2,,UNKNOWN,0,1,chunk-3208-3200-20260828-102215
4735,null,GROUND,3208,3232,0,1,,UNKNOWN,0,2,chunk-3208-3232-20260828-095430|chunk-3208-3232-20260828-103429
4735,null,GROUND,3209,3232,0,0,,UNKNOWN,0,2,chunk-3208-3232-20260828-095430|chunk-3208-3232-20260828-103429
4735,null,GROUND,3209,3233,0,0,,UNKNOWN,0,2,chunk-3208-3232-20260828-095430|chunk-3208-3232-20260828-103429
4735,null,GROUND,3209,3234,0,2,,UNKNOWN,0,2,chunk-3208-3232-20260828-095430|chunk-3208-3232-20260828-103429
4735,null,GROUND,3210,3200,0,2,,UNKNOWN,0,1,chunk-3208-3200-20260828-102215
4735,null,GROUND,3210,3207,0,0,,UNKNOWN,0,1,chunk-3208-3200-20260828-102215
4735,null,GROUND,3210,3232,0,3,,UNKNOWN,0,2,chunk-3208-3232-20260828-095430|chunk-3208-3232-20260828-103429
4735,null,GROUND,3210,3233,0,3,,UNKNOWN,0,2,chunk-3208-3232-20260828-095430|chunk-3208-3232-20260828-103429
4735,null,GROUND,3211,3203,0,3,,UNKNOWN,0,1,chunk-3208-3200-20260828-102215
4735,null,GROUND,3211,3232,0,3,,UNKNOWN,0,2,chunk-3208-3232-20260828-095430|chunk-3208-3232-20260828-103429
4735,null,GROUND,3211,3233,0,2,,UNKNOWN,0,2,chunk-3208-3232-20260828-095430|chunk-3208-3232-20260828-103429
4735,null,GROUND,3211,3234,0,2,,UNKNOWN,0,2,chunk-3208-3232-20260828-095430|chunk-3208-3232-20260828-103429
4735,null,GROUND,3211,3239,0,3,,UNKNOWN,0,2,chunk-3208-3232-20260828-095430|chunk-3208-3232-20260828-103429
4735,null,GROUND,3212,3200,0,2,,UNKNOWN,0,1,chunk-3208-3200-20260828-102215
4735,null,GROUND,3212,3207,0,0,,UNKNOWN,0,1,chunk-3208-3200-20260828-102215
4735,null,GROUND,3213,3207,0,3,,UNKNOWN,0,1,chunk-3208-3200-20260828-102215
4735,null,GROUND,3214,3200,0,2,,UNKNOWN,0,1,chunk-3208-3200-20260828-102215
4735,null,GROUND,3214,3205,0,0,,UNKNOWN,0,1,chunk-3208-3200-20260828-102215
4735,null,GROUND,3214,3207,0,3,,UNKNOWN,0,1,chunk-3208-3200-20260828-102215
4735,null,GROUND,3214,3232,0,1,,UNKNOWN,0,2,chunk-3208-3232-20260828-095430|chunk-3208-3232-20260828-103429
4735,null,GROUND,3215,3200,0,2,,UNKNOWN,0,1,chunk-3208-3200-20260828-102215
4735,null,GROUND,3215,3205,0,1,,UNKNOWN,0,1,chunk-3208-3200-20260828-102215
4735,null,GROUND,3215,3238,0,2,,UNKNOWN,0,2,chunk-3208-3232-20260828-095430|chunk-3208-3232-20260828-103429
4735,null,GROUND,3216,3201,0,0,,UNKNOWN,0,1,chunk-3216-3200-20260828-095451
4735,null,GROUND,3216,3206,0,2,,UNKNOWN,0,1,chunk-3216-3200-20260828-095451
4735,null,GROUND,3216,3207,0,3,,UNKNOWN,0,1,chunk-3216-3200-20260828-095451
4735,null,GROUND,3216,3228,0,0,,UNKNOWN,0,1,chunk-3216-3224-20260828-102155
4735,null,GROUND,3216,3229,0,1,,UNKNOWN,0,1,chunk-3216-3224-20260828-102155
4735,null,GROUND,3216,3232,0,3,,UNKNOWN,0,1,chunk-3216-3232-20260828-095423
4735,null,GROUND,3217,3201,0,0,,UNKNOWN,0,1,chunk-3216-3200-20260828-095451
4735,null,GROUND,3217,3225,0,2,,UNKNOWN,0,1,chunk-3216-3224-20260828-102155
4735,null,GROUND,3217,3227,0,3,,UNKNOWN,0,1,chunk-3216-3224-20260828-102155
4735,null,GROUND,3217,3228,0,2,,UNKNOWN,0,1,chunk-3216-3224-20260828-102155
4735,null,GROUND,3217,3237,0,2,,UNKNOWN,0,1,chunk-3216-3232-20260828-095423
4735,null,GROUND,3218,3206,0,1,,UNKNOWN,0,1,chunk-3216-3200-20260828-095451
4735,null,GROUND,3218,3238,0,1,,UNKNOWN,0,1,chunk-3216-3232-20260828-095423
4735,null,GROUND,3219,3205,0,0,,UNKNOWN,0,1,chunk-3216-3200-20260828-095451
4735,null,GROUND,3219,3207,0,2,,UNKNOWN,0,1,chunk-3216-3200-20260828-095451
4735,null,GROUND,3219,3232,0,1,,UNKNOWN,0,1,chunk-3216-3232-20260828-095423
4735,null,GROUND,3219,3236,0,0,,UNKNOWN,0,1,chunk-3216-3232-20260828-095423
4735,null,GROUND,3220,3206,0,3,,UNKNOWN,0,1,chunk-3216-3200-20260828-095451
4735,null,GROUND,3221,3202,0,0,,UNKNOWN,0,1,chunk-3216-3200-20260828-095451
4735,null,GROUND,3221,3207,0,2,,UNKNOWN,0,1,chunk-3216-3200-20260828-095451
4735,null,GROUND,3221,3229,0,1,,UNKNOWN,0,1,chunk-3216-3224-20260828-102155
4735,null,GROUND,3221,3230,0,1,,UNKNOWN,0,1,chunk-3216-3224-20260828-102155
4735,null,GROUND,3222,3202,0,0,,UNKNOWN,0,1,chunk-3216-3200-20260828-095451
4735,null,GROUND,3222,3207,0,0,,UNKNOWN,0,1,chunk-3216-3200-20260828-095451
4735,null,GROUND,3222,3229,0,0,,UNKNOWN,0,1,chunk-3216-3224-20260828-102155
4735,null,GROUND,3222,3230,0,0,,UNKNOWN,0,1,chunk-3216-3224-20260828-102155
4735,null,GROUND,3223,3203,0,0,,UNKNOWN,0,1,chunk-3216-3200-20260828-095451
4735,null,GROUND,3223,3207,0,3,,UNKNOWN,0,1,chunk-3216-3200-20260828-095451
4735,null,GROUND,3223,3224,0,0,,UNKNOWN,0,1,chunk-3216-3224-20260828-102155
4735,null,GROUND,3223,3230,0,0,,UNKNOWN,0,1,chunk-3216-3224-20260828-102155
4735,null,GROUND,3223,3233,0,0,,UNKNOWN,0,1,chunk-3216-3232-20260828-095423
4735,null,GROUND,3224,3211,0,2,,UNKNOWN,0,1,chunk-3224-3208-20260828-102221
4735,null,GROUND,3224,3213,0,1,,UNKNOWN,0,1,chunk-3224-3208-20260828-102221
4735,null,GROUND,3224,3215,0,2,,UNKNOWN,0,1,chunk-3224-3208-20260828-102221
4735,null,GROUND,3224,3216,0,0,,UNKNOWN,0,1,chunk-3224-3216-20260828-103417
4735,null,GROUND,3224,3221,0,0,,UNKNOWN,0,1,chunk-3224-3216-20260828-103417
4735,null,GROUND,3224,3222,0,2,,UNKNOWN,0,1,chunk-3224-3216-20260828-103417
4735,null,GROUND,3226,3221,0,0,,UNKNOWN,0,1,chunk-3224-3216-20260828-103417
4735,null,GROUND,3227,3217,0,0,,UNKNOWN,0,1,chunk-3224-3216-20260828-103417
4735,null,GROUND,3227,3220,0,0,,UNKNOWN,0,1,chunk-3224-3216-20260828-103417
4735,null,GROUND,3230,3217,0,3,,UNKNOWN,0,1,chunk-3224-3216-20260828-103417
4735,null,GROUND,3230,3220,0,2,,UNKNOWN,0,1,chunk-3224-3216-20260828-103417
4735,null,GROUND,3231,3211,0,3,,UNKNOWN,0,1,chunk-3224-3208-20260828-102221
4735,null,GROUND,3231,3212,0,0,,UNKNOWN,0,1,chunk-3224-3208-20260828-102221
4735,null,GROUND,3231,3216,0,0,,UNKNOWN,0,1,chunk-3224-3216-20260828-103417
4735,null,GROUND,3232,3211,0,2,,UNKNOWN,0,1,chunk-3232-3208-20260828-095402
4735,null,GROUND,3232,3214,0,0,,UNKNOWN,0,1,chunk-3232-3208-20260828-095402
4735,null,GROUND,3233,3212,0,0,,UNKNOWN,0,1,chunk-3232-3208-20260828-095402
4735,null,GROUND,3233,3213,0,1,,UNKNOWN,0,1,chunk-3232-3208-20260828-095402
4735,null,GROUND,3234,3207,0,0,,UNKNOWN,0,1,chunk-3232-3200-20260828-102136
4735,null,GROUND,3237,3214,0,3,,UNKNOWN,0,1,chunk-3232-3208-20260828-095402
4735,null,GROUND,3237,3216,0,0,,UNKNOWN,0,1,chunk-3232-3216-20260828-102126
4735,null,GROUND,3238,3205,0,3,,UNKNOWN,0,1,chunk-3232-3200-20260828-102136
4735,null,GROUND,3238,3206,0,2,,UNKNOWN,0,1,chunk-3232-3200-20260828-102136
4735,null,GROUND,3238,3214,0,0,,UNKNOWN,0,1,chunk-3232-3208-20260828-095402
4735,null,GROUND,3238,3215,0,3,,UNKNOWN,0,1,chunk-3232-3208-20260828-095402
4735,null,GROUND,3238,3216,0,3,,UNKNOWN,0,1,chunk-3232-3216-20260828-102126
4735,null,GROUND,3238,3217,0,2,,UNKNOWN,0,1,chunk-3232-3216-20260828-102126
4736,null,GROUND,3200,3204,0,3,,UNKNOWN,0,1,chunk-3200-3200-20260828-095443
4736,null,GROUND,3200,3207,0,0,,UNKNOWN,0,1,chunk-3200-3200-20260828-095443
4736,null,GROUND,3200,3210,0,3,,UNKNOWN,0,1,chunk-3200-3208-20260828-102210
4736,null,GROUND,3200,3212,0,0,,UNKNOWN,0,1,chunk-3200-3208-20260828-102210
4736,null,GROUND,3200,3214,0,3,,UNKNOWN,0,1,chunk-3200-3208-20260828-102210
4736,null,GROUND,3200,3216,0,0,,UNKNOWN,0,1,chunk-3200-3216-20260828-095435
4736,null,GROUND,3200,3221,0,3,,UNKNOWN,0,1,chunk-3200-3216-20260828-095435
4736,null,GROUND,3200,3223,0,0,,UNKNOWN,0,1,chunk-3200-3216-20260828-095435
4736,null,GROUND,3200,3225,0,3,,UNKNOWN,0,2,chunk-3200-3224-20260828-102202|chunk-3200-3224-20260828-103437
4736,null,GROUND,3200,3227,0,0,,UNKNOWN,0,2,chunk-3200-3224-20260828-102202|chunk-3200-3224-20260828-103437
4736,null,GROUND,3200,3228,0,3,,UNKNOWN,0,2,chunk-3200-3224-20260828-102202|chunk-3200-3224-20260828-103437
4736,null,GROUND,3200,3230,0,0,,UNKNOWN,0,2,chunk-3200-3224-20260828-102202|chunk-3200-3224-20260828-103437
4736,null,GROUND,3200,3231,0,3,,UNKNOWN,0,2,chunk-3200-3224-20260828-102202|chunk-3200-3224-20260828-103437
4736,null,GROUND,3201,3202,0,3,,UNKNOWN,0,1,chunk-3200-3200-20260828-095443
4736,null,GROUND,3202,3201,0,3,,UNKNOWN,0,1,chunk-3200-3200-20260828-095443
4736,null,GROUND,3203,3200,0,3,,UNKNOWN,0,1,chunk-3200-3200-20260828-095443
4736,null,GROUND,3203,3206,0,3,,UNKNOWN,0,1,chunk-3200-3200-20260828-095443
4736,null,GROUND,3203,3228,0,3,,UNKNOWN,0,2,chunk-3200-3224-20260828-102202|chunk-3200-3224-20260828-103437
4736,null,GROUND,3207,3206,0,2,,UNKNOWN,0,1,chunk-3200-3200-20260828-095443
4736,null,GROUND,3208,3207,0,2,,UNKNOWN,0,1,chunk-3208-3200-20260828-102215
4736,null,GROUND,3212,3232,0,1,,UNKNOWN,0,2,chunk-3208-3232-20260828-095430|chunk-3208-3232-20260828-103429
4736,null,GROUND,3212,3233,0,2,,UNKNOWN,0,2,chunk-3208-3232-20260828-095430|chunk-3208-3232-20260828-103429
4736,null,GROUND,3212,3237,0,1,,UNKNOWN,0,2,chunk-3208-3232-20260828-095430|chunk-3208-3232-20260828-103429
4736,null,GROUND,3213,3200,0,2,,UNKNOWN,0,1,chunk-3208-3200-20260828-102215
4736,null,GROUND,3213,3232,0,0,,UNKNOWN,0,2,chunk-3208-3232-20260828-095430|chunk-3208-3232-20260828-103429
4736,null,GROUND,3213,3237,0,1,,UNKNOWN,0,2,chunk-3208-3232-20260828-095430|chunk-3208-3232-20260828-103429
4736,null,GROUND,3214,3236,0,1,,UNKNOWN,0,2,chunk-3208-3232-20260828-095430|chunk-3208-3232-20260828-103429
4736,null,GROUND,3215,3235,0,0,,UNKNOWN,0,2,chunk-3208-3232-20260828-095430|chunk-3208-3232-20260828-103429
4736,null,GROUND,3215,3236,0,0,,UNKNOWN,0,2,chunk-3208-3232-20260828-095430|chunk-3208-3232-20260828-103429
4736,null,GROUND,3217,3231,0,1,,UNKNOWN,0,1,chunk-3216-3224-20260828-102155
4736,null,GROUND,3217,3232,0,2,,UNKNOWN,0,1,chunk-3216-3232-20260828-095423
4736,null,GROUND,3218,3205,0,3,,UNKNOWN,0,1,chunk-3216-3200-20260828-095451
4736,null,GROUND,3218,3207,0,0,,UNKNOWN,0,1,chunk-3216-3200-20260828-095451
4736,null,GROUND,3218,3232,0,3,,UNKNOWN,0,1,chunk-3216-3232-20260828-095423
4736,null,GROUND,3220,3205,0,2,,UNKNOWN,0,1,chunk-3216-3200-20260828-095451
4736,null,GROUND,3220,3207,0,1,,UNKNOWN,0,1,chunk-3216-3200-20260828-095451
4736,null,GROUND,3222,3203,0,0,,UNKNOWN,0,1,chunk-3216-3200-20260828-095451
4736,null,GROUND,3222,3234,0,1,,UNKNOWN,0,1,chunk-3216-3232-20260828-095423
4736,null,GROUND,3223,3204,0,0,,UNKNOWN,0,1,chunk-3216-3200-20260828-095451
4736,null,GROUND,3228,3209,0,0,,UNKNOWN,0,1,chunk-3224-3208-20260828-102221
4736,null,GROUND,3229,3210,0,0,,UNKNOWN,0,1,chunk-3224-3208-20260828-102221
4736,null,GROUND,3230,3211,0,1,,UNKNOWN,0,1,chunk-3224-3208-20260828-102221
4736,null,GROUND,3232,3217,0,2,,UNKNOWN,0,1,chunk-3232-3216-20260828-102126
4736,null,GROUND,3232,3220,0,1,,UNKNOWN,0,1,chunk-3232-3216-20260828-102126
4736,null,GROUND,3233,3210,0,1,,UNKNOWN,0,1,chunk-3232-3208-20260828-095402
4736,null,GROUND,3234,3200,0,2,,UNKNOWN,0,1,chunk-3232-3200-20260828-102136
4736,null,GROUND,3234,3209,0,1,,UNKNOWN,0,1,chunk-3232-3208-20260828-095402
4736,null,GROUND,3235,3210,0,3,,UNKNOWN,0,1,chunk-3232-3208-20260828-095402
4736,null,GROUND,3235,3211,0,0,,UNKNOWN,0,1,chunk-3232-3208-20260828-095402
4736,null,GROUND,3236,3210,0,2,,UNKNOWN,0,1,chunk-3232-3208-20260828-095402
4736,null,GROUND,3236,3211,0,1,,UNKNOWN,0,1,chunk-3232-3208-20260828-095402
4736,null,GROUND,3238,3204,0,0,,UNKNOWN,0,1,chunk-3232-3200-20260828-102136
4736,null,GROUND,3238,3207,0,3,,UNKNOWN,0,1,chunk-3232-3200-20260828-102136
4736,null,GROUND,3238,3213,0,0,,UNKNOWN,0,1,chunk-3232-3208-20260828-095402
4736,null,GROUND,3239,3216,0,0,,UNKNOWN,0,1,chunk-3232-3216-20260828-102126
4737,null,GROUND,3200,3205,0,3,,UNKNOWN,0,1,chunk-3200-3200-20260828-095443
4737,null,GROUND,3200,3206,0,3,,UNKNOWN,0,1,chunk-3200-3200-20260828-095443
4737,null,GROUND,3200,3211,0,3,,UNKNOWN,0,1,chunk-3200-3208-20260828-102210
4737,null,GROUND,3200,3215,0,3,,UNKNOWN,0,1,chunk-3200-3208-20260828-102210
4737,null,GROUND,3200,3222,0,3,,UNKNOWN,0,1,chunk-3200-3216-20260828-095435
4737,null,GROUND,3200,3226,0,3,,UNKNOWN,0,2,chunk-3200-3224-20260828-102202|chunk-3200-3224-20260828-103437
4737,null,GROUND,3200,3229,0,3,,UNKNOWN,0,2,chunk-3200-3224-20260828-102202|chunk-3200-3224-20260828-103437
4737,null,GROUND,3203,3210,0,0,,UNKNOWN,0,1,chunk-3200-3208-20260828-102210
4737,null,GROUND,3203,3212,0,0,,UNKNOWN,0,1,chunk-3200-3208-20260828-102210
4737,null,GROUND,3203,3215,0,0,,UNKNOWN,0,1,chunk-3200-3208-20260828-102210
4737,null,GROUND,3203,3219,0,3,,UNKNOWN,0,1,chunk-3200-3216-20260828-095435
4737,null,GROUND,3203,3222,0,0,,UNKNOWN,0,1,chunk-3200-3216-20260828-095435
4737,null,GROUND,3203,3225,0,2,,UNKNOWN,0,2,chunk-3200-3224-20260828-102202|chunk-3200-3224-20260828-103437
4737,null,GROUND,3203,3227,0,0,,UNKNOWN,0,2,chunk-3200-3224-20260828-102202|chunk-3200-3224-20260828-103437
4737,null,GROUND,3206,3200,0,2,,UNKNOWN,0,1,chunk-3200-3200-20260828-095443
4737,null,GROUND,3207,3200,0,2,,UNKNOWN,0,1,chunk-3200-3200-20260828-095443
4737,null,GROUND,3209,3200,0,2,,UNKNOWN,0,1,chunk-3208-3200-20260828-102215
4737,null,GROUND,3209,3207,0,3,,UNKNOWN,0,1,chunk-3208-3200-20260828-102215
4737,null,GROUND,3210,3237,0,0,,UNKNOWN,0,2,chunk-3208-3232-20260828-095430|chunk-3208-3232-20260828-103429
4737,null,GROUND,3211,3200,0,2,,UNKNOWN,0,1,chunk-3208-3200-20260828-102215
4737,null,GROUND,3211,3207,0,2,,UNKNOWN,0,1,chunk-3208-3200-20260828-102215
4737,null,GROUND,3216,3236,0,0,,UNKNOWN,0,1,chunk-3216-3232-20260828-095423
4737,null,GROUND,3219,3202,0,2,,UNKNOWN,0,1,chunk-3216-3200-20260828-095451
4737,null,GROUND,3220,3202,0,0,,UNKNOWN,0,1,chunk-3216-3200-20260828-095451
4737,null,GROUND,3220,3235,0,0,,UNKNOWN,0,1,chunk-3216-3232-20260828-095423
4737,null,GROUND,3228,3210,0,0,,UNKNOWN,0,1,chunk-3224-3208-20260828-102221
4737,null,GROUND,3230,3210,0,0,,UNKNOWN,0,1,chunk-3224-3208-20260828-102221
4737,null,GROUND,3231,3210,0,1,,UNKNOWN,0,1,chunk-3224-3208-20260828-102221
4737,null,GROUND,3232,3210,0,2,,UNKNOWN,0,1,chunk-3232-3208-20260828-095402
4738,null,GROUND,3208,3237,0,2,,UNKNOWN,0,2,chunk-3208-3232-20260828-095430|chunk-3208-3232-20260828-103429
4738,null,GROUND,3209,3237,0,2,,UNKNOWN,0,2,chunk-3208-3232-20260828-095430|chunk-3208-3232-20260828-103429
4738,null,GROUND,3211,3237,0,1,,UNKNOWN,0,2,chunk-3208-3232-20260828-095430|chunk-3208-3232-20260828-103429
4738,null,GROUND,3214,3201,0,1,,UNKNOWN,0,1,chunk-3208-3200-20260828-102215
4738,null,GROUND,3215,3201,0,2,,UNKNOWN,0,1,chunk-3208-3200-20260828-102215
4738,null,GROUND,3215,3202,0,0,,UNKNOWN,0,1,chunk-3208-3200-20260828-102215
4738,null,GROUND,3216,3202,0,3,,UNKNOWN,0,1,chunk-3216-3200-20260828-095451
4738,null,GROUND,3217,3202,0,1,,UNKNOWN,0,1,chunk-3216-3200-20260828-095451
4738,null,GROUND,3218,3202,0,2,,UNKNOWN,0,1,chunk-3216-3200-20260828-095451
4738,null,GROUND,3227,3208,0,3,,UNKNOWN,0,1,chunk-3224-3208-20260828-102221
4738,null,GROUND,3227,3209,0,0,,UNKNOWN,0,1,chunk-3224-3208-20260828-102221
4738,null,GROUND,3227,3210,0,1,,UNKNOWN,0,1,chunk-3224-3208-20260828-102221
4738,null,GROUND,3227,3211,0,2,,UNKNOWN,0,1,chunk-3224-3208-20260828-102221
4739,null,GROUND,3203,3207,0,2,,UNKNOWN,0,1,chunk-3200-3200-20260828-095443
4739,null,GROUND,3203,3230,0,2,,UNKNOWN,0,2,chunk-3200-3224-20260828-102202|chunk-3200-3224-20260828-103437
4739,null,GROUND,3204,3206,0,1,,UNKNOWN,0,1,chunk-3200-3200-20260828-095443
4739,null,GROUND,3204,3212,0,2,,UNKNOWN,0,1,chunk-3200-3208-20260828-102210
4739,null,GROUND,3204,3215,0,2,,UNKNOWN,0,1,chunk-3200-3208-20260828-102210
4739,null,GROUND,3204,3218,0,2,,UNKNOWN,0,1,chunk-3200-3216-20260828-095435
4739,null,GROUND,3204,3220,0,2,,UNKNOWN,0,1,chunk-3200-3216-20260828-095435
4739,null,GROUND,3204,3223,0,2,,UNKNOWN,0,1,chunk-3200-3216-20260828-095435
4739,null,GROUND,3204,3227,0,2,,UNKNOWN,0,2,chunk-3200-3224-20260828-102202|chunk-3200-3224-20260828-103437
4739,null,GROUND,3205,3231,0,3,,UNKNOWN,0,2,chunk-3200-3224-20260828-102202|chunk-3200-3224-20260828-103437
4739,null,GROUND,3206,3206,0,1,,UNKNOWN,0,1,chunk-3200-3200-20260828-095443
4739,null,GROUND,3228,3217,0,3,,UNKNOWN,0,1,chunk-3224-3216-20260828-103417
4739,null,GROUND,3228,3220,0,1,,UNKNOWN,0,1,chunk-3224-3216-20260828-103417
4739,null,GROUND,3229,3211,0,1,,UNKNOWN,0,1,chunk-3224-3208-20260828-102221
4739,null,GROUND,3229,3217,0,3,,UNKNOWN,0,1,chunk-3224-3216-20260828-103417
4739,null,GROUND,3229,3220,0,1,,UNKNOWN,0,1,chunk-3224-3216-20260828-103417
4739,null,GROUND,3230,3209,0,3,,UNKNOWN,0,1,chunk-3224-3208-20260828-102221
4739,null,GROUND,3231,3214,0,0,,UNKNOWN,0,1,chunk-3224-3208-20260828-102221
4739,null,GROUND,3231,3223,0,0,,UNKNOWN,0,1,chunk-3224-3216-20260828-103417
4739,null,GROUND,3232,3209,0,3,,UNKNOWN,0,1,chunk-3232-3208-20260828-095402
4740,null,GROUND,3203,3208,0,2,,UNKNOWN,0,1,chunk-3200-3208-20260828-102210
4740,null,GROUND,3203,3229,0,2,,UNKNOWN,0,2,chunk-3200-3224-20260828-102202|chunk-3200-3224-20260828-103437
4740,null,GROUND,3204,3210,0,2,,UNKNOWN,0,1,chunk-3200-3208-20260828-102210
4740,null,GROUND,3204,3217,0,2,,UNKNOWN,0,1,chunk-3200-3216-20260828-095435
4740,null,GROUND,3204,3219,0,2,,UNKNOWN,0,1,chunk-3200-3216-20260828-095435
4740,null,GROUND,3204,3222,0,2,,UNKNOWN,0,1,chunk-3200-3216-20260828-095435
4740,null,GROUND,3204,3225,0,2,,UNKNOWN,0,2,chunk-3200-3224-20260828-102202|chunk-3200-3224-20260828-103437
4740,null,GROUND,3204,3226,0,2,,UNKNOWN,0,2,chunk-3200-3224-20260828-102202|chunk-3200-3224-20260828-103437
4740,null,GROUND,3204,3231,0,3,,UNKNOWN,0,2,chunk-3200-3224-20260828-102202|chunk-3200-3224-20260828-103437
4740,null,GROUND,3228,3208,0,2,,UNKNOWN,0,1,chunk-3224-3208-20260828-102221
4740,null,GROUND,3229,3209,0,3,,UNKNOWN,0,1,chunk-3224-3208-20260828-102221
4740,null,GROUND,3231,3209,0,3,,UNKNOWN,0,1,chunk-3224-3208-20260828-102221
4740,null,GROUND,3233,3209,0,3,,UNKNOWN,0,1,chunk-3232-3208-20260828-095402
4741,null,GROUND,3204,3211,0,2,,UNKNOWN,0,1,chunk-3200-3208-20260828-102210
4741,null,GROUND,3204,3213,0,2,,UNKNOWN,0,1,chunk-3200-3208-20260828-102210
4741,null,GROUND,3204,3216,0,2,,UNKNOWN,0,1,chunk-3200-3216-20260828-095435
4741,null,GROUND,3204,3221,0,2,,UNKNOWN,0,1,chunk-3200-3216-20260828-095435
4741,null,GROUND,3204,3224,0,2,,UNKNOWN,0,2,chunk-3200-3224-20260828-102202|chunk-3200-3224-20260828-103437
4741,null,GROUND,3205,3206,0,1,,UNKNOWN,0,1,chunk-3200-3200-20260828-095443
4741,null,GROUND,3228,3211,0,1,,UNKNOWN,0,1,chunk-3224-3208-20260828-102221
4742,null,GROUND,3207,3208,0,1,,UNKNOWN,0,1,chunk-3200-3208-20260828-102210
4742,null,GROUND,3207,3229,0,0,,UNKNOWN,0,2,chunk-3200-3224-20260828-102202|chunk-3200-3224-20260828-103437
5246,Bed,GAME,3229,3207,0,0,,UNKNOWN,0,1,chunk-3224-3208-20260828-102221
5533,null,GROUND,3232,3200,0,1,,UNKNOWN,0,1,chunk-3232-3200-20260828-102136
5533,null,GROUND,3234,3201,0,0,,UNKNOWN,0,1,chunk-3232-3200-20260828-102136
5533,null,GROUND,3234,3206,0,0,,UNKNOWN,0,1,chunk-3232-3200-20260828-102136
5533,null,GROUND,3234,3208,0,0,,UNKNOWN,0,1,chunk-3232-3208-20260828-095402
5533,null,GROUND,3238,3208,0,1,,UNKNOWN,0,1,chunk-3232-3208-20260828-095402
5533,null,GROUND,3238,3212,0,3,,UNKNOWN,0,1,chunk-3232-3208-20260828-095402
5533,null,GROUND,3239,3204,0,2,,UNKNOWN,0,1,chunk-3232-3200-20260828-102136
5533,null,GROUND,3239,3205,0,2,,UNKNOWN,0,1,chunk-3232-3200-20260828-102136
5533,null,GROUND,3239,3207,0,2,,UNKNOWN,0,1,chunk-3232-3200-20260828-102136
5533,null,GROUND,3239,3213,0,2,,UNKNOWN,0,1,chunk-3232-3208-20260828-095402
5533,null,GROUND,3239,3215,0,2,,UNKNOWN,0,1,chunk-3232-3208-20260828-095402
5534,null,GROUND,3233,3200,0,1,,UNKNOWN,0,1,chunk-3232-3200-20260828-102136
5534,null,GROUND,3234,3205,0,0,,UNKNOWN,0,1,chunk-3232-3200-20260828-102136
5534,null,GROUND,3239,3206,0,2,,UNKNOWN,0,1,chunk-3232-3200-20260828-102136
5534,null,GROUND,3239,3214,0,2,,UNKNOWN,0,1,chunk-3232-3208-20260828-095402
5535,null,GROUND,3239,3208,0,2,,UNKNOWN,0,1,chunk-3232-3208-20260828-095402
5535,null,GROUND,3239,3212,0,3,,UNKNOWN,0,1,chunk-3232-3208-20260828-095402
5536,null,GROUND,3231,3213,0,2,,UNKNOWN,0,1,chunk-3224-3208-20260828-102221
5536,null,GROUND,3231,3215,0,1,,UNKNOWN,0,1,chunk-3224-3208-20260828-102221
5536,null,GROUND,3231,3222,0,2,,UNKNOWN,0,1,chunk-3224-3216-20260828-103417
5536,null,GROUND,3234,3202,0,1,,UNKNOWN,0,1,chunk-3232-3200-20260828-102136
5536,null,GROUND,3234,3204,0,2,,UNKNOWN,0,1,chunk-3232-3200-20260828-102136
5555,Hanging tapestry,DECORATIVE,3205,3220,0,0,,UNKNOWN,0,1,chunk-3200-3216-20260828-095435
5555,Hanging tapestry,DECORATIVE,3205,3224,0,0,,UNKNOWN,0,2,chunk-3200-3224-20260828-102202|chunk-3200-3224-20260828-103437
5555,Hanging tapestry,DECORATIVE,3207,3226,0,1,,UNKNOWN,0,2,chunk-3200-3224-20260828-102202|chunk-3200-3224-20260828-103437
5556,Hanging tapestry,DECORATIVE,3207,3227,0,3,,UNKNOWN,0,2,chunk-3200-3224-20260828-102202|chunk-3200-3224-20260828-103437
5556,Hanging tapestry,DECORATIVE,3207,3228,0,1,,UNKNOWN,0,2,chunk-3200-3224-20260828-102202|chunk-3200-3224-20260828-103437
5556,Hanging tapestry,DECORATIVE,3230,3217,1,0,,UNKNOWN,0,1,chunk-3224-3216-20260828-103417
5556,Hanging tapestry,DECORATIVE,3230,3220,1,0,,UNKNOWN,0,1,chunk-3224-3216-20260828-103417
5601,null,GROUND,3205,3208,1,3,,UNKNOWN,0,1,chunk-3200-3208-20260828-102210
5601,null,GROUND,3205,3229,1,0,,UNKNOWN,0,2,chunk-3200-3224-20260828-102202|chunk-3200-3224-20260828-103437
5603,null,GROUND,3204,3207,1,0,,UNKNOWN,0,1,chunk-3200-3200-20260828-095443
5603,null,GROUND,3204,3207,2,0,,UNKNOWN,0,1,chunk-3200-3200-20260828-095443
5603,null,GROUND,3204,3208,1,1,,UNKNOWN,0,1,chunk-3200-3208-20260828-102210
5603,null,GROUND,3204,3208,2,1,,UNKNOWN,0,1,chunk-3200-3208-20260828-102210
5603,null,GROUND,3204,3229,1,0,,UNKNOWN,0,2,chunk-3200-3224-20260828-102202|chunk-3200-3224-20260828-103437
5603,null,GROUND,3204,3229,2,0,,UNKNOWN,0,2,chunk-3200-3224-20260828-102202|chunk-3200-3224-20260828-103437
5603,null,GROUND,3204,3230,1,1,,UNKNOWN,0,2,chunk-3200-3224-20260828-102202|chunk-3200-3224-20260828-103437
5603,null,GROUND,3204,3230,2,1,,UNKNOWN,0,2,chunk-3200-3224-20260828-102202|chunk-3200-3224-20260828-103437
5603,null,GROUND,3205,3207,1,3,,UNKNOWN,0,1,chunk-3200-3200-20260828-095443
5603,null,GROUND,3205,3207,2,3,,UNKNOWN,0,1,chunk-3200-3200-20260828-095443
5603,null,GROUND,3205,3230,1,2,,UNKNOWN,0,2,chunk-3200-3224-20260828-102202|chunk-3200-3224-20260828-103437
5603,null,GROUND,3205,3230,2,2,,UNKNOWN,0,2,chunk-3200-3224-20260828-102202|chunk-3200-3224-20260828-103437
5604,Rock,GAME,3246,3223,0,1024,,UNKNOWN,0,1,chunk-3240-3224-20260828-095506
5605,Rock,GAME,3243,3231,0,0,,UNKNOWN,0,1,chunk-3240-3224-20260828-095506
5605,Rock,GAME,3245,3229,0,512,,UNKNOWN,0,1,chunk-3240-3224-20260828-095506
5606,Rock,GAME,3245,3227,0,512,,UNKNOWN,0,1,chunk-3240-3224-20260828-095506
5617,null,DECORATIVE,3234,3205,1,0,,UNKNOWN,0,1,chunk-3232-3200-20260828-102136
56230,Staircase,GAME,3204,3207,0,1536,11,STONE,5,2,chunk-3200-3200-20260828-095443|chunk-3200-3208-20260828-102210
56230,Staircase,GAME,3204,3229,0,0,11,STONE,5,2,chunk-3200-3224-20260828-102202|chunk-3200-3224-20260828-103437
56231,Staircase,GAME,3205,3208,2,1536,11,STONE,5,1,chunk-3200-3208-20260828-102210
56231,Staircase,GAME,3205,3229,2,0,11,STONE,5,2,chunk-3200-3224-20260828-102202|chunk-3200-3224-20260828-103437
5629,Standard,GAME,3217,3217,1,0,,UNKNOWN,0,2,chunk-3216-3216-20260828-095414|chunk-3216-3216-20260828-102146
5629,Standard,GAME,3217,3220,1,0,,UNKNOWN,0,2,chunk-3216-3216-20260828-095414|chunk-3216-3216-20260828-102146
5629,Standard,GAME,3231,3214,2,0,,UNKNOWN,0,1,chunk-3224-3208-20260828-102221
5629,Standard,GAME,3231,3223,2,0,,UNKNOWN,0,1,chunk-3224-3216-20260828-103417
5630,null,GAME,3216,3217,1,0,,UNKNOWN,0,2,chunk-3216-3216-20260828-095414|chunk-3216-3216-20260828-102146
5630,null,GAME,3216,3220,1,0,,UNKNOWN,0,2,chunk-3216-3216-20260828-095414|chunk-3216-3216-20260828-102146
5630,null,GAME,3230,3214,2,0,,UNKNOWN,0,1,chunk-3224-3208-20260828-102221
5630,null,GAME,3230,3223,2,0,,UNKNOWN,0,1,chunk-3224-3216-20260828-103417
5640,null,GAME,3232,3203,2,512,2|6,STONE,5,1,chunk-3232-3200-20260828-102136
5640,null,GAME,3232,3207,1,512,2|6,STONE,5,1,chunk-3232-3200-20260828-102136
5640,null,GAME,3233,3203,2,512,2|6,STONE,5,1,chunk-3232-3200-20260828-102136
5640,null,GAME,3233,3207,1,512,2|6,STONE,5,1,chunk-3232-3200-20260828-102136
5643,null,GAME,3232,3201,2,512,2|6,STONE,5,1,chunk-3232-3200-20260828-102136
5643,null,GAME,3232,3204,2,1536,2|6,STONE,5,1,chunk-3232-3200-20260828-102136
5643,null,GAME,3233,3201,2,512,2|6,STONE,5,1,chunk-3232-3200-20260828-102136
5643,null,GAME,3233,3204,2,1536,2|6,STONE,5,1,chunk-3232-3200-20260828-102136
5644,null,WALL,3234,3203,2,1|0,2|6,STONE,5,1,chunk-3232-3200-20260828-102136
5644,null,WALL,3234,3207,1,1|0,2|6,STONE,5,1,chunk-3232-3200-20260828-102136
5645,null,WALL,3234,3204,2,1|0,2|6,STONE,5,1,chunk-3232-3200-20260828-102136
5646,null,WALL,3234,3205,2,1|0,2|6,STONE,5,1,chunk-3232-3200-20260828-102136
5647,null,GAME,3234,3206,2,1536,6,STONE,5,1,chunk-3232-3200-20260828-102136
5647,null,GAME,3234,3209,1,1536,6,STONE,5,1,chunk-3232-3208-20260828-095402
5648,null,GAME,3228,3209,1,1024,6,STONE,5,1,chunk-3224-3208-20260828-102221
5648,null,GAME,3234,3200,2,0,6,STONE,5,1,chunk-3232-3200-20260828-102136
5649,null,WALL,3234,3202,2,1|0,2|6,STONE,5,1,chunk-3232-3200-20260828-102136
5650,null,WALL,3234,3201,2,1|0,2|6,STONE,5,1,chunk-3232-3200-20260828-102136
5651,null,WALL,3234,3208,1,1|0,2|6,STONE,5,1,chunk-3232-3208-20260828-095402
5653,null,WALL,3228,3208,1,4|0,2|6,STONE,5,1,chunk-3224-3208-20260828-102221
5653,null,WALL,3234,3206,1,1|0,2|6,STONE,5,1,chunk-3232-3200-20260828-102136
5662,null,GAME,3229,3209,1,1536,6,STONE,5,1,chunk-3224-3208-20260828-102221
5662,null,GAME,3231,3209,1,1536,6,STONE,5,1,chunk-3224-3208-20260828-102221
5662,null,GAME,3232,3200,2,512,6,STONE,5,1,chunk-3232-3200-20260828-102136
5662,null,GAME,3232,3206,2,1536,6,STONE,5,1,chunk-3232-3200-20260828-102136
5662,null,GAME,3232,3209,1,1536,6,STONE,5,1,chunk-3232-3208-20260828-095402
5662,null,GAME,3238,3208,1,512,6,STONE,5,1,chunk-3232-3208-20260828-095402
5662,null,GAME,3239,3204,1,1024,6,STONE,5,1,chunk-3232-3200-20260828-102136
5662,null,GAME,3239,3206,1,1024,6,STONE,5,1,chunk-3232-3200-20260828-102136
5662,null,GAME,3239,3207,1,1024,6,STONE,5,1,chunk-3232-3200-20260828-102136
5662,null,GAME,3239,3213,1,1024,6,STONE,5,1,chunk-3232-3208-20260828-095402
5662,null,GAME,3239,3215,1,1024,6,STONE,5,1,chunk-3232-3208-20260828-095402
5663,null,GAME,3230,3209,1,1536,6,STONE,5,1,chunk-3224-3208-20260828-102221
5663,null,GAME,3233,3200,2,512,6,STONE,5,1,chunk-3232-3200-20260828-102136
5663,null,GAME,3233,3206,2,1536,6,STONE,5,1,chunk-3232-3200-20260828-102136
5663,null,GAME,3233,3209,1,1536,6,STONE,5,1,chunk-3232-3208-20260828-095402
5663,null,GAME,3238,3212,1,1536,6,STONE,5,1,chunk-3232-3208-20260828-095402
5663,null,GAME,3239,3205,1,1024,6,STONE,5,1,chunk-3232-3200-20260828-102136
5663,null,GAME,3239,3214,1,1024,6,STONE,5,1,chunk-3232-3208-20260828-095402
574,Statue,GAME,3207,3218,1,512,,UNKNOWN,0,1,chunk-3200-3216-20260828-095435
57681,null,GAME,3222,3204,0,1024,2,STONE,5,1,chunk-3216-3200-20260828-095451
57681,null,GAME,3223,3232,0,512,2,STONE,5,1,chunk-3216-3232-20260828-095423
5791,Statue,GAME,3205,3220,0,1536,,UNKNOWN,0,1,chunk-3200-3216-20260828-095435
5791,Statue,GAME,3205,3224,0,1536,,UNKNOWN,0,2,chunk-3200-3224-20260828-102202|chunk-3200-3224-20260828-103437
5791,Statue,GAME,3217,3217,0,1536,,UNKNOWN,0,2,chunk-3216-3216-20260828-095414|chunk-3216-3216-20260828-102146
5791,Statue,GAME,3217,3220,0,1536,,UNKNOWN,0,2,chunk-3216-3216-20260828-095414|chunk-3216-3216-20260828-102146
590,Bank table,GAME,3207,3215,2,1536,11,STONE,5,2,chunk-3200-3208-20260828-102210|chunk-3200-3216-20260828-095435
604,Table,GAME,3233,3208,0,1536,,UNKNOWN,0,1,chunk-3232-3208-20260828-095402
683,Grandfather Clock,GAME,3233,3205,0,0,,UNKNOWN,0,1,chunk-3232-3200-20260828-102136
6963,null,DECORATIVE,3239,3205,0,2,,UNKNOWN,0,1,chunk-3232-3200-20260828-102136
6963,null,DECORATIVE,3239,3215,0,2,,UNKNOWN,0,1,chunk-3232-3208-20260828-095402
6964,null,DECORATIVE,3239,3207,0,2,,UNKNOWN,0,1,chunk-3232-3200-20260828-102136
6964,null,DECORATIVE,3239,3213,0,2,,UNKNOWN,0,1,chunk-3232-3208-20260828-095402
6966,null,WALL,3239,3205,0,4|0,2,STONE,5,1,chunk-3232-3200-20260828-102136
6966,null,WALL,3239,3207,0,4|0,2,STONE,5,1,chunk-3232-3200-20260828-102136
6966,null,WALL,3239,3213,0,4|0,2,STONE,5,1,chunk-3232-3208-20260828-095402
6966,null,WALL,3239,3215,0,4|0,2,STONE,5,1,chunk-3232-3208-20260828-095402
718,Barrel,GAME,3229,3216,1,512,16,WOOD,1,1,chunk-3224-3216-20260828-103417
7389,null,GROUND,3217,3235,0,0,,UNKNOWN,0,1,chunk-3216-3232-20260828-095423
767,null,GROUND,3228,3213,1,1,,UNKNOWN,0,1,chunk-3224-3208-20260828-102221
767,null,GROUND,3229,3212,1,0,,UNKNOWN,0,1,chunk-3224-3208-20260828-102221
767,null,GROUND,3229,3214,1,2,,UNKNOWN,0,1,chunk-3224-3208-20260828-102221
767,null,GROUND,3229,3223,1,0,,UNKNOWN,0,1,chunk-3224-3216-20260828-103417
767,null,GROUND,3230,3213,1,3,,UNKNOWN,0,1,chunk-3224-3208-20260828-102221
770,null,GROUND,3205,3228,2,0,,UNKNOWN,0,2,chunk-3200-3224-20260828-102202|chunk-3200-3224-20260828-103437
770,null,GROUND,3206,3208,2,3,,UNKNOWN,0,1,chunk-3200-3208-20260828-102210
817,Suit of armour,GAME,3205,3218,0,1536,,UNKNOWN,0,1,chunk-3200-3216-20260828-095435
817,Suit of armour,GAME,3205,3226,0,1536,,UNKNOWN,0,2,chunk-3200-3224-20260828-102202|chunk-3200-3224-20260828-103437
817,Suit of armour,GAME,3216,3225,0,0,,UNKNOWN,0,1,chunk-3216-3224-20260828-102155
817,Suit of armour,GAME,3228,3221,0,1024,,UNKNOWN,0,1,chunk-3224-3216-20260828-103417
821,Cannon,GAME,3215,3222,1,1536,,UNKNOWN,0,2,chunk-3216-3216-20260828-095414|chunk-3216-3216-20260828-102146
821,Cannon,GAME,3229,3217,2,1536,,UNKNOWN,0,1,chunk-3224-3216-20260828-103417
821,Cannon,GAME,3229,3221,2,1536,,UNKNOWN,0,1,chunk-3224-3216-20260828-103417
822,Cannonballs,GAME,3207,3223,2,1792,,UNKNOWN,0,1,chunk-3200-3216-20260828-095435
822,Cannonballs,GAME,3230,3220,2,1536,,UNKNOWN,0,1,chunk-3224-3216-20260828-103417
822,Cannonballs,GAME,3230,3222,2,1536,,UNKNOWN,0,1,chunk-3224-3216-20260828-103417
827,null,GROUND,3205,3213,2,1,,UNKNOWN,0,1,chunk-3200-3208-20260828-102210
827,null,GROUND,3205,3227,2,3,,UNKNOWN,0,2,chunk-3200-3224-20260828-102202|chunk-3200-3224-20260828-103437
827,null,GROUND,3227,3219,2,2,,UNKNOWN,0,1,chunk-3224-3216-20260828-103417
827,null,GROUND,3229,3212,0,1,,UNKNOWN,0,1,chunk-3224-3208-20260828-102221
834,Sword cabinet,GAME,3205,3218,1,0,,UNKNOWN,0,1,chunk-3200-3216-20260828-095435
836,Bow cabinet,GAME,3205,3214,1,0,,UNKNOWN,0,1,chunk-3200-3208-20260828-102210
837,Axe cabinet,GAME,3205,3222,1,0,,UNKNOWN,0,1,chunk-3200-3216-20260828-095435
840,null,DECORATIVE,3204,3210,1,2,,UNKNOWN,0,1,chunk-3200-3208-20260828-102210
840,null,DECORATIVE,3204,3218,1,2,,UNKNOWN,0,1,chunk-3200-3216-20260828-095435
840,null,DECORATIVE,3204,3219,1,2,,UNKNOWN,0,1,chunk-3200-3216-20260828-095435
840,null,DECORATIVE,3204,3227,1,2,,UNKNOWN,0,2,chunk-3200-3224-20260828-102202|chunk-3200-3224-20260828-103437
840,null,DECORATIVE,3205,3216,1,0,,UNKNOWN,0,1,chunk-3200-3216-20260828-095435
840,null,DECORATIVE,3205,3221,1,0,,UNKNOWN,0,1,chunk-3200-3216-20260828-095435
840,null,DECORATIVE,3207,3218,1,2,,UNKNOWN,0,1,chunk-3200-3216-20260828-095435
840,null,DECORATIVE,3217,3216,0,0,,UNKNOWN,0,2,chunk-3216-3216-20260828-095414|chunk-3216-3216-20260828-102146
840,null,DECORATIVE,3217,3221,0,0,,UNKNOWN,0,2,chunk-3216-3216-20260828-095414|chunk-3216-3216-20260828-102146
840,null,DECORATIVE,3227,3216,0,2,,UNKNOWN,0,1,chunk-3224-3216-20260828-103417
840,null,DECORATIVE,3227,3221,0,1,,UNKNOWN,0,1,chunk-3224-3216-20260828-103417
840,null,DECORATIVE,3230,3213,0,2,,UNKNOWN,0,1,chunk-3224-3208-20260828-102221
840,null,DECORATIVE,3230,3215,0,2,,UNKNOWN,0,1,chunk-3224-3208-20260828-102221
840,null,DECORATIVE,3230,3222,0,2,,UNKNOWN,0,1,chunk-3224-3216-20260828-103417
840,null,DECORATIVE,3231,3213,0,0,,UNKNOWN,0,1,chunk-3224-3208-20260828-102221
840,null,DECORATIVE,3231,3215,0,0,,UNKNOWN,0,1,chunk-3224-3208-20260828-102221
840,null,DECORATIVE,3231,3222,0,0,,UNKNOWN,0,1,chunk-3224-3216-20260828-103417
856,Standard,GAME,3216,3224,1,1536,,UNKNOWN,0,1,chunk-3216-3224-20260828-102155
85,null,WALL,3218,3217,0,4|0,,UNKNOWN,0,2,chunk-3216-3216-20260828-095414|chunk-3216-3216-20260828-102146
85,null,WALL,3219,3216,0,2|0,,UNKNOWN,0,2,chunk-3216-3216-20260828-095414|chunk-3216-3216-20260828-102146
85,null,WALL,3219,3217,0,2|4,,UNKNOWN,0,2,chunk-3216-3216-20260828-095414|chunk-3216-3216-20260828-102146
879,Fountain,GAME,3221,3226,0,0,1|17,WATER|UNKNOWN,0,1,chunk-3216-3224-20260828-102155
888,Painting,DECORATIVE,3232,3205,0,1,13,UNKNOWN,0,1,chunk-3232-3200-20260828-102136
890,Portrait,DECORATIVE,3229,3208,0,1,14,UNKNOWN,0,1,chunk-3224-3208-20260828-102221
891,Landscape,DECORATIVE,3206,3226,0,1,13,UNKNOWN,0,2,chunk-3200-3224-20260828-102202|chunk-3200-3224-20260828-103437
899,Hanging banner,DECORATIVE,3207,3217,1,2,16,WOOD,1,1,chunk-3200-3216-20260828-095435
899,Hanging banner,DECORATIVE,3207,3220,1,2,16,WOOD,1,1,chunk-3200-3216-20260828-095435
899,Hanging banner,DECORATIVE,3228,3216,0,1,16,WOOD,1,1,chunk-3224-3216-20260828-103417
899,Hanging banner,DECORATIVE,3229,3221,0,3,16,WOOD,1,1,chunk-3224-3216-20260828-103417
901,Hanging banner,DECORATIVE,3207,3216,1,2,2|16,STONE|WOOD,1|5,1,chunk-3200-3216-20260828-095435
901,Hanging banner,DECORATIVE,3207,3219,1,2,2|16,STONE|WOOD,1|5,1,chunk-3200-3216-20260828-095435
901,Hanging banner,DECORATIVE,3228,3221,0,3,2|16,STONE|WOOD,1|5,1,chunk-3224-3216-20260828-103417
901,Hanging banner,DECORATIVE,3229,3216,0,1,2|16,STONE|WOOD,1|5,1,chunk-3224-3216-20260828-103417
917,null,GROUND,3230,3208,0,0,,UNKNOWN,0,1,chunk-3224-3208-20260828-102221
917,null,GROUND,3232,3207,0,2,,UNKNOWN,0,1,chunk-3232-3200-20260828-102136
917,null,GROUND,3232,3208,0,1,,UNKNOWN,0,1,chunk-3232-3208-20260828-095402
918,null,GROUND,3231,3208,0,0,,UNKNOWN,0,1,chunk-3224-3208-20260828-102221
9251,null,GAME,3231,3217,0,1536,2,STONE,5,1,chunk-3224-3216-20260828-103417
925,null,GROUND,3206,3219,0,3,,UNKNOWN,0,1,chunk-3200-3216-20260828-095435
925,null,GROUND,3206,3224,0,0,,UNKNOWN,0,2,chunk-3200-3224-20260828-102202|chunk-3200-3224-20260828-103437
925,null,GROUND,3207,3227,0,3,,UNKNOWN,0,2,chunk-3200-3224-20260828-102202|chunk-3200-3224-20260828-103437
925,null,GROUND,3207,3228,0,0,,UNKNOWN,0,2,chunk-3200-3224-20260828-102202|chunk-3200-3224-20260828-103437
925,null,GROUND,3238,3209,0,3,,UNKNOWN,0,1,chunk-3232-3208-20260828-095402
925,null,GROUND,3238,3211,0,0,,UNKNOWN,0,1,chunk-3232-3208-20260828-095402
925,null,GROUND,3239,3209,0,2,,UNKNOWN,0,1,chunk-3232-3208-20260828-095402
925,null,GROUND,3239,3211,0,1,,UNKNOWN,0,1,chunk-3232-3208-20260828-095402
926,null,GROUND,3206,3220,0,3,,UNKNOWN,0,1,chunk-3200-3216-20260828-095435
926,null,GROUND,3206,3221,0,3,,UNKNOWN,0,1,chunk-3200-3216-20260828-095435
926,null,GROUND,3206,3222,0,3,,UNKNOWN,0,1,chunk-3200-3216-20260828-095435
926,null,GROUND,3206,3223,0,3,,UNKNOWN,0,1,chunk-3200-3216-20260828-095435
926,null,GROUND,3207,3219,0,2,,UNKNOWN,0,1,chunk-3200-3216-20260828-095435
926,null,GROUND,3207,3224,0,0,,UNKNOWN,0,2,chunk-3200-3224-20260828-102202|chunk-3200-3224-20260828-103437
926,null,GROUND,3238,3210,0,3,,UNKNOWN,0,1,chunk-3232-3208-20260828-095402
926,null,GROUND,3239,3210,0,1,,UNKNOWN,0,1,chunk-3232-3208-20260828-095402
927,null,GROUND,3207,3220,0,2,,UNKNOWN,0,1,chunk-3200-3216-20260828-095435
927,null,GROUND,3207,3221,0,2,,UNKNOWN,0,1,chunk-3200-3216-20260828-095435
927,null,GROUND,3207,3222,0,2,,UNKNOWN,0,1,chunk-3200-3216-20260828-095435
927,null,GROUND,3207,3223,0,2,,UNKNOWN,0,1,chunk-3200-3216-20260828-095435
9292,Statue,GAME,3231,3220,0,512,2,STONE,5,1,chunk-3224-3216-20260828-103417
940,null,GROUND,3206,3215,1,3,,UNKNOWN,0,1,chunk-3200-3208-20260828-102210
940,null,GROUND,3206,3217,1,0,,UNKNOWN,0,1,chunk-3200-3216-20260828-095435
940,null,GROUND,3206,3219,1,3,,UNKNOWN,0,1,chunk-3200-3216-20260828-095435
940,null,GROUND,3206,3221,1,0,,UNKNOWN,0,1,chunk-3200-3216-20260828-095435
940,null,GROUND,3207,3215,1,2,,UNKNOWN,0,1,chunk-3200-3208-20260828-102210
940,null,GROUND,3207,3217,1,1,,UNKNOWN,0,1,chunk-3200-3216-20260828-095435
940,null,GROUND,3207,3219,1,2,,UNKNOWN,0,1,chunk-3200-3216-20260828-095435
940,null,GROUND,3207,3221,1,1,,UNKNOWN,0,1,chunk-3200-3216-20260828-095435
941,null,GROUND,3206,3216,1,3,,UNKNOWN,0,1,chunk-3200-3216-20260828-095435
941,null,GROUND,3206,3220,1,3,,UNKNOWN,0,1,chunk-3200-3216-20260828-095435
941,null,GROUND,3207,3216,1,1,,UNKNOWN,0,1,chunk-3200-3216-20260828-095435
941,null,GROUND,3207,3220,1,1,,UNKNOWN,0,1,chunk-3200-3216-20260828-095435
973,Javelin,DECORATIVE,3230,3214,0,2,16,WOOD,1,1,chunk-3224-3208-20260828-102221
973,Javelin,DECORATIVE,3230,3223,0,2,16,WOOD,1,1,chunk-3224-3216-20260828-103417
980,null,GAME,3237,3204,0,1536,,STONE,1,1,chunk-3232-3200-20260828-102136
980,null,WALL,3237,3205,0,1|0,,STONE,1,1,chunk-3232-3200-20260828-102136
980,null,WALL,3237,3206,0,1|0,,STONE,1,1,chunk-3232-3200-20260828-102136
981,null,WALL,3237,3207,0,128|0,,STONE,1,1,chunk-3232-3200-20260828-102136
981,null,WALL,3238,3204,0,128|0,,STONE,1,1,chunk-3232-3200-20260828-102136
