world_x,world_y,plane,scene_x,scene_y,render_level,underlay_id,overlay_id,texture_ids,tile_type,shape,rotation,paint_rgb,paint_sw_hsl,paint_se_hsl,paint_ne_hsl,paint_nw_hsl,model_underlay_color,model_overlay_color,model_triangle_hsl,average_rgb,observation_count,source_exports
3200,3200,0,16,40,0,48,-1,,PAINT,-1,-1,4809487,15120,15122,15124,15125,,,,#49630F,1,chunk-3200-3200-20260828-095443
3200,3201,0,16,41,0,48,-1,,PAINT,-1,-1,5268239,14101,14100,14099,14100,,,,#50630F,1,chunk-3200-3200-20260828-095443
3200,3202,0,16,42,0,48,-1,,PAINT,-1,-1,5268239,14100,14099,14096,14099,,,,#50630F,1,chunk-3200-3200-20260828-095443
3200,3203,0,16,43,0,48,-1,,PAINT,-1,-1,5726991,13075,13072,13068,13074,,,,#57630F,1,chunk-3200-3200-20260828-095443
3200,3204,0,16,44,0,47,-1,,PAINT,-1,-1,6383375,12050,12044,12041,12050,,,,#61670F,1,chunk-3200-3200-20260828-095443
3200,3204,1,16,44,1,-1,-1,,NONE,-1,-1,,,,,,,,,,1,chunk-3200-3200-20260828-095443
3200,3205,0,16,45,0,47,-1,,PAINT,-1,-1,6383375,12050,12041,12041,12050,,,,#61670F,1,chunk-3200-3200-20260828-095443
3200,3206,0,16,46,0,47,-1,,PAINT,-1,-1,6383375,12050,12041,12041,12050,,,,#61670F,1,chunk-3200-3200-20260828-095443
3200,3207,0,16,47,0,47,-1,,PAINT,-1,-1,6383375,12050,12041,12041,12050,,,,#61670F,1,chunk-3200-3200-20260828-095443
3200,3208,0,16,40,0,47,-1,,PAINT,-1,-1,6383375,12050,12041,12041,12049,,,,#61670F,1,chunk-3200-3208-20260828-102210
3200,3208,1,16,40,1,-1,-1,,NONE,-1,-1,,,,,,,,,,1,chunk-3200-3208-20260828-102210
3200,3209,0,16,41,0,47,-1,,PAINT,-1,-1,5924623,13073,13065,13065,13073,,,,#5A670F,1,chunk-3200-3208-20260828-102210
3200,3210,0,16,42,0,47,-1,,PAINT,-1,-1,5924623,13073,13065,13065,13073,,,,#5A670F,1,chunk-3200-3208-20260828-102210
3200,3211,0,16,43,0,47,-1,,PAINT,-1,-1,5924623,13073,13065,13065,13074,,,,#5A670F,1,chunk-3200-3208-20260828-102210
3200,3212,0,16,44,0,47,-1,,PAINT,-1,-1,5465871,14098,14089,14089,14098,,,,#53670F,1,chunk-3200-3208-20260828-102210
3200,3213,0,16,45,0,47,-1,,PAINT,-1,-1,4941583,15122,15113,15113,15122,,,,#4B670F,1,chunk-3200-3208-20260828-102210
3200,3213,1,16,45,1,-1,-1,,NONE,-1,-1,,,,,,,,,,1,chunk-3200-3208-20260828-102210
3200,3214,0,16,46,0,47,-1,,PAINT,-1,-1,4941583,15122,15113,15113,15122,,,,#4B670F,1,chunk-3200-3208-20260828-102210
3200,3215,0,16,47,0,47,-1,,PAINT,-1,-1,4941583,15122,15113,15113,15121,,,,#4B670F,1,chunk-3200-3208-20260828-102210
3200,3216,0,16,56,0,47,-1,,PAINT,-1,-1,4482831,16145,16137,16135,16139,,,,#44670F,1,chunk-3200-3216-20260828-095435
3200,3216,1,16,56,1,-1,-1,,NONE,-1,-1,,,,,,,,,,1,chunk-3200-3216-20260828-095435
3200,3217,0,16,57,0,47,-1,,PAINT,-1,-1,5458763,14,9,7,8,,,,#534B4B,1,chunk-3200-3216-20260828-095435
3200,3218,0,16,58,0,47,-1,,PAINT,-1,-1,5458763,8,7,12,13,,,,#534B4B,1,chunk-3200-3216-20260828-095435
3200,3219,0,16,59,0,47,-1,,PAINT,-1,-1,5458763,13,12,9,15,,,,#534B4B,1,chunk-3200-3216-20260828-095435
3200,3220,0,16,60,0,47,-1,,PAINT,-1,-1,4482831,16140,16135,16137,16143,,,,#44670F,1,chunk-3200-3216-20260828-095435
3200,3220,1,16,60,1,-1,-1,,NONE,-1,-1,,,,,,,,,,1,chunk-3200-3216-20260828-095435
3200,3221,0,16,61,0,47,-1,,PAINT,-1,-1,4482831,16143,16137,16137,16146,,,,#44670F,1,chunk-3200-3216-20260828-095435
3200,3222,0,16,62,0,47,-1,,PAINT,-1,-1,4941583,15122,15113,15113,15122,,,,#4B670F,1,chunk-3200-3216-20260828-095435
3200,3223,0,16,63,0,47,-1,,PAINT,-1,-1,4941583,15122,15113,15113,15122,,,,#4B670F,1,chunk-3200-3216-20260828-095435
3200,3224,0,16,56,0,47,-1,,PAINT,-1,-1,5465871,14098,14089,14089,14098,,,,#53670F,2,chunk-3200-3224-20260828-102202|chunk-3200-3224-20260828-103437
3200,3224,1,16,56,1,-1,-1,,NONE,-1,-1,,,,,,,,,,2,chunk-3200-3224-20260828-102202|chunk-3200-3224-20260828-103437
3200,3225,0,16,57,0,47,-1,,PAINT,-1,-1,5465871,14098,14089,14089,14098,,,,#53670F,2,chunk-3200-3224-20260828-102202|chunk-3200-3224-20260828-103437
3200,3226,0,16,58,0,47,-1,,PAINT,-1,-1,5924623,13074,13065,13065,13074,,,,#5A670F,2,chunk-3200-3224-20260828-102202|chunk-3200-3224-20260828-103437
3200,3227,0,16,59,0,47,-1,,PAINT,-1,-1,5924623,13074,13065,13065,13074,,,,#5A670F,2,chunk-3200-3224-20260828-102202|chunk-3200-3224-20260828-103437
3200,3228,0,16,60,0,47,-1,,PAINT,-1,-1,6383375,12050,12041,12041,12050,,,,#61670F,2,chunk-3200-3224-20260828-102202|chunk-3200-3224-20260828-103437
3200,3229,0,16,61,0,53,-1,,PAINT,-1,-1,6383375,12050,12041,12041,12050,,,,#61670F,2,chunk-3200-3224-20260828-102202|chunk-3200-3224-20260828-103437
3200,3229,1,16,61,1,-1,-1,,NONE,-1,-1,,,,,,,,,,2,chunk-3200-3224-20260828-102202|chunk-3200-3224-20260828-103437
3200,3230,0,16,62,0,53,-1,,PAINT,-1,-1,6383375,12050,12041,12041,12050,,,,#61670F,2,chunk-3200-3224-20260828-102202|chunk-3200-3224-20260828-103437
3200,3231,0,16,63,0,53,-1,,PAINT,-1,-1,6383375,12050,12041,12041,12050,,,,#61670F,2,chunk-3200-3224-20260828-102202|chunk-3200-3224-20260828-103437
3201,3200,0,17,40,0,48,-1,,PAINT,-1,-1,4809487,15122,15119,15122,15124,,,,#49630F,1,chunk-3200-3200-20260828-095443
3201,3201,0,17,41,0,48,-1,,PAINT,-1,-1,5268239,14100,14098,14096,14099,,,,#50630F,1,chunk-3200-3200-20260828-095443
3201,3202,0,17,42,0,48,-1,,PAINT,-1,-1,5924623,13076,13073,13070,13073,,,,#5A670F,1,chunk-3200-3200-20260828-095443
3201,3203,0,17,43,0,48,-1,,MODEL,2,2,,,,,,5924623,6575407,13068/13073/13070|7569/7567/7569,,1,chunk-3200-3200-20260828-095443
3201,3203,1,17,43,1,-1,-1,,NONE,-1,-1,,,,,,,,,,1,chunk-3200-3200-20260828-095443
3201,3204,0,17,44,0,47,-1,,MODEL,6,0,,,,,,6383375,6575407,12046/12055/12048|7567/7569/7572|7567/7572/7564,,1,chunk-3200-3200-20260828-095443
3201,3204,1,17,44,1,-1,-1,,NONE,-1,-1,,,,,,,,,,1,chunk-3200-3200-20260828-095443
3201,3205,0,17,45,0,47,-1,,MODEL,4,2,,,,,,6383375,6575407,12059/12041/12048|12059/12048/12055|7564/7564/7572,,1,chunk-3200-3200-20260828-095443
3201,3205,1,17,45,1,-1,-1,,NONE,-1,-1,,,,,,,,,,1,chunk-3200-3200-20260828-095443
3201,3206,0,17,46,0,47,-1,,PAINT,-1,-1,6383375,12041,12059,12059,12041,,,,#61670F,1,chunk-3200-3200-20260828-095443
3201,3206,1,17,46,1,-1,-1,,NONE,-1,-1,,,,,,,,,,1,chunk-3200-3200-20260828-095443
3201,3207,0,17,47,0,47,-1,,PAINT,-1,-1,6383375,12041,12059,12059,12041,,,,#61670F,1,chunk-3200-3200-20260828-095443
3201,3207,1,17,47,1,-1,-1,,NONE,-1,-1,,,,,,,,,,1,chunk-3200-3200-20260828-095443
3201,3208,0,17,40,0,47,-1,,PAINT,-1,-1,6383375,12041,12059,12059,12041,,,,#61670F,1,chunk-3200-3208-20260828-102210
3201,3208,1,17,40,1,-1,-1,,NONE,-1,-1,,,,,,,,,,1,chunk-3200-3208-20260828-102210
3201,3209,0,17,41,0,95,-1,,PAINT,-1,-1,6383375,12041,12059,12059,12041,,,,#61670F,1,chunk-3200-3208-20260828-102210
3201,3209,1,17,41,1,-1,-1,,NONE,-1,-1,,,,,,,,,,1,chunk-3200-3208-20260828-102210
3201,3210,0,17,42,0,47,-1,,PAINT,-1,-1,6383375,12041,12059,12057,12041,,,,#61670F,1,chunk-3200-3208-20260828-102210
3201,3210,1,17,42,1,-1,-1,,NONE,-1,-1,,,,,,,,,,1,chunk-3200-3208-20260828-102210
3201,3211,0,17,43,0,47,-1,,PAINT,-1,-1,5924623,13065,13081,13081,13065,,,,#5A670F,1,chunk-3200-3208-20260828-102210
3201,3211,1,17,43,1,-1,-1,,NONE,-1,-1,,,,,,,,,,1,chunk-3200-3208-20260828-102210
3201,3212,0,17,44,0,47,-1,,PAINT,-1,-1,5924623,13065,13081,13081,13065,,,,#5A670F,1,chunk-3200-3208-20260828-102210
3201,3212,1,17,44,1,-1,-1,,NONE,-1,-1,,,,,,,,,,1,chunk-3200-3208-20260828-102210
3201,3213,0,17,45,0,47,-1,,PAINT,-1,-1,5465871,14089,14105,14103,14089,,,,#53670F,1,chunk-3200-3208-20260828-102210
3201,3213,1,17,45,1,-1,-1,,NONE,-1,-1,,,,,,,,,,1,chunk-3200-3208-20260828-102210
3201,3214,0,17,46,0,47,-1,,PAINT,-1,-1,5465871,14089,14103,14103,14089,,,,#53670F,1,chunk-3200-3208-20260828-102210
3201,3214,1,17,46,1,-1,-1,,NONE,-1,-1,,,,,,,,,,1,chunk-3200-3208-20260828-102210
3201,3215,0,17,47,0,47,-1,,PAINT,-1,-1,4941583,15113,15127,15127,15113,,,,#4B670F,1,chunk-3200-3208-20260828-102210
3201,3215,1,17,47,1,-1,-1,,NONE,-1,-1,,,,,,,,,,1,chunk-3200-3208-20260828-102210
3201,3216,0,17,56,0,47,-1,,PAINT,-1,-1,4941583,15113,15127,15119,15111,,,,#4B670F,1,chunk-3200-3216-20260828-095435
3201,3216,1,17,56,1,-1,-1,,NONE,-1,-1,,,,,,,,,,1,chunk-3200-3216-20260828-095435
3201,3217,0,17,57,0,47,-1,,PAINT,-1,-1,4941583,15111,15119,15115,15109,,,,#4B670F,1,chunk-3200-3216-20260828-095435
3201,3217,1,17,57,1,-1,-1,,NONE,-1,-1,,,,,,,,,,1,chunk-3200-3216-20260828-095435
3201,3218,0,17,58,0,47,-1,,PAINT,-1,-1,4941583,15109,15115,15118,15113,,,,#4B670F,1,chunk-3200-3216-20260828-095435
3201,3218,1,17,58,1,-1,-1,,NONE,-1,-1,,,,,,,,,,1,chunk-3200-3216-20260828-095435
3201,3219,0,17,59,0,47,-1,,PAINT,-1,-1,4941583,15113,15118,15121,15111,,,,#4B670F,1,chunk-3200-3216-20260828-095435
3201,3219,1,17,59,1,-1,-1,,NONE,-1,-1,,,,,,,,,,1,chunk-3200-3216-20260828-095435
3201,3220,0,17,60,0,47,-1,,PAINT,-1,-1,4941583,15111,15121,15123,15113,,,,#4B670F,1,chunk-3200-3216-20260828-095435
3201,3220,1,17,60,1,-1,-1,,NONE,-1,-1,,,,,,,,,,1,chunk-3200-3216-20260828-095435
3201,3221,0,17,61,0,47,-1,,PAINT,-1,-1,4941583,15113,15123,15125,15113,,,,#4B670F,1,chunk-3200-3216-20260828-095435
3201,3221,1,17,61,1,-1,-1,,NONE,-1,-1,,,,,,,,,,1,chunk-3200-3216-20260828-095435
3201,3222,0,17,62,0,47,-1,,PAINT,-1,-1,4941583,15113,15125,15127,15113,,,,#4B670F,1,chunk-3200-3216-20260828-095435
3201,3222,1,17,62,1,-1,-1,,NONE,-1,-1,,,,,,,,,,1,chunk-3200-3216-20260828-095435
3201,3223,0,17,63,0,47,-1,,PAINT,-1,-1,5465871,14089,14103,14105,14089,,,,#53670F,1,chunk-3200-3216-20260828-095435
3201,3223,1,17,63,1,-1,-1,,NONE,-1,-1,,,,,,,,,,1,chunk-3200-3216-20260828-095435
3201,3224,0,17,56,0,47,-1,,PAINT,-1,-1,5465871,14089,14105,14105,14089,,,,#53670F,2,chunk-3200-3224-20260828-102202|chunk-3200-3224-20260828-103437
3201,3224,1,17,56,1,-1,-1,,NONE,-1,-1,,,,,,,,,,2,chunk-3200-3224-20260828-102202|chunk-3200-3224-20260828-103437
3201,3225,0,17,57,0,47,-1,,PAINT,-1,-1,5924623,13065,13081,13081,13065,,,,#5A670F,2,chunk-3200-3224-20260828-102202|chunk-3200-3224-20260828-103437
3201,3225,1,17,57,1,-1,-1,,NONE,-1,-1,,,,,,,,,,2,chunk-3200-3224-20260828-102202|chunk-3200-3224-20260828-103437
3201,3226,0,17,58,0,47,-1,,PAINT,-1,-1,5924623,13065,13081,13081,13065,,,,#5A670F,2,chunk-3200-3224-20260828-102202|chunk-3200-3224-20260828-103437
3201,3226,1,17,58,1,-1,-1,,NONE,-1,-1,,,,,,,,,,2,chunk-3200-3224-20260828-102202|chunk-3200-3224-20260828-103437
3201,3227,0,17,59,0,47,-1,,PAINT,-1,-1,6383375,12041,12057,12059,12041,,,,#61670F,2,chunk-3200-3224-20260828-102202|chunk-3200-3224-20260828-103437
3201,3227,1,17,59,1,-1,-1,,NONE,-1,-1,,,,,,,,,,2,chunk-3200-3224-20260828-102202|chunk-3200-3224-20260828-103437
3201,3228,0,17,60,0,47,-1,,PAINT,-1,-1,6383375,12041,12059,12059,12041,,,,#61670F,2,chunk-3200-3224-20260828-102202|chunk-3200-3224-20260828-103437
3201,3228,1,17,60,1,-1,-1,,NONE,-1,-1,,,,,,,,,,2,chunk-3200-3224-20260828-102202|chunk-3200-3224-20260828-103437
3201,3229,0,17,61,0,53,-1,,PAINT,-1,-1,6383375,12041,12059,12059,12041,,,,#61670F,2,chunk-3200-3224-20260828-102202|chunk-3200-3224-20260828-103437
3201,3229,1,17,61,1,-1,-1,,NONE,-1,-1,,,,,,,,,,2,chunk-3200-3224-20260828-102202|chunk-3200-3224-20260828-103437
3201,3230,0,17,62,0,53,-1,,PAINT,-1,-1,6383375,12041,12059,12059,12041,,,,#61670F,2,chunk-3200-3224-20260828-102202|chunk-3200-3224-20260828-103437
3201,3230,1,17,62,1,-1,-1,,NONE,-1,-1,,,,,,,,,,2,chunk-3200-3224-20260828-102202|chunk-3200-3224-20260828-103437
3201,3231,0,17,63,0,53,-1,,PAINT,-1,-1,6383375,12041,12059,12059,12041,,,,#61670F,2,chunk-3200-3224-20260828-102202|chunk-3200-3224-20260828-103437
3201,3231,1,17,63,1,-1,-1,,NONE,-1,-1,,,,,,,,,,2,chunk-3200-3224-20260828-102202|chunk-3200-3224-20260828-103437
3202,3200,0,18,40,0,48,-1,,PAINT,-1,-1,4941583,15120,15117,15121,15122,,,,#4B670F,1,chunk-3200-3200-20260828-095443
3202,3201,0,18,41,0,48,-1,,PAINT,-1,-1,5465871,14098,14097,14094,14097,,,,#53670F,1,chunk-3200-3200-20260828-095443
3202,3202,0,18,42,0,48,-1,,MODEL,2,2,,,,,,5924623,6575407,13070/13073/13070|7569/7569/7569,,1,chunk-3200-3200-20260828-095443
3202,3202,1,18,42,1,-1,-1,,NONE,-1,-1,,,,,,,,,,1,chunk-3200-3200-20260828-095443
3202,3203,0,18,43,0,48,-1,,MODEL,2,0,,,,,,5924623,6575407,13070/13085/13070|7569/7569/7569,,1,chunk-3200-3200-20260828-095443
3202,3203,1,18,43,1,-1,-1,,NONE,-1,-1,,,,,,,,,,1,chunk-3200-3200-20260828-095443
3202,3204,0,18,44,0,47,-1,,PAINT,-1,-1,6383375,12046,12061,12067,12055,,,,#61670F,1,chunk-3200-3200-20260828-095443
3202,3205,0,18,45,0,47,-1,,PAINT,-1,-1,6383375,12055,12067,12066,12059,,,,#61670F,1,chunk-3200-3200-20260828-095443
3202,3206,0,18,46,0,47,-1,,PAINT,-1,-1,6776335,11035,11042,11037,11035,,,,#67660F,1,chunk-3200-3200-20260828-095443
3202,3207,0,18,47,0,47,-1,,PAINT,-1,-1,6776335,11035,11037,11037,11035,,,,#67660F,1,chunk-3200-3200-20260828-095443
3202,3208,0,18,40,0,95,-1,,PAINT,-1,-1,6776335,11035,11037,11037,11035,,,,#67660F,1,chunk-3200-3208-20260828-102210
3202,3209,0,18,41,0,95,-1,,PAINT,-1,-1,6383375,12059,12061,12059,12059,,,,#61670F,1,chunk-3200-3208-20260828-102210
3202,3210,0,18,42,0,95,-1,,PAINT,-1,-1,6383375,12059,12059,12059,12057,,,,#61670F,1,chunk-3200-3208-20260828-102210
3202,3211,0,18,43,0,95,-1,,PAINT,-1,-1,6383375,12057,12059,12062,12057,,,,#61670F,1,chunk-3200-3208-20260828-102210
3202,3212,0,18,44,0,95,-1,,PAINT,-1,-1,5924623,13081,13086,13084,13081,,,,#5A670F,1,chunk-3200-3208-20260828-102210
3202,3213,0,18,45,0,95,-1,,PAINT,-1,-1,5924623,13081,13084,13084,13079,,,,#5A670F,1,chunk-3200-3208-20260828-102210
3202,3214,0,18,46,0,95,-1,,PAINT,-1,-1,5465871,14103,14108,14109,14103,,,,#53670F,1,chunk-3200-3208-20260828-102210
3202,3215,0,18,47,0,95,-1,,PAINT,-1,-1,5465871,14103,14109,14104,14103,,,,#53670F,1,chunk-3200-3208-20260828-102210
3202,3216,0,18,56,0,95,-1,,PAINT,-1,-1,5465871,14103,14104,14105,14095,,,,#53670F,1,chunk-3200-3216-20260828-095435
3202,3217,0,18,57,0,47,-1,,PAINT,-1,-1,4941583,15119,15129,15131,15115,,,,#4B670F,1,chunk-3200-3216-20260828-095435
3202,3218,0,18,58,0,47,-1,,PAINT,-1,-1,4941583,15115,15131,15134,15118,,,,#4B670F,1,chunk-3200-3216-20260828-095435
3202,3219,0,18,59,0,47,-1,,PAINT,-1,-1,5465871,14094,14110,14112,14097,,,,#53670F,1,chunk-3200-3216-20260828-095435
3202,3220,0,18,60,0,47,-1,,PAINT,-1,-1,5465871,14097,14112,14113,14099,,,,#53670F,1,chunk-3200-3216-20260828-095435
3202,3221,0,18,61,0,47,-1,,PAINT,-1,-1,5465871,14099,14113,14113,14101,,,,#53670F,1,chunk-3200-3216-20260828-095435
3202,3222,0,18,62,0,47,-1,,PAINT,-1,-1,5465871,14101,14113,14113,14103,,,,#53670F,1,chunk-3200-3216-20260828-095435
3202,3223,0,18,63,0,47,-1,,PAINT,-1,-1,5465871,14103,14113,14111,14105,,,,#53670F,1,chunk-3200-3216-20260828-095435
3202,3224,0,18,56,0,47,-1,,PAINT,-1,-1,5924623,13081,13087,13086,13081,,,,#5A670F,2,chunk-3200-3224-20260828-102202|chunk-3200-3224-20260828-103437
3202,3225,0,18,57,0,47,-1,,PAINT,-1,-1,5924623,13081,13086,13086,13081,,,,#5A670F,2,chunk-3200-3224-20260828-102202|chunk-3200-3224-20260828-103437
3202,3226,0,18,58,0,47,-1,,PAINT,-1,-1,6383375,12057,12062,12065,12057,,,,#61670F,2,chunk-3200-3224-20260828-102202|chunk-3200-3224-20260828-103437
3202,3227,0,18,59,0,47,-1,,PAINT,-1,-1,6383375,12057,12065,12065,12059,,,,#61670F,2,chunk-3200-3224-20260828-102202|chunk-3200-3224-20260828-103437
3202,3228,0,18,60,0,47,-1,,PAINT,-1,-1,6383375,12059,12065,12061,12059,,,,#61670F,2,chunk-3200-3224-20260828-102202|chunk-3200-3224-20260828-103437
3202,3229,0,18,61,0,53,-1,,PAINT,-1,-1,6383375,12059,12061,12061,12059,,,,#61670F,2,chunk-3200-3224-20260828-102202|chunk-3200-3224-20260828-103437
3202,3230,0,18,62,0,53,-1,,PAINT,-1,-1,6383375,12059,12061,12061,12059,,,,#61670F,2,chunk-3200-3224-20260828-102202|chunk-3200-3224-20260828-103437
3202,3231,0,18,63,0,53,-1,,PAINT,-1,-1,6776335,11035,11037,11036,11035,,,,#67660F,2,chunk-3200-3224-20260828-102202|chunk-3200-3224-20260828-103437
3203,3200,0,19,40,0,48,-1,,PAINT,-1,-1,5465871,14093,14093,14092,14097,,,,#53670F,1,chunk-3200-3200-20260828-095443
3203,3201,0,19,41,0,48,-1,,MODEL,2,2,,,,,,5465871,6575407,14094/14097/14092|7569/7569/7567,,1,chunk-3200-3200-20260828-095443
3203,3201,1,19,41,1,-1,-1,,NONE,-1,-1,,,,,,,,,,1,chunk-3200-3200-20260828-095443
3203,3202,0,19,42,0,48,-1,,MODEL,2,0,,,,,,5924623,6575407,13070/13081/13070|7569/7569/7569,,1,chunk-3200-3200-20260828-095443
3203,3202,1,19,42,1,-1,-1,,NONE,-1,-1,,,,,,,,,,1,chunk-3200-3200-20260828-095443
3203,3203,0,19,43,0,47,-1,,PAINT,-1,-1,5924623,13070,13081,13087,13085,,,,#5A670F,1,chunk-3200-3200-20260828-095443
3203,3204,0,19,44,0,47,-1,,PAINT,-1,-1,6383375,12061,12063,12062,12067,,,,#61670F,1,chunk-3200-3200-20260828-095443
3203,3205,0,19,45,0,47,-1,,PAINT,-1,-1,6383375,12067,12062,12055,12066,,,,#61670F,1,chunk-3200-3200-20260828-095443
3203,3206,0,19,46,0,47,-1,,PAINT,-1,-1,6776335,11042,11031,11019,11037,,,,#67660F,1,chunk-3200-3200-20260828-095443
3203,3206,1,19,46,1,-1,-1,,NONE,-1,-1,,,,,,,,,,1,chunk-3200-3200-20260828-095443
3203,3206,2,19,46,2,-1,-1,,NONE,-1,-1,,,,,,,,,,1,chunk-3200-3200-20260828-095443
3203,3207,0,19,47,0,47,-1,,PAINT,-1,-1,6383375,12061,12043,12041,12061,,,,#61670F,1,chunk-3200-3200-20260828-095443
3203,3207,1,19,47,1,-1,-1,,NONE,-1,-1,,,,,,,,,,1,chunk-3200-3200-20260828-095443
3203,3207,2,19,47,2,-1,-1,,NONE,-1,-1,,,,,,,,,,1,chunk-3200-3200-20260828-095443
3203,3208,0,19,40,0,95,-1,,PAINT,-1,-1,6383375,12061,12041,12042,12061,,,,#61670F,1,chunk-3200-3208-20260828-102210
3203,3208,1,19,40,1,-1,-1,,NONE,-1,-1,,,,,,,,,,1,chunk-3200-3208-20260828-102210
3203,3208,2,19,40,2,-1,-1,,NONE,-1,-1,,,,,,,,,,1,chunk-3200-3208-20260828-102210
3203,3209,0,19,41,0,95,-1,,PAINT,-1,-1,6383375,12061,12042,12047,12059,,,,#61670F,1,chunk-3200-3208-20260828-102210
3203,3209,1,19,41,1,-1,-1,,NONE,-1,-1,,,,,,,,,,1,chunk-3200-3208-20260828-102210
3203,3209,2,19,41,2,-1,-1,,NONE,-1,-1,,,,,,,,,,1,chunk-3200-3208-20260828-102210
3203,3210,0,19,42,0,95,-1,,PAINT,-1,-1,6383375,12059,12047,12054,12059,,,,#61670F,1,chunk-3200-3208-20260828-102210
3203,3211,0,19,43,0,95,-1,,PAINT,-1,-1,6383375,12059,12054,12054,12062,,,,#61670F,1,chunk-3200-3208-20260828-102210
3203,3212,0,19,44,0,95,-1,,PAINT,-1,-1,6383375,12062,12054,12052,12060,,,,#61670F,1,chunk-3200-3208-20260828-102210
3203,3213,0,19,45,0,95,-1,,PAINT,-1,-1,5924623,13084,13076,13076,13084,,,,#5A670F,1,chunk-3200-3208-20260828-102210
3203,3214,0,19,46,0,95,-1,,PAINT,-1,-1,5924623,13084,13076,13073,13085,,,,#5A670F,1,chunk-3200-3208-20260828-102210
3203,3215,0,19,47,0,95,-1,,PAINT,-1,-1,5924623,13085,13073,13076,13080,,,,#5A670F,1,chunk-3200-3208-20260828-102210
3203,3216,0,19,56,0,95,-1,,PAINT,-1,-1,5465871,14104,14100,14108,14105,,,,#53670F,1,chunk-3200-3216-20260828-095435
3203,3217,0,19,57,0,95,-1,,PAINT,-1,-1,5465871,14105,14108,14109,14107,,,,#53670F,1,chunk-3200-3216-20260828-095435
3203,3218,0,19,58,0,95,-1,,PAINT,-1,-1,5465871,14107,14109,14109,14110,,,,#53670F,1,chunk-3200-3216-20260828-095435
3203,3219,0,19,59,0,95,-1,,PAINT,-1,-1,5465871,14110,14109,14109,14112,,,,#53670F,1,chunk-3200-3216-20260828-095435
3203,3220,0,19,60,0,95,-1,,PAINT,-1,-1,5465871,14112,14109,14107,14113,,,,#53670F,1,chunk-3200-3216-20260828-095435
3203,3221,0,19,61,0,47,-1,,PAINT,-1,-1,5465871,14113,14107,14106,14113,,,,#53670F,1,chunk-3200-3216-20260828-095435
3203,3222,0,19,62,0,47,-1,,PAINT,-1,-1,5465871,14113,14106,14104,14113,,,,#53670F,1,chunk-3200-3216-20260828-095435
3203,3223,0,19,63,0,53,-1,,PAINT,-1,-1,5924623,13089,13080,13078,13087,,,,#5A670F,1,chunk-3200-3216-20260828-095435
3203,3224,0,19,56,0,53,-1,,PAINT,-1,-1,5924623,13087,13078,13078,13086,,,,#5A670F,2,chunk-3200-3224-20260828-102202|chunk-3200-3224-20260828-103437
3203,3225,0,19,57,0,53,-1,,PAINT,-1,-1,6383375,12062,12054,12054,12062,,,,#61670F,2,chunk-3200-3224-20260828-102202|chunk-3200-3224-20260828-103437
3203,3226,0,19,58,0,47,-1,,PAINT,-1,-1,6383375,12062,12054,12054,12065,,,,#61670F,2,chunk-3200-3224-20260828-102202|chunk-3200-3224-20260828-103437
3203,3227,0,19,59,0,47,-1,,PAINT,-1,-1,6383375,12065,12054,12049,12065,,,,#61670F,2,chunk-3200-3224-20260828-102202|chunk-3200-3224-20260828-103437
3203,3228,0,19,60,0,47,-1,,PAINT,-1,-1,6383375,12065,12049,12044,12061,,,,#61670F,2,chunk-3200-3224-20260828-102202|chunk-3200-3224-20260828-103437
3203,3228,1,19,60,1,-1,-1,,NONE,-1,-1,,,,,,,,,,2,chunk-3200-3224-20260828-102202|chunk-3200-3224-20260828-103437
3203,3228,2,19,60,2,-1,-1,,NONE,-1,-1,,,,,,,,,,2,chunk-3200-3224-20260828-102202|chunk-3200-3224-20260828-103437
3203,3229,0,19,61,0,53,-1,,PAINT,-1,-1,6383375,12061,12044,12041,12061,,,,#61670F,2,chunk-3200-3224-20260828-102202|chunk-3200-3224-20260828-103437
3203,3229,1,19,61,1,-1,-1,,NONE,-1,-1,,,,,,,,,,2,chunk-3200-3224-20260828-102202|chunk-3200-3224-20260828-103437
3203,3229,2,19,61,2,-1,-1,,NONE,-1,-1,,,,,,,,,,2,chunk-3200-3224-20260828-102202|chunk-3200-3224-20260828-103437
3203,3230,0,19,62,0,53,-1,,PAINT,-1,-1,6383375,12061,12041,12041,12061,,,,#61670F,2,chunk-3200-3224-20260828-102202|chunk-3200-3224-20260828-103437
3203,3230,1,19,62,1,-1,-1,,NONE,-1,-1,,,,,,,,,,2,chunk-3200-3224-20260828-102202|chunk-3200-3224-20260828-103437
3203,3230,2,19,62,2,-1,-1,,NONE,-1,-1,,,,,,,,,,2,chunk-3200-3224-20260828-102202|chunk-3200-3224-20260828-103437
3203,3231,0,19,63,0,53,-1,,PAINT,-1,-1,6776335,11037,11017,11022,11036,,,,#67660F,2,chunk-3200-3224-20260828-102202|chunk-3200-3224-20260828-103437
3203,3231,1,19,63,1,-1,-1,,NONE,-1,-1,,,,,,,,,,2,chunk-3200-3224-20260828-102202|chunk-3200-3224-20260828-103437
3203,3231,2,19,63,2,-1,-1,,NONE,-1,-1,,,,,,,,,,2,chunk-3200-3224-20260828-102202|chunk-3200-3224-20260828-103437
3204,3200,0,20,40,0,48,-1,,PAINT,-1,-1,5465871,14093,14093,14089,14092,,,,#53670F,1,chunk-3200-3200-20260828-095443
3204,3200,1,20,40,1,-1,-1,,NONE,-1,-1,,,,,,,,,,1,chunk-3200-3200-20260828-095443
3204,3201,0,20,41,0,48,-1,,PAINT,-1,-1,6575407,7567,7563,7573,7569,,,,#64552F,1,chunk-3200-3200-20260828-095443
3204,3201,1,20,41,1,-1,-1,,NONE,-1,-1,,,,,,,,,,1,chunk-3200-3200-20260828-095443
3204,3202,0,20,42,0,48,-1,,PAINT,-1,-1,5924623,13070,13073,13082,13081,,,,#5A670F,1,chunk-3200-3200-20260828-095443
3204,3203,0,20,43,0,47,-1,,PAINT,-1,-1,6383375,12057,12058,12059,12063,,,,#61670F,1,chunk-3200-3200-20260828-095443
3204,3204,0,20,44,0,47,-1,,PAINT,-1,-1,6383375,12063,12059,12058,12062,,,,#61670F,1,chunk-3200-3200-20260828-095443
3204,3205,0,20,45,0,47,-1,,PAINT,-1,-1,6383375,12062,12058,12054,12055,,,,#61670F,1,chunk-3200-3200-20260828-095443
3204,3206,0,20,46,0,47,-1,,PAINT,-1,-1,6776335,11031,11030,11017,11019,,,,#67660F,1,chunk-3200-3200-20260828-095443
3204,3206,1,20,46,1,-1,-1,,NONE,-1,-1,,,,,,,,,,1,chunk-3200-3200-20260828-095443
3204,3206,2,20,46,2,-1,-1,,NONE,-1,-1,,,,,,,,,,1,chunk-3200-3200-20260828-095443
3204,3207,0,20,47,0,95,-1,,PAINT,-1,-1,5458763,14,11,12,11,,,,#534B4B,1,chunk-3200-3200-20260828-095443
3204,3207,1,20,47,1,-1,-1,,MODEL,10,3,,,,,,0,5458763,12345678/12345678/12345678|12345678/12345678/12345678|12345678/12345678/12345678|11/12/14|12/12/14|12/11/14,,1,chunk-3200-3200-20260828-095443
3204,3207,2,20,47,2,-1,-1,,MODEL,10,3,,,,,,0,5458763,12345678/12345678/12345678|12345678/12345678/12345678|12345678/12345678/12345678|12/13/14|13/13/14|13/12/14,,1,chunk-3200-3200-20260828-095443
3204,3208,0,20,40,0,95,-1,,PAINT,-1,-1,5458763,11,12,13,13,,,,#534B4B,1,chunk-3200-3208-20260828-102210
3204,3208,1,20,40,1,-1,-1,,MODEL,10,0,,,,,,0,5458763,12345678/12345678/12345678|12345678/12345678/12345678|12345678/12345678/12345678|11/12/13|12/13/13|13/13/13,,1,chunk-3200-3208-20260828-102210
3204,3208,2,20,40,2,-1,-1,,MODEL,10,0,,,,,,0,5458763,12345678/12345678/12345678|12345678/12345678/12345678|12345678/12345678/12345678|12/13/14|13/14/14|14/15/14,,1,chunk-3200-3208-20260828-102210
3204,3209,0,20,41,0,95,-1,,MODEL,2,3,,,,,,6383375,5458763,12041/12047/12042|13/12/13,,1,chunk-3200-3208-20260828-102210
3204,3209,1,20,41,1,-1,-1,,MODEL,2,3,,,,,,0,5458763,12345678/12345678/12345678|13/14/13,,1,chunk-3200-3208-20260828-102210
3204,3209,2,20,41,2,-1,-1,,MODEL,2,3,,,,,,0,5458763,12345678/12345678/12345678|15/15/14,,1,chunk-3200-3208-20260828-102210
3204,3210,0,20,42,0,95,-1,,PAINT,-1,-1,6383375,12047,12041,12041,12054,,,,#61670F,1,chunk-3200-3208-20260828-102210
3204,3210,1,20,42,1,-1,-1,,NONE,-1,-1,,,,,,,,,,1,chunk-3200-3208-20260828-102210
3204,3210,2,20,42,2,-1,-1,,NONE,-1,-1,,,,,,,,,,1,chunk-3200-3208-20260828-102210
3204,3211,0,20,43,0,95,-1,,PAINT,-1,-1,6383375,12054,12041,12040,12054,,,,#61670F,1,chunk-3200-3208-20260828-102210
3204,3211,1,20,43,1,-1,-1,,NONE,-1,-1,,,,,,,,,,1,chunk-3200-3208-20260828-102210
3204,3211,2,20,43,2,-1,-1,,NONE,-1,-1,,,,,,,,,,1,chunk-3200-3208-20260828-102210
3204,3212,0,20,44,0,95,-1,,PAINT,-1,-1,6383375,12054,12040,12040,12052,,,,#61670F,1,chunk-3200-3208-20260828-102210
3204,3212,1,20,44,1,-1,-1,,NONE,-1,-1,,,,,,,,,,1,chunk-3200-3208-20260828-102210
3204,3212,2,20,44,2,-1,-1,,NONE,-1,-1,,,,,,,,,,1,chunk-3200-3208-20260828-102210
3204,3213,0,20,45,0,95,-1,,PAINT,-1,-1,6383375,12052,12040,12040,12052,,,,#61670F,1,chunk-3200-3208-20260828-102210
3204,3213,1,20,45,1,-1,-1,,NONE,-1,-1,,,,,,,,,,1,chunk-3200-3208-20260828-102210
3204,3213,2,20,45,2,-1,-1,,NONE,-1,-1,,,,,,,,,,1,chunk-3200-3208-20260828-102210
3204,3214,0,20,46,0,95,-1,,PAINT,-1,-1,5458763,25,10,8,22,,,,#534B4B,1,chunk-3200-3208-20260828-102210
3204,3214,1,20,46,1,-1,-1,,NONE,-1,-1,,,,,,,,,,1,chunk-3200-3208-20260828-102210
3204,3214,2,20,46,2,-1,-1,,NONE,-1,-1,,,,,,,,,,1,chunk-3200-3208-20260828-102210
3204,3215,0,20,47,0,95,-1,,PAINT,-1,-1,5924623,13073,13062,13064,13076,,,,#5A670F,1,chunk-3200-3208-20260828-102210
3204,3215,1,20,47,1,-1,-1,,NONE,-1,-1,,,,,,,,,,1,chunk-3200-3208-20260828-102210
3204,3215,2,20,47,2,-1,-1,,NONE,-1,-1,,,,,,,,,,1,chunk-3200-3208-20260828-102210
3204,3216,0,20,56,0,95,-1,,PAINT,-1,-1,5924623,13076,13064,13065,13084,,,,#5A670F,1,chunk-3200-3216-20260828-095435
3204,3216,1,20,56,1,-1,-1,,NONE,-1,-1,,,,,,,,,,1,chunk-3200-3216-20260828-095435
3204,3216,2,20,56,2,-1,-1,,NONE,-1,-1,,,,,,,,,,1,chunk-3200-3216-20260828-095435
3204,3217,0,20,57,0,95,-1,,PAINT,-1,-1,5465871,14108,14089,14088,14109,,,,#53670F,1,chunk-3200-3216-20260828-095435
3204,3217,1,20,57,1,-1,-1,,NONE,-1,-1,,,,,,,,,,1,chunk-3200-3216-20260828-095435
3204,3217,2,20,57,2,-1,-1,,NONE,-1,-1,,,,,,,,,,1,chunk-3200-3216-20260828-095435
3204,3218,0,20,58,0,95,-1,,PAINT,-1,-1,5465871,14109,14088,14089,14109,,,,#53670F,1,chunk-3200-3216-20260828-095435
3204,3218,1,20,58,1,-1,-1,,NONE,-1,-1,,,,,,,,,,1,chunk-3200-3216-20260828-095435
3204,3218,2,20,58,2,-1,-1,,NONE,-1,-1,,,,,,,,,,1,chunk-3200-3216-20260828-095435
3204,3219,0,20,59,0,95,-1,,PAINT,-1,-1,5465871,14109,14089,14089,14109,,,,#53670F,1,chunk-3200-3216-20260828-095435
3204,3219,1,20,59,1,-1,-1,,NONE,-1,-1,,,,,,,,,,1,chunk-3200-3216-20260828-095435
3204,3219,2,20,59,2,-1,-1,,NONE,-1,-1,,,,,,,,,,1,chunk-3200-3216-20260828-095435
3204,3220,0,20,60,0,95,-1,,PAINT,-1,-1,5924623,13085,13065,13065,13083,,,,#5A670F,1,chunk-3200-3216-20260828-095435
3204,3220,1,20,60,1,-1,-1,,NONE,-1,-1,,,,,,,,,,1,chunk-3200-3216-20260828-095435
3204,3220,2,20,60,2,-1,-1,,NONE,-1,-1,,,,,,,,,,1,chunk-3200-3216-20260828-095435
3204,3221,0,20,61,0,95,-1,,PAINT,-1,-1,5924623,13083,13065,13065,13082,,,,#5A670F,1,chunk-3200-3216-20260828-095435
3204,3221,1,20,61,1,-1,-1,,NONE,-1,-1,,,,,,,,,,1,chunk-3200-3216-20260828-095435
3204,3221,2,20,61,2,-1,-1,,NONE,-1,-1,,,,,,,,,,1,chunk-3200-3216-20260828-095435
3204,3222,0,20,62,0,53,-1,,PAINT,-1,-1,5924623,13082,13065,13065,13080,,,,#5A670F,1,chunk-3200-3216-20260828-095435
3204,3222,1,20,62,1,-1,-1,,NONE,-1,-1,,,,,,,,,,1,chunk-3200-3216-20260828-095435
3204,3222,2,20,62,2,-1,-1,,NONE,-1,-1,,,,,,,,,,1,chunk-3200-3216-20260828-095435
3204,3223,0,20,63,0,53,6,,PAINT,-1,-1,5924623,13080,13065,13065,13078,,,,#5A670F,1,chunk-3200-3216-20260828-095435
3204,3223,1,20,63,1,-1,-1,,NONE,-1,-1,,,,,,,,,,1,chunk-3200-3216-20260828-095435
3204,3223,2,20,63,2,-1,-1,,NONE,-1,-1,,,,,,,,,,1,chunk-3200-3216-20260828-095435
3204,3224,0,20,56,0,53,6,,PAINT,-1,-1,5924623,13078,13065,13065,13078,,,,#5A670F,2,chunk-3200-3224-20260828-102202|chunk-3200-3224-20260828-103437
3204,3224,1,20,56,1,-1,-1,,NONE,-1,-1,,,,,,,,,,2,chunk-3200-3224-20260828-102202|chunk-3200-3224-20260828-103437
3204,3224,2,20,56,2,-1,-1,,NONE,-1,-1,,,,,,,,,,2,chunk-3200-3224-20260828-102202|chunk-3200-3224-20260828-103437
3204,3225,0,20,57,0,53,6,,PAINT,-1,-1,6383375,12054,12041,12041,12054,,,,#61670F,2,chunk-3200-3224-20260828-102202|chunk-3200-3224-20260828-103437
3204,3225,1,20,57,1,-1,-1,,NONE,-1,-1,,,,,,,,,,2,chunk-3200-3224-20260828-102202|chunk-3200-3224-20260828-103437
3204,3225,2,20,57,2,-1,-1,,NONE,-1,-1,,,,,,,,,,2,chunk-3200-3224-20260828-102202|chunk-3200-3224-20260828-103437
3204,3226,0,20,58,0,53,-1,,PAINT,-1,-1,6383375,12054,12041,12040,12054,,,,#61670F,2,chunk-3200-3224-20260828-102202|chunk-3200-3224-20260828-103437
3204,3226,1,20,58,1,-1,-1,,NONE,-1,-1,,,,,,,,,,2,chunk-3200-3224-20260828-102202|chunk-3200-3224-20260828-103437
3204,3226,2,20,58,2,-1,-1,,NONE,-1,-1,,,,,,,,,,2,chunk-3200-3224-20260828-102202|chunk-3200-3224-20260828-103437
3204,3227,0,20,59,0,47,-1,,PAINT,-1,-1,6383375,12054,12040,12041,12049,,,,#61670F,2,chunk-3200-3224-20260828-102202|chunk-3200-3224-20260828-103437
3204,3227,1,20,59,1,-1,-1,,NONE,-1,-1,,,,,,,,,,2,chunk-3200-3224-20260828-102202|chunk-3200-3224-20260828-103437
3204,3227,2,20,59,2,-1,-1,,NONE,-1,-1,,,,,,,,,,2,chunk-3200-3224-20260828-102202|chunk-3200-3224-20260828-103437
3204,3228,0,20,60,0,47,-1,,MODEL,2,2,,,,,,6383375,5458763,12044/12049/12041|12/15/11,,2,chunk-3200-3224-20260828-102202|chunk-3200-3224-20260828-103437
3204,3228,1,20,60,1,-1,-1,,MODEL,2,2,,,,,,0,5458763,12345678/12345678/12345678|12/15/13,,2,chunk-3200-3224-20260828-102202|chunk-3200-3224-20260828-103437
3204,3228,2,20,60,2,-1,-1,,MODEL,2,2,,,,,,0,5458763,12345678/12345678/12345678|14/15/14,,2,chunk-3200-3224-20260828-102202|chunk-3200-3224-20260828-103437
3204,3229,0,20,61,0,53,-1,,PAINT,-1,-1,5458763,15,12,13,11,,,,#534B4B,2,chunk-3200-3224-20260828-102202|chunk-3200-3224-20260828-103437
3204,3229,1,20,61,1,-1,-1,,MODEL,10,3,,,,,,0,5458763,12345678/12345678/12345678|12345678/12345678/12345678|12345678/12345678/12345678|12/13/15|13/13/15|13/11/15,,2,chunk-3200-3224-20260828-102202|chunk-3200-3224-20260828-103437
3204,3229,2,20,61,2,-1,-1,,MODEL,10,3,,,,,,0,5458763,12345678/12345678/12345678|12345678/12345678/12345678|12345678/12345678/12345678|14/14/15|14/13/15|13/12/15,,2,chunk-3200-3224-20260828-102202|chunk-3200-3224-20260828-103437
3204,3230,0,20,62,0,53,-1,,PAINT,-1,-1,5458763,11,13,10,12,,,,#534B4B,2,chunk-3200-3224-20260828-102202|chunk-3200-3224-20260828-103437
3204,3230,1,20,62,1,-1,-1,,MODEL,10,0,,,,,,0,5458763,12345678/12345678/12345678|12345678/12345678/12345678|12345678/12345678/12345678|11/11/12|11/11/12|11/10/12,,2,chunk-3200-3224-20260828-102202|chunk-3200-3224-20260828-103437
3204,3230,2,20,62,2,-1,-1,,MODEL,10,0,,,,,,0,5458763,12345678/12345678/12345678|12345678/12345678/12345678|12345678/12345678/12345678|12/12/12|12/11/12|11/11/12,,2,chunk-3200-3224-20260828-102202|chunk-3200-3224-20260828-103437
3204,3231,0,20,63,0,53,6,,PAINT,-1,-1,6776335,11017,11016,11022,11022,,,,#67660F,2,chunk-3200-3224-20260828-102202|chunk-3200-3224-20260828-103437
3204,3231,1,20,63,1,-1,-1,,NONE,-1,-1,,,,,,,,,,2,chunk-3200-3224-20260828-102202|chunk-3200-3224-20260828-103437
3204,3231,2,20,63,2,-1,-1,,NONE,-1,-1,,,,,,,,,,2,chunk-3200-3224-20260828-102202|chunk-3200-3224-20260828-103437
3205,3200,0,21,40,0,48,-1,,PAINT,-1,-1,5465871,14093,14094,14089,14089,,,,#53670F,1,chunk-3200-3200-20260828-095443
3205,3201,0,21,41,0,48,-1,,PAINT,-1,-1,6575407,7563,7563,7574,7573,,,,#64552F,1,chunk-3200-3200-20260828-095443
3205,3201,1,21,41,1,-1,-1,,NONE,-1,-1,,,,,,,,,,1,chunk-3200-3200-20260828-095443
3205,3202,0,21,42,0,48,-1,,PAINT,-1,-1,5924623,13073,13074,13079,13082,,,,#5A670F,1,chunk-3200-3200-20260828-095443
3205,3203,0,21,43,0,47,-1,,PAINT,-1,-1,6383375,12058,12055,12055,12059,,,,#61670F,1,chunk-3200-3200-20260828-095443
3205,3204,0,21,44,0,47,-1,,PAINT,-1,-1,6383375,12059,12055,12056,12058,,,,#61670F,1,chunk-3200-3200-20260828-095443
3205,3205,0,21,45,0,47,-1,,PAINT,-1,-1,6383375,12058,12056,12056,12054,,,,#61670F,1,chunk-3200-3200-20260828-095443
3205,3206,0,21,46,0,95,-1,,PAINT,-1,-1,6383375,12054,12056,12042,12041,,,,#61670F,1,chunk-3200-3200-20260828-095443
3205,3206,1,21,46,1,-1,-1,,NONE,-1,-1,,,,,,,,,,1,chunk-3200-3200-20260828-095443
3205,3206,2,21,46,2,-1,-1,,NONE,-1,-1,,,,,,,,,,1,chunk-3200-3200-20260828-095443
3205,3207,0,21,47,0,95,-1,,PAINT,-1,-1,5458763,11,13,13,12,,,,#534B4B,1,chunk-3200-3200-20260828-095443
3205,3207,1,21,47,1,-1,-1,,MODEL,10,2,,,,,,0,5458763,12345678/12345678/12345678|12345678/12345678/12345678|12345678/12345678/12345678|13/13/13|13/12/13|12/11/13,,1,chunk-3200-3200-20260828-095443
3205,3207,2,21,47,2,-1,-1,,MODEL,10,2,,,,,,0,5458763,12345678/12345678/12345678|12345678/12345678/12345678|12345678/12345678/12345678|15/14/14|14/13/14|13/12/14,,1,chunk-3200-3200-20260828-095443
3205,3208,0,21,40,0,95,-1,,PAINT,-1,-1,5458763,12,13,15,13,,,,#534B4B,1,chunk-3200-3208-20260828-102210
3205,3208,1,21,40,1,-1,-1,,PAINT,-1,-1,5458763,12,13,17,13,,,,#534B4B,1,chunk-3200-3208-20260828-102210
3205,3208,2,21,40,2,-1,-1,,NONE,-1,-1,,,,,,,,,,1,chunk-3200-3208-20260828-102210
3205,3209,0,21,41,0,95,-1,,PAINT,-1,-1,5458763,13,15,12,12,,,,#534B4B,1,chunk-3200-3208-20260828-102210
3205,3209,1,21,41,1,-1,-1,,PAINT,-1,-1,5458763,13,17,20,14,,,,#534B4B,1,chunk-3200-3208-20260828-102210
3205,3209,2,21,41,2,-1,-1,,PAINT,-1,-1,5458763,15,19,20,15,,,,#534B4B,1,chunk-3200-3208-20260828-102210
3205,3210,0,21,42,0,95,-1,,PAINT,-1,-1,5458763,12,12,15,12,,,,#534B4B,1,chunk-3200-3208-20260828-102210
3205,3210,1,21,42,1,-1,-1,,PAINT,-1,-1,5458763,14,20,22,12,,,,#534B4B,1,chunk-3200-3208-20260828-102210
3205,3210,2,21,42,2,-1,-1,,PAINT,-1,-1,5458763,15,20,22,12,,,,#534B4B,1,chunk-3200-3208-20260828-102210
3205,3211,0,21,43,0,95,-1,,PAINT,-1,-1,5458763,12,15,11,10,,,,#534B4B,1,chunk-3200-3208-20260828-102210
3205,3211,1,21,43,1,-1,-1,,PAINT,-1,-1,5458763,12,22,20,12,,,,#534B4B,1,chunk-3200-3208-20260828-102210
3205,3211,2,21,43,2,-1,-1,,PAINT,-1,-1,5458763,12,22,22,12,,,,#534B4B,1,chunk-3200-3208-20260828-102210
3205,3212,0,21,44,0,95,-1,,PAINT,-1,-1,5458763,10,11,15,10,,,,#534B4B,1,chunk-3200-3208-20260828-102210
3205,3212,1,21,44,1,-1,-1,,PAINT,-1,-1,5458763,12,20,19,12,,,,#534B4B,1,chunk-3200-3208-20260828-102210
3205,3212,2,21,44,2,-1,-1,,PAINT,-1,-1,5458763,12,22,22,12,,,,#534B4B,1,chunk-3200-3208-20260828-102210
3205,3213,0,21,45,0,95,-1,,PAINT,-1,-1,5458763,10,15,17,10,,,,#534B4B,1,chunk-3200-3208-20260828-102210
3205,3213,1,21,45,1,-1,-1,,PAINT,-1,-1,5458763,12,19,16,11,,,,#534B4B,1,chunk-3200-3208-20260828-102210
3205,3213,2,21,45,2,-1,-1,,PAINT,-1,-1,5458763,12,22,22,12,,,,#534B4B,1,chunk-3200-3208-20260828-102210
3205,3214,0,21,46,0,95,-1,,PAINT,-1,-1,5458763,10,17,15,8,,,,#534B4B,1,chunk-3200-3208-20260828-102210
3205,3214,1,21,46,1,-1,-1,,PAINT,-1,-1,5458763,11,16,14,11,,,,#534B4B,1,chunk-3200-3208-20260828-102210
3205,3214,2,21,46,2,-1,-1,,PAINT,-1,-1,5458763,12,22,20,12,,,,#534B4B,1,chunk-3200-3208-20260828-102210
3205,3215,0,21,47,0,95,-1,,PAINT,-1,-1,5458763,8,15,14,11,,,,#534B4B,1,chunk-3200-3208-20260828-102210
3205,3215,1,21,47,1,-1,-1,,PAINT,-1,-1,5458763,11,14,15,11,,,,#534B4B,1,chunk-3200-3208-20260828-102210
3205,3215,2,21,47,2,-1,-1,,PAINT,-1,-1,5458763,12,20,20,12,,,,#534B4B,1,chunk-3200-3208-20260828-102210
3205,3216,0,21,56,0,95,-1,,PAINT,-1,-1,5458763,11,14,13,11,,,,#534B4B,1,chunk-3200-3216-20260828-095435
3205,3216,1,21,56,1,-1,-1,,PAINT,-1,-1,5458763,11,15,18,12,,,,#534B4B,1,chunk-3200-3216-20260828-095435
3205,3216,2,21,56,2,-1,-1,,PAINT,-1,-1,5458763,12,20,20,12,,,,#534B4B,1,chunk-3200-3216-20260828-095435
3205,3217,0,21,57,0,95,-1,,PAINT,-1,-1,5458763,11,13,10,10,,,,#534B4B,1,chunk-3200-3216-20260828-095435
3205,3217,1,21,57,1,-1,-1,,PAINT,-1,-1,5458763,12,18,15,11,,,,#534B4B,1,chunk-3200-3216-20260828-095435
3205,3217,2,21,57,2,-1,-1,,PAINT,-1,-1,5458763,12,20,16,12,,,,#534B4B,1,chunk-3200-3216-20260828-095435
3205,3218,0,21,58,0,95,-1,,PAINT,-1,-1,5458763,10,10,16,12,,,,#534B4B,1,chunk-3200-3216-20260828-095435
3205,3218,1,21,58,1,-1,-1,,PAINT,-1,-1,5458763,11,15,14,11,,,,#534B4B,1,chunk-3200-3216-20260828-095435
3205,3218,2,21,58,2,-1,-1,,PAINT,-1,-1,5458763,12,16,17,12,,,,#534B4B,1,chunk-3200-3216-20260828-095435
3205,3219,0,21,59,0,95,-1,,PAINT,-1,-1,5458763,12,16,20,12,,,,#534B4B,1,chunk-3200-3216-20260828-095435
3205,3219,1,21,59,1,-1,-1,,PAINT,-1,-1,5458763,11,14,15,11,,,,#534B4B,1,chunk-3200-3216-20260828-095435
3205,3219,2,21,59,2,-1,-1,,PAINT,-1,-1,5458763,12,17,19,12,,,,#534B4B,1,chunk-3200-3216-20260828-095435
3205,3220,0,21,60,0,95,-1,,PAINT,-1,-1,5458763,12,20,19,12,,,,#534B4B,1,chunk-3200-3216-20260828-095435
3205,3220,1,21,60,1,-1,-1,,PAINT,-1,-1,5458763,11,15,18,12,,,,#534B4B,1,chunk-3200-3216-20260828-095435
3205,3220,2,21,60,2,-1,-1,,PAINT,-1,-1,5458763,12,19,20,12,,,,#534B4B,1,chunk-3200-3216-20260828-095435
3205,3221,0,21,61,0,95,-1,,PAINT,-1,-1,5458763,12,19,19,12,,,,#534B4B,1,chunk-3200-3216-20260828-095435
3205,3221,1,21,61,1,-1,-1,,PAINT,-1,-1,5458763,12,18,16,11,,,,#534B4B,1,chunk-3200-3216-20260828-095435
3205,3221,2,21,61,2,-1,-1,,PAINT,-1,-1,5458763,12,20,16,12,,,,#534B4B,1,chunk-3200-3216-20260828-095435
3205,3222,0,21,62,0,95,6,,PAINT,-1,-1,5458763,12,19,19,12,,,,#534B4B,1,chunk-3200-3216-20260828-095435
3205,3222,1,21,62,1,-1,-1,,PAINT,-1,-1,5458763,11,16,14,11,,,,#534B4B,1,chunk-3200-3216-20260828-095435
3205,3222,2,21,62,2,-1,-1,,PAINT,-1,-1,5458763,12,16,15,12,,,,#534B4B,1,chunk-3200-3216-20260828-095435
3205,3223,0,21,63,0,53,6,,PAINT,-1,-1,5458763,12,19,19,12,,,,#534B4B,1,chunk-3200-3216-20260828-095435
3205,3223,1,21,63,1,-1,-1,,PAINT,-1,-1,5458763,11,14,15,11,,,,#534B4B,1,chunk-3200-3216-20260828-095435
3205,3223,2,21,63,2,-1,-1,,PAINT,-1,-1,5458763,12,15,20,12,,,,#534B4B,1,chunk-3200-3216-20260828-095435
3205,3224,0,21,56,0,53,6,,PAINT,-1,-1,5458763,12,19,20,12,,,,#534B4B,2,chunk-3200-3224-20260828-102202|chunk-3200-3224-20260828-103437
3205,3224,1,21,56,1,-1,-1,,PAINT,-1,-1,5458763,11,15,18,12,,,,#534B4B,2,chunk-3200-3224-20260828-102202|chunk-3200-3224-20260828-103437
3205,3224,2,21,56,2,-1,-1,,PAINT,-1,-1,5458763,12,20,22,12,,,,#534B4B,2,chunk-3200-3224-20260828-102202|chunk-3200-3224-20260828-103437
3205,3225,0,21,57,0,53,6,,PAINT,-1,-1,5458763,12,20,18,12,,,,#534B4B,2,chunk-3200-3224-20260828-102202|chunk-3200-3224-20260828-103437
3205,3225,1,21,57,1,-1,-1,,PAINT,-1,-1,5458763,12,18,20,12,,,,#534B4B,2,chunk-3200-3224-20260828-102202|chunk-3200-3224-20260828-103437
3205,3225,2,21,57,2,-1,-1,,PAINT,-1,-1,5458763,12,22,22,12,,,,#534B4B,2,chunk-3200-3224-20260828-102202|chunk-3200-3224-20260828-103437
3205,3226,0,21,58,0,53,6,,PAINT,-1,-1,5458763,12,18,10,10,,,,#534B4B,2,chunk-3200-3224-20260828-102202|chunk-3200-3224-20260828-103437
3205,3226,1,21,58,1,-1,-1,,PAINT,-1,-1,5458763,12,20,21,12,,,,#534B4B,2,chunk-3200-3224-20260828-102202|chunk-3200-3224-20260828-103437
3205,3226,2,21,58,2,-1,-1,,PAINT,-1,-1,5458763,12,22,22,12,,,,#534B4B,2,chunk-3200-3224-20260828-102202|chunk-3200-3224-20260828-103437
3205,3227,0,21,59,0,53,-1,,PAINT,-1,-1,5458763,10,10,10,11,,,,#534B4B,2,chunk-3200-3224-20260828-102202|chunk-3200-3224-20260828-103437
3205,3227,1,21,59,1,-1,-1,,PAINT,-1,-1,5458763,12,21,21,13,,,,#534B4B,2,chunk-3200-3224-20260828-102202|chunk-3200-3224-20260828-103437
3205,3227,2,21,59,2,-1,-1,,PAINT,-1,-1,5458763,12,22,21,14,,,,#534B4B,2,chunk-3200-3224-20260828-102202|chunk-3200-3224-20260828-103437
3205,3228,0,21,60,0,47,-1,,PAINT,-1,-1,5458763,11,10,15,12,,,,#534B4B,2,chunk-3200-3224-20260828-102202|chunk-3200-3224-20260828-103437
3205,3228,1,21,60,1,-1,-1,,PAINT,-1,-1,5458763,13,21,18,12,,,,#534B4B,2,chunk-3200-3224-20260828-102202|chunk-3200-3224-20260828-103437
3205,3228,2,21,60,2,-1,-1,,PAINT,-1,-1,5458763,14,21,20,14,,,,#534B4B,2,chunk-3200-3224-20260828-102202|chunk-3200-3224-20260828-103437
3205,3229,0,21,61,0,53,-1,,PAINT,-1,-1,5458763,12,15,13,13,,,,#534B4B,2,chunk-3200-3224-20260828-102202|chunk-3200-3224-20260828-103437
3205,3229,1,21,61,1,-1,-1,,PAINT,-1,-1,5458763,12,18,13,13,,,,#534B4B,2,chunk-3200-3224-20260828-102202|chunk-3200-3224-20260828-103437
3205,3229,2,21,61,2,-1,-1,,NONE,-1,-1,,,,,,,,,,2,chunk-3200-3224-20260828-102202|chunk-3200-3224-20260828-103437
3205,3230,0,21,62,0,53,-1,,PAINT,-1,-1,5458763,13,13,12,10,,,,#534B4B,2,chunk-3200-3224-20260828-102202|chunk-3200-3224-20260828-103437
3205,3230,1,21,62,1,-1,-1,,MODEL,10,1,,,,,,0,5458763,12345678/12345678/12345678|12345678/12345678/12345678|12345678/12345678/12345678|10/11/12|11/12/12|12/13/12,,2,chunk-3200-3224-20260828-102202|chunk-3200-3224-20260828-103437
3205,3230,2,21,62,2,-1,-1,,MODEL,10,1,,,,,,0,5458763,12345678/12345678/12345678|12345678/12345678/12345678|12345678/12345678/12345678|11/12/13|12/14/13|14/15/13,,2,chunk-3200-3224-20260828-102202|chunk-3200-3224-20260828-103437
3205,3231,0,21,63,0,53,6,,PAINT,-1,-1,6776335,11016,11017,11021,11022,,,,#67660F,2,chunk-3200-3224-20260828-102202|chunk-3200-3224-20260828-103437
3205,3231,1,21,63,1,-1,-1,,NONE,-1,-1,,,,,,,,,,2,chunk-3200-3224-20260828-102202|chunk-3200-3224-20260828-103437
3205,3231,2,21,63,2,-1,-1,,NONE,-1,-1,,,,,,,,,,2,chunk-3200-3224-20260828-102202|chunk-3200-3224-20260828-103437
3206,3200,0,22,40,0,48,-1,,PAINT,-1,-1,5465871,14094,14094,14089,14089,,,,#53670F,1,chunk-3200-3200-20260828-095443
3206,3201,0,22,41,0,48,-1,,PAINT,-1,-1,6575407,7563,7564,7575,7574,,,,#64552F,1,chunk-3200-3200-20260828-095443
3206,3201,1,22,41,1,-1,-1,,NONE,-1,-1,,,,,,,,,,1,chunk-3200-3200-20260828-095443
3206,3202,0,22,42,0,48,-1,,PAINT,-1,-1,5726991,13074,13074,13078,13078,,,,#57630F,1,chunk-3200-3200-20260828-095443
3206,3203,0,22,43,0,47,-1,,PAINT,-1,-1,5924623,13079,13079,13078,13079,,,,#5A670F,1,chunk-3200-3200-20260828-095443
3206,3204,0,22,44,0,47,-1,,PAINT,-1,-1,6383375,12055,12054,12058,12056,,,,#61670F,1,chunk-3200-3200-20260828-095443
3206,3205,0,22,45,0,47,-1,,PAINT,-1,-1,6383375,12056,12058,12055,12056,,,,#61670F,1,chunk-3200-3200-20260828-095443
3206,3206,0,22,46,0,95,-1,,PAINT,-1,-1,6383375,12056,12055,12047,12042,,,,#61670F,1,chunk-3200-3200-20260828-095443
3206,3206,1,22,46,1,-1,-1,,NONE,-1,-1,,,,,,,,,,1,chunk-3200-3200-20260828-095443
3206,3206,2,22,46,2,-1,-1,,NONE,-1,-1,,,,,,,,,,1,chunk-3200-3200-20260828-095443
3206,3207,0,22,47,0,95,-1,,MODEL,2,1,,,,,,6383375,5458763,12042/12047/12044|13/13/16,,1,chunk-3200-3200-20260828-095443
3206,3207,1,22,47,1,-1,-1,,MODEL,2,1,,,,,,0,5458763,12345678/12345678/12345678|13/13/16,,1,chunk-3200-3200-20260828-095443
3206,3207,2,22,47,2,-1,-1,,MODEL,2,1,,,,,,0,5458763,12345678/12345678/12345678|15/14/16,,1,chunk-3200-3200-20260828-095443
3206,3208,0,22,40,0,95,-1,,PAINT,-1,-1,5458763,13,16,18,15,,,,#534B4B,1,chunk-3200-3208-20260828-102210
3206,3208,1,22,40,1,-1,-1,,PAINT,-1,-1,5458763,13,16,18,17,,,,#534B4B,1,chunk-3200-3208-20260828-102210
3206,3208,2,22,40,2,-1,-1,,PAINT,-1,-1,5458763,15,16,19,19,,,,#534B4B,1,chunk-3200-3208-20260828-102210
3206,3209,0,22,41,0,95,-1,,PAINT,-1,-1,5458763,15,18,22,12,,,,#534B4B,1,chunk-3200-3208-20260828-102210
3206,3209,1,22,41,1,-1,-1,,PAINT,-1,-1,5458763,17,18,24,20,,,,#534B4B,1,chunk-3200-3208-20260828-102210
3206,3209,2,22,41,2,-1,-1,,PAINT,-1,-1,5458763,19,19,24,20,,,,#534B4B,1,chunk-3200-3208-20260828-102210
3206,3210,0,22,42,0,95,-1,,PAINT,-1,-1,5458763,12,22,21,15,,,,#534B4B,1,chunk-3200-3208-20260828-102210
3206,3210,1,22,42,1,-1,-1,,PAINT,-1,-1,5458763,20,24,24,22,,,,#534B4B,1,chunk-3200-3208-20260828-102210
3206,3210,2,22,42,2,-1,-1,,PAINT,-1,-1,5458763,20,24,24,22,,,,#534B4B,1,chunk-3200-3208-20260828-102210
3206,3211,0,22,43,0,95,-1,,PAINT,-1,-1,5458763,15,21,12,11,,,,#534B4B,1,chunk-3200-3208-20260828-102210
3206,3211,1,22,43,1,-1,-1,,PAINT,-1,-1,5458763,22,24,23,20,,,,#534B4B,1,chunk-3200-3208-20260828-102210
3206,3211,2,22,43,2,-1,-1,,PAINT,-1,-1,5458763,22,24,24,22,,,,#534B4B,1,chunk-3200-3208-20260828-102210
3206,3212,0,22,44,0,95,107,,PAINT,-1,-1,5458763,11,12,21,15,,,,#534B4B,1,chunk-3200-3208-20260828-102210
3206,3212,1,22,44,1,-1,-1,,PAINT,-1,-1,5458763,20,23,23,19,,,,#534B4B,1,chunk-3200-3208-20260828-102210
3206,3212,2,22,44,2,-1,-1,,PAINT,-1,-1,5458763,22,24,25,22,,,,#534B4B,1,chunk-3200-3208-20260828-102210
3206,3213,0,22,45,0,95,107,,PAINT,-1,-1,5458763,15,21,23,17,,,,#534B4B,1,chunk-3200-3208-20260828-102210
3206,3213,1,22,45,1,-1,-1,,PAINT,-1,-1,5458763,19,23,22,16,,,,#534B4B,1,chunk-3200-3208-20260828-102210
3206,3213,2,22,45,2,-1,-1,,PAINT,-1,-1,5458763,22,25,24,22,,,,#534B4B,1,chunk-3200-3208-20260828-102210
3206,3214,0,22,46,0,95,107,,PAINT,-1,-1,5458763,17,23,21,15,,,,#534B4B,1,chunk-3200-3208-20260828-102210
3206,3214,1,22,46,1,-1,-1,,PAINT,-1,-1,5458763,16,22,22,14,,,,#534B4B,1,chunk-3200-3208-20260828-102210
3206,3214,2,22,46,2,-1,-1,,PAINT,-1,-1,5458763,22,24,14,20,,,,#534B4B,1,chunk-3200-3208-20260828-102210
3206,3214,3,22,46,3,-1,-1,,NONE,-1,-1,,,,,,,,,,1,chunk-3200-3208-20260828-102210
3206,3215,0,22,47,0,95,-1,,PAINT,-1,-1,5458763,15,21,21,14,,,,#534B4B,1,chunk-3200-3208-20260828-102210
3206,3215,1,22,47,1,-1,-1,,PAINT,-1,-1,5458763,14,22,22,15,,,,#534B4B,1,chunk-3200-3208-20260828-102210
3206,3215,2,22,47,2,-1,-1,,PAINT,-1,-1,5458763,20,14,11,20,,,,#534B4B,1,chunk-3200-3208-20260828-102210
3206,3215,3,22,47,3,-1,-1,,NONE,-1,-1,,,,,,,,,,1,chunk-3200-3208-20260828-102210
3206,3216,0,22,56,0,95,-1,,PAINT,-1,-1,5458763,14,21,21,13,,,,#534B4B,1,chunk-3200-3216-20260828-095435
3206,3216,1,22,56,1,-1,-1,,PAINT,-1,-1,5458763,15,22,23,18,,,,#534B4B,1,chunk-3200-3216-20260828-095435
3206,3216,2,22,56,2,-1,-1,,PAINT,-1,-1,5458763,20,11,11,20,,,,#534B4B,1,chunk-3200-3216-20260828-095435
3206,3216,3,22,56,3,-1,-1,,NONE,-1,-1,,,,,,,,,,1,chunk-3200-3216-20260828-095435
3206,3217,0,22,57,0,95,-1,,PAINT,-1,-1,5458763,13,21,12,10,,,,#534B4B,1,chunk-3200-3216-20260828-095435
3206,3217,1,22,57,1,-1,-1,,PAINT,-1,-1,5458763,18,23,20,15,,,,#534B4B,1,chunk-3200-3216-20260828-095435
3206,3217,2,22,57,2,-1,-1,,PAINT,-1,-1,5458763,20,11,11,16,,,,#534B4B,1,chunk-3200-3216-20260828-095435
3206,3217,3,22,57,3,-1,-1,,NONE,-1,-1,,,,,,,,,,1,chunk-3200-3216-20260828-095435
3206,3218,0,22,58,0,95,-1,,PAINT,-1,-1,5458763,10,12,21,16,,,,#534B4B,1,chunk-3200-3216-20260828-095435
3206,3218,1,22,58,1,-1,-1,,PAINT,-1,-1,5458763,15,20,20,14,,,,#534B4B,1,chunk-3200-3216-20260828-095435
3206,3218,2,22,58,2,-1,-1,,PAINT,-1,-1,5458763,16,11,19,17,,,,#534B4B,1,chunk-3200-3216-20260828-095435
3206,3218,3,22,58,3,-1,-1,,NONE,-1,-1,,,,,,,,,,1,chunk-3200-3216-20260828-095435
3206,3219,0,22,59,0,95,-1,,PAINT,-1,-1,5458763,16,21,25,20,,,,#534B4B,1,chunk-3200-3216-20260828-095435
3206,3219,1,22,59,1,-1,-1,,PAINT,-1,-1,5458763,14,20,21,15,,,,#534B4B,1,chunk-3200-3216-20260828-095435
3206,3219,2,22,59,2,-1,-1,,PAINT,-1,-1,5458763,17,19,14,19,,,,#534B4B,1,chunk-3200-3216-20260828-095435
3206,3219,3,22,59,3,-1,-1,,NONE,-1,-1,,,,,,,,,,1,chunk-3200-3216-20260828-095435
3206,3220,0,22,60,0,53,-1,,PAINT,-1,-1,5458763,20,25,25,19,,,,#534B4B,1,chunk-3200-3216-20260828-095435
3206,3220,1,22,60,1,-1,-1,,PAINT,-1,-1,5458763,15,21,23,18,,,,#534B4B,1,chunk-3200-3216-20260828-095435
3206,3220,2,22,60,2,-1,-1,,PAINT,-1,-1,5458763,19,14,12,20,,,,#534B4B,1,chunk-3200-3216-20260828-095435
3206,3220,3,22,60,3,-1,-1,,NONE,-1,-1,,,,,,,,,,1,chunk-3200-3216-20260828-095435
3206,3221,0,22,61,0,95,6,,PAINT,-1,-1,5458763,19,25,25,19,,,,#534B4B,1,chunk-3200-3216-20260828-095435
3206,3221,1,22,61,1,-1,-1,,PAINT,-1,-1,5458763,18,23,22,16,,,,#534B4B,1,chunk-3200-3216-20260828-095435
3206,3221,2,22,61,2,-1,-1,,PAINT,-1,-1,5458763,20,12,10,16,,,,#534B4B,1,chunk-3200-3216-20260828-095435
3206,3221,3,22,61,3,-1,-1,,NONE,-1,-1,,,,,,,,,,1,chunk-3200-3216-20260828-095435
3206,3222,0,22,62,0,53,6,,PAINT,-1,-1,5458763,19,25,25,19,,,,#534B4B,1,chunk-3200-3216-20260828-095435
3206,3222,1,22,62,1,-1,-1,,PAINT,-1,-1,5458763,16,22,22,14,,,,#534B4B,1,chunk-3200-3216-20260828-095435
3206,3222,2,22,62,2,-1,-1,,PAINT,-1,-1,5458763,16,10,10,15,,,,#534B4B,1,chunk-3200-3216-20260828-095435
3206,3222,3,22,62,3,-1,-1,,NONE,-1,-1,,,,,,,,,,1,chunk-3200-3216-20260828-095435
3206,3223,0,22,63,0,53,6,,PAINT,-1,-1,5458763,19,25,25,19,,,,#534B4B,1,chunk-3200-3216-20260828-095435
3206,3223,1,22,63,1,-1,-1,,PAINT,-1,-1,5458763,14,22,22,15,,,,#534B4B,1,chunk-3200-3216-20260828-095435
3206,3223,2,22,63,2,-1,-1,,PAINT,-1,-1,5458763,15,10,20,20,,,,#534B4B,1,chunk-3200-3216-20260828-095435
3206,3223,3,22,63,3,-1,-1,,NONE,-1,-1,,,,,,,,,,1,chunk-3200-3216-20260828-095435
3206,3224,0,22,56,0,53,6,,PAINT,-1,-1,5458763,19,25,25,20,,,,#534B4B,2,chunk-3200-3224-20260828-102202|chunk-3200-3224-20260828-103437
3206,3224,1,22,56,1,-1,-1,,PAINT,-1,-1,5458763,15,22,23,18,,,,#534B4B,2,chunk-3200-3224-20260828-102202|chunk-3200-3224-20260828-103437
3206,3224,2,22,56,2,-1,-1,,PAINT,-1,-1,5458763,20,20,25,22,,,,#534B4B,2,chunk-3200-3224-20260828-102202|chunk-3200-3224-20260828-103437
3206,3225,0,22,57,0,53,6,,PAINT,-1,-1,5458763,20,25,23,18,,,,#534B4B,2,chunk-3200-3224-20260828-102202|chunk-3200-3224-20260828-103437
3206,3225,1,22,57,1,-1,-1,,PAINT,-1,-1,5458763,18,23,23,20,,,,#534B4B,2,chunk-3200-3224-20260828-102202|chunk-3200-3224-20260828-103437
3206,3225,2,22,57,2,-1,-1,,PAINT,-1,-1,5458763,22,25,24,22,,,,#534B4B,2,chunk-3200-3224-20260828-102202|chunk-3200-3224-20260828-103437
3206,3226,0,22,58,0,53,6,,PAINT,-1,-1,5458763,18,23,12,10,,,,#534B4B,2,chunk-3200-3224-20260828-102202|chunk-3200-3224-20260828-103437
3206,3226,1,22,58,1,-1,-1,,PAINT,-1,-1,5458763,20,23,24,21,,,,#534B4B,2,chunk-3200-3224-20260828-102202|chunk-3200-3224-20260828-103437
3206,3226,2,22,58,2,-1,-1,,PAINT,-1,-1,5458763,22,24,24,22,,,,#534B4B,2,chunk-3200-3224-20260828-102202|chunk-3200-3224-20260828-103437
3206,3227,0,22,59,0,53,6,,PAINT,-1,-1,5458763,10,12,18,10,,,,#534B4B,2,chunk-3200-3224-20260828-102202|chunk-3200-3224-20260828-103437
3206,3227,1,22,59,1,-1,-1,,PAINT,-1,-1,5458763,21,24,24,21,,,,#534B4B,2,chunk-3200-3224-20260828-102202|chunk-3200-3224-20260828-103437
3206,3227,2,22,59,2,-1,-1,,PAINT,-1,-1,5458763,22,24,24,21,,,,#534B4B,2,chunk-3200-3224-20260828-102202|chunk-3200-3224-20260828-103437
3206,3228,0,22,60,0,53,-1,,PAINT,-1,-1,5458763,10,18,20,15,,,,#534B4B,2,chunk-3200-3224-20260828-102202|chunk-3200-3224-20260828-103437
3206,3228,1,22,60,1,-1,-1,,PAINT,-1,-1,5458763,21,24,20,18,,,,#534B4B,2,chunk-3200-3224-20260828-102202|chunk-3200-3224-20260828-103437
3206,3228,2,22,60,2,-1,-1,,PAINT,-1,-1,5458763,21,24,20,20,,,,#534B4B,2,chunk-3200-3224-20260828-102202|chunk-3200-3224-20260828-103437
3206,3229,0,22,61,0,47,-1,,PAINT,-1,-1,5458763,15,20,16,13,,,,#534B4B,2,chunk-3200-3224-20260828-102202|chunk-3200-3224-20260828-103437
3206,3229,1,22,61,1,-1,-1,,PAINT,-1,-1,5458763,18,20,16,13,,,,#534B4B,2,chunk-3200-3224-20260828-102202|chunk-3200-3224-20260828-103437
3206,3229,2,22,61,2,-1,-1,,PAINT,-1,-1,5458763,20,20,16,15,,,,#534B4B,2,chunk-3200-3224-20260828-102202|chunk-3200-3224-20260828-103437
3206,3230,0,22,62,0,53,-1,,MODEL,2,0,,,,,,6776335,5458763,11020/11022/11017|13/16/12,,2,chunk-3200-3224-20260828-102202|chunk-3200-3224-20260828-103437
3206,3230,1,22,62,1,-1,-1,,MODEL,2,0,,,,,,0,5458763,12345678/12345678/12345678|13/16/12,,2,chunk-3200-3224-20260828-102202|chunk-3200-3224-20260828-103437
3206,3230,2,22,62,2,-1,-1,,MODEL,2,0,,,,,,0,5458763,12345678/12345678/12345678|15/16/13,,2,chunk-3200-3224-20260828-102202|chunk-3200-3224-20260828-103437
3206,3231,0,22,63,0,53,6,,PAINT,-1,-1,6776335,11017,11022,11021,11021,,,,#67660F,2,chunk-3200-3224-20260828-102202|chunk-3200-3224-20260828-103437
3206,3231,1,22,63,1,-1,-1,,NONE,-1,-1,,,,,,,,,,2,chunk-3200-3224-20260828-102202|chunk-3200-3224-20260828-103437
3206,3231,2,22,63,2,-1,-1,,NONE,-1,-1,,,,,,,,,,2,chunk-3200-3224-20260828-102202|chunk-3200-3224-20260828-103437
3207,3200,0,23,40,0,48,-1,,PAINT,-1,-1,5465871,14094,14093,14089,14089,,,,#53670F,1,chunk-3200-3200-20260828-095443
3207,3201,0,23,41,0,48,-1,,PAINT,-1,-1,6575407,7564,7564,7576,7575,,,,#64552F,1,chunk-3200-3200-20260828-095443
3207,3201,1,23,41,1,-1,-1,,NONE,-1,-1,,,,,,,,,,1,chunk-3200-3200-20260828-095443
3207,3202,0,23,42,0,48,-1,,PAINT,-1,-1,5726991,13074,13075,13078,13078,,,,#57630F,1,chunk-3200-3200-20260828-095443
3207,3203,0,23,43,0,47,-1,,PAINT,-1,-1,5924623,13079,13079,13078,13078,,,,#5A670F,1,chunk-3200-3200-20260828-095443
3207,3204,0,23,44,0,47,-1,,PAINT,-1,-1,6383375,12054,12054,12057,12058,,,,#61670F,1,chunk-3200-3200-20260828-095443
3207,3205,0,23,45,0,47,-1,,PAINT,-1,-1,6383375,12058,12057,12055,12055,,,,#61670F,1,chunk-3200-3200-20260828-095443
3207,3206,0,23,46,0,95,-1,,PAINT,-1,-1,6383375,12055,12055,12056,12047,,,,#61670F,1,chunk-3200-3200-20260828-095443
3207,3207,0,23,47,0,95,-1,,PAINT,-1,-1,6383375,12047,12056,12047,12044,,,,#61670F,1,chunk-3200-3200-20260828-095443
3207,3207,1,23,47,1,-1,-1,,NONE,-1,-1,,,,,,,,,,1,chunk-3200-3200-20260828-095443
3207,3207,2,23,47,2,-1,-1,,NONE,-1,-1,,,,,,,,,,1,chunk-3200-3200-20260828-095443
3207,3208,0,23,40,0,95,-1,,PAINT,-1,-1,6383375,12044,12047,12044,12046,,,,#61670F,1,chunk-3200-3208-20260828-102210
3207,3208,1,23,40,1,-1,-1,,NONE,-1,-1,,,,,,,,,,1,chunk-3200-3208-20260828-102210
3207,3208,2,23,40,2,-1,-1,,NONE,-1,-1,,,,,,,,,,1,chunk-3200-3208-20260828-102210
3207,3209,0,23,41,0,95,-1,,PAINT,-1,-1,5458763,18,16,20,22,,,,#534B4B,1,chunk-3200-3208-20260828-102210
3207,3209,1,23,41,1,-1,-1,,PAINT,-1,-1,5458763,18,14,12,24,,,,#534B4B,1,chunk-3200-3208-20260828-102210
3207,3209,2,23,41,2,-1,-1,,PAINT,-1,-1,5458763,19,16,12,24,,,,#534B4B,1,chunk-3200-3208-20260828-102210
3207,3210,0,23,42,0,95,-1,,PAINT,-1,-1,5458763,22,20,16,21,,,,#534B4B,1,chunk-3200-3208-20260828-102210
3207,3210,1,23,42,1,-1,-1,,PAINT,-1,-1,5458763,24,12,12,24,,,,#534B4B,1,chunk-3200-3208-20260828-102210
3207,3210,2,23,42,2,-1,-1,,PAINT,-1,-1,5458763,24,12,12,24,,,,#534B4B,1,chunk-3200-3208-20260828-102210
3207,3211,0,23,43,0,95,107,,PAINT,-1,-1,5458763,21,16,9,12,,,,#534B4B,1,chunk-3200-3208-20260828-102210
3207,3211,1,23,43,1,-1,-1,,PAINT,-1,-1,5458763,24,12,10,23,,,,#534B4B,1,chunk-3200-3208-20260828-102210
3207,3211,2,23,43,2,-1,-1,,PAINT,-1,-1,5458763,24,12,12,24,,,,#534B4B,1,chunk-3200-3208-20260828-102210
3207,3212,0,23,44,0,95,107,,PAINT,-1,-1,5458763,12,9,21,21,,,,#534B4B,1,chunk-3200-3208-20260828-102210
3207,3212,1,23,44,1,-1,-1,,PAINT,-1,-1,5458763,23,10,12,23,,,,#534B4B,1,chunk-3200-3208-20260828-102210
3207,3212,2,23,44,2,-1,-1,,PAINT,-1,-1,5458763,24,12,18,25,,,,#534B4B,1,chunk-3200-3208-20260828-102210
3207,3213,0,23,45,0,95,107,,PAINT,-1,-1,5458763,21,21,19,23,,,,#534B4B,1,chunk-3200-3208-20260828-102210
3207,3213,1,23,45,1,-1,-1,,PAINT,-1,-1,5458763,23,12,12,22,,,,#534B4B,1,chunk-3200-3208-20260828-102210
3207,3213,2,23,45,2,-1,-1,,PAINT,-1,-1,5458763,25,18,21,24,,,,#534B4B,1,chunk-3200-3208-20260828-102210
3207,3214,0,23,46,0,95,107,,PAINT,-1,-1,5458763,23,19,17,21,,,,#534B4B,1,chunk-3200-3208-20260828-102210
3207,3214,1,23,46,1,-1,-1,,PAINT,-1,-1,5458763,22,12,12,22,,,,#534B4B,1,chunk-3200-3208-20260828-102210
3207,3214,2,23,46,2,-1,-1,,PAINT,-1,-1,5458763,24,21,11,14,,,,#534B4B,1,chunk-3200-3208-20260828-102210
3207,3214,3,23,46,3,-1,-1,,NONE,-1,-1,,,,,,,,,,1,chunk-3200-3208-20260828-102210
3207,3215,0,23,47,0,95,107,,PAINT,-1,-1,5458763,21,17,23,21,,,,#534B4B,1,chunk-3200-3208-20260828-102210
3207,3215,1,23,47,1,-1,-1,,PAINT,-1,-1,5458763,22,12,12,22,,,,#534B4B,1,chunk-3200-3208-20260828-102210
3207,3215,2,23,47,2,-1,-1,,PAINT,-1,-1,5458763,14,11,12,11,,,,#534B4B,1,chunk-3200-3208-20260828-102210
3207,3215,3,23,47,3,-1,-1,,PAINT,-1,-1,5458763,14,12,18,12,,,,#534B4B,1,chunk-3200-3208-20260828-102210
3207,3216,0,23,56,0,95,-1,,PAINT,-1,-1,5458763,21,23,24,21,,,,#534B4B,1,chunk-3200-3216-20260828-095435
3207,3216,1,23,56,1,-1,-1,,PAINT,-1,-1,5458763,22,12,11,23,,,,#534B4B,1,chunk-3200-3216-20260828-095435
3207,3216,2,23,56,2,-1,-1,,PAINT,-1,-1,5458763,11,12,13,11,,,,#534B4B,1,chunk-3200-3216-20260828-095435
3207,3216,3,23,56,3,-1,-1,,PAINT,-1,-1,5458763,12,18,22,12,,,,#534B4B,1,chunk-3200-3216-20260828-095435
3207,3217,0,23,57,0,95,-1,,PAINT,-1,-1,5458763,21,24,12,12,,,,#534B4B,1,chunk-3200-3216-20260828-095435
3207,3217,1,23,57,1,-1,-1,,PAINT,-1,-1,5458763,23,11,10,20,,,,#534B4B,1,chunk-3200-3216-20260828-095435
3207,3217,2,23,57,2,-1,-1,,PAINT,-1,-1,5458763,11,13,12,11,,,,#534B4B,1,chunk-3200-3216-20260828-095435
3207,3217,3,23,57,3,-1,-1,,PAINT,-1,-1,5458763,12,22,22,12,,,,#534B4B,1,chunk-3200-3216-20260828-095435
3207,3218,0,23,58,0,95,-1,,PAINT,-1,-1,5458763,12,12,21,21,,,,#534B4B,1,chunk-3200-3216-20260828-095435
3207,3218,1,23,58,1,-1,-1,,PAINT,-1,-1,5458763,20,10,11,20,,,,#534B4B,1,chunk-3200-3216-20260828-095435
3207,3218,2,23,58,2,-1,-1,,PAINT,-1,-1,5458763,11,12,20,19,,,,#534B4B,1,chunk-3200-3216-20260828-095435
3207,3218,3,23,58,3,-1,-1,,PAINT,-1,-1,5458763,12,22,22,12,,,,#534B4B,1,chunk-3200-3216-20260828-095435
3207,3219,0,23,59,0,95,-1,,PAINT,-1,-1,5458763,21,21,23,25,,,,#534B4B,1,chunk-3200-3216-20260828-095435
3207,3219,1,23,59,1,-1,-1,,PAINT,-1,-1,5458763,20,11,12,21,,,,#534B4B,1,chunk-3200-3216-20260828-095435
3207,3219,2,23,59,2,-1,-1,,PAINT,-1,-1,5458763,19,20,14,14,,,,#534B4B,1,chunk-3200-3216-20260828-095435
3207,3219,3,23,59,3,-1,-1,,PAINT,-1,-1,5458763,12,22,22,12,,,,#534B4B,1,chunk-3200-3216-20260828-095435
3207,3220,0,23,60,0,95,-1,,PAINT,-1,-1,5458763,25,23,22,25,,,,#534B4B,1,chunk-3200-3216-20260828-095435
3207,3220,1,23,60,1,-1,-1,,PAINT,-1,-1,5458763,21,12,12,23,,,,#534B4B,1,chunk-3200-3216-20260828-095435
3207,3220,2,23,60,2,-1,-1,,PAINT,-1,-1,5458763,14,14,14,12,,,,#534B4B,1,chunk-3200-3216-20260828-095435
3207,3220,3,23,60,3,-1,-1,,PAINT,-1,-1,5458763,12,22,22,12,,,,#534B4B,1,chunk-3200-3216-20260828-095435
3207,3221,0,23,61,0,95,6,,PAINT,-1,-1,5458763,25,22,22,25,,,,#534B4B,1,chunk-3200-3216-20260828-095435
3207,3221,1,23,61,1,-1,-1,,PAINT,-1,-1,5458763,23,12,12,22,,,,#534B4B,1,chunk-3200-3216-20260828-095435
3207,3221,2,23,61,2,-1,-1,,PAINT,-1,-1,5458763,12,14,15,10,,,,#534B4B,1,chunk-3200-3216-20260828-095435
3207,3221,3,23,61,3,-1,-1,,PAINT,-1,-1,5458763,12,22,20,12,,,,#534B4B,1,chunk-3200-3216-20260828-095435
3207,3222,0,23,62,0,95,6,,PAINT,-1,-1,5458763,25,22,22,25,,,,#534B4B,1,chunk-3200-3216-20260828-095435
3207,3222,1,23,62,1,-1,-1,,PAINT,-1,-1,5458763,22,12,12,22,,,,#534B4B,1,chunk-3200-3216-20260828-095435
3207,3222,2,23,62,2,-1,-1,,PAINT,-1,-1,5458763,10,15,10,10,,,,#534B4B,1,chunk-3200-3216-20260828-095435
3207,3222,3,23,62,3,-1,-1,,PAINT,-1,-1,5458763,12,20,12,12,,,,#534B4B,1,chunk-3200-3216-20260828-095435
3207,3223,0,23,63,0,53,6,,PAINT,-1,-1,5458763,25,22,22,25,,,,#534B4B,1,chunk-3200-3216-20260828-095435
3207,3223,1,23,63,1,-1,-1,,PAINT,-1,-1,5458763,22,12,12,22,,,,#534B4B,1,chunk-3200-3216-20260828-095435
3207,3223,2,23,63,2,-1,-1,,PAINT,-1,-1,5458763,10,10,19,20,,,,#534B4B,1,chunk-3200-3216-20260828-095435
3207,3223,3,23,63,3,-1,-1,,NONE,-1,-1,,,,,,,,,,1,chunk-3200-3216-20260828-095435
3207,3224,0,23,56,0,53,6,,PAINT,-1,-1,5458763,25,22,25,25,,,,#534B4B,2,chunk-3200-3224-20260828-102202|chunk-3200-3224-20260828-103437
3207,3224,1,23,56,1,-1,-1,,PAINT,-1,-1,5458763,22,12,12,23,,,,#534B4B,2,chunk-3200-3224-20260828-102202|chunk-3200-3224-20260828-103437
3207,3224,2,23,56,2,-1,-1,,PAINT,-1,-1,5458763,20,19,22,25,,,,#534B4B,2,chunk-3200-3224-20260828-102202|chunk-3200-3224-20260828-103437
3207,3225,0,23,57,0,53,6,,PAINT,-1,-1,5458763,25,25,24,23,,,,#534B4B,2,chunk-3200-3224-20260828-102202|chunk-3200-3224-20260828-103437
3207,3225,1,23,57,1,-1,-1,,PAINT,-1,-1,5458763,23,12,10,23,,,,#534B4B,2,chunk-3200-3224-20260828-102202|chunk-3200-3224-20260828-103437
3207,3225,2,23,57,2,-1,-1,,PAINT,-1,-1,5458763,25,22,14,24,,,,#534B4B,2,chunk-3200-3224-20260828-102202|chunk-3200-3224-20260828-103437
3207,3226,0,23,58,0,53,6,,PAINT,-1,-1,5458763,23,24,12,12,,,,#534B4B,2,chunk-3200-3224-20260828-102202|chunk-3200-3224-20260828-103437
3207,3226,1,23,58,1,-1,-1,,PAINT,-1,-1,5458763,23,10,12,24,,,,#534B4B,2,chunk-3200-3224-20260828-102202|chunk-3200-3224-20260828-103437
3207,3226,2,23,58,2,-1,-1,,PAINT,-1,-1,5458763,24,14,12,24,,,,#534B4B,2,chunk-3200-3224-20260828-102202|chunk-3200-3224-20260828-103437
3207,3227,0,23,59,0,53,6,,PAINT,-1,-1,5458763,12,12,20,18,,,,#534B4B,2,chunk-3200-3224-20260828-102202|chunk-3200-3224-20260828-103437
3207,3227,1,23,59,1,-1,-1,,PAINT,-1,-1,5458763,24,12,12,24,,,,#534B4B,2,chunk-3200-3224-20260828-102202|chunk-3200-3224-20260828-103437
3207,3227,2,23,59,2,-1,-1,,PAINT,-1,-1,5458763,24,12,12,24,,,,#534B4B,2,chunk-3200-3224-20260828-102202|chunk-3200-3224-20260828-103437
3207,3228,0,23,60,0,53,-1,,PAINT,-1,-1,5458763,18,20,16,20,,,,#534B4B,2,chunk-3200-3224-20260828-102202|chunk-3200-3224-20260828-103437
3207,3228,1,23,60,1,-1,-1,,PAINT,-1,-1,5458763,24,12,12,20,,,,#534B4B,2,chunk-3200-3224-20260828-102202|chunk-3200-3224-20260828-103437
3207,3228,2,23,60,2,-1,-1,,PAINT,-1,-1,5458763,24,12,14,20,,,,#534B4B,2,chunk-3200-3224-20260828-102202|chunk-3200-3224-20260828-103437
3207,3229,0,23,61,0,53,-1,,PAINT,-1,-1,6776335,11023,11020,11022,11020,,,,#67660F,2,chunk-3200-3224-20260828-102202|chunk-3200-3224-20260828-103437
3207,3229,1,23,61,1,-1,-1,,NONE,-1,-1,,,,,,,,,,2,chunk-3200-3224-20260828-102202|chunk-3200-3224-20260828-103437
3207,3229,2,23,61,2,-1,-1,,NONE,-1,-1,,,,,,,,,,2,chunk-3200-3224-20260828-102202|chunk-3200-3224-20260828-103437
3207,3230,0,23,62,0,53,-1,,PAINT,-1,-1,6383375,12044,12046,12046,12046,,,,#61670F,2,chunk-3200-3224-20260828-102202|chunk-3200-3224-20260828-103437
3207,3230,1,23,62,1,-1,-1,,NONE,-1,-1,,,,,,,,,,2,chunk-3200-3224-20260828-102202|chunk-3200-3224-20260828-103437
3207,3230,2,23,62,2,-1,-1,,NONE,-1,-1,,,,,,,,,,2,chunk-3200-3224-20260828-102202|chunk-3200-3224-20260828-103437
3207,3231,0,23,63,0,53,6,,PAINT,-1,-1,6776335,11022,11022,11019,11021,,,,#67660F,2,chunk-3200-3224-20260828-102202|chunk-3200-3224-20260828-103437
3208,3200,0,24,32,0,48,-1,,PAINT,-1,-1,5465871,14093,14093,14089,14089,,,,#53670F,1,chunk-3208-3200-20260828-102215
3208,3200,1,24,32,1,-1,-1,,NONE,-1,-1,,,,,,,,,,1,chunk-3208-3200-20260828-102215
3208,3201,0,24,33,0,48,-1,,PAINT,-1,-1,6575407,7564,7563,7574,7576,,,,#64552F,1,chunk-3208-3200-20260828-102215
3208,3201,1,24,33,1,-1,-1,,NONE,-1,-1,,,,,,,,,,1,chunk-3208-3200-20260828-102215
3208,3202,0,24,34,0,47,-1,,PAINT,-1,-1,5726991,13075,13073,13078,13078,,,,#57630F,1,chunk-3208-3200-20260828-102215
3208,3203,0,24,35,0,47,-1,,PAINT,-1,-1,6383375,12055,12055,12057,12054,,,,#61670F,1,chunk-3208-3200-20260828-102215
3208,3204,0,24,36,0,53,-1,,PAINT,-1,-1,6383375,12054,12057,12057,12057,,,,#61670F,1,chunk-3208-3200-20260828-102215
3208,3205,0,24,37,0,95,-1,,PAINT,-1,-1,6383375,12057,12057,12059,12055,,,,#61670F,1,chunk-3208-3200-20260828-102215
3208,3206,0,24,38,0,95,-1,,PAINT,-1,-1,6383375,12055,12059,12056,12056,,,,#61670F,1,chunk-3208-3200-20260828-102215
3208,3207,0,24,39,0,95,-1,,PAINT,-1,-1,6383375,12056,12056,12051,12047,,,,#61670F,1,chunk-3208-3200-20260828-102215
3208,3232,0,24,72,0,53,6,,PAINT,-1,-1,6776335,11019,11023,11024,11023,,,,#67660F,2,chunk-3208-3232-20260828-095430|chunk-3208-3232-20260828-103429
3208,3233,0,24,73,0,53,6,,PAINT,-1,-1,6776335,11023,11024,11025,11024,,,,#67660F,2,chunk-3208-3232-20260828-095430|chunk-3208-3232-20260828-103429
3208,3234,0,24,74,0,53,6,,PAINT,-1,-1,6185743,12047,12048,12047,12047,,,,#5E630F,2,chunk-3208-3232-20260828-095430|chunk-3208-3232-20260828-103429
3208,3235,0,24,75,0,53,6,,PAINT,-1,-1,6185743,12047,12047,12044,12044,,,,#5E630F,2,chunk-3208-3232-20260828-095430|chunk-3208-3232-20260828-103429
3208,3236,0,24,76,0,53,-1,,PAINT,-1,-1,6575407,7567,7568,7563,7563,,,,#64552F,2,chunk-3208-3232-20260828-095430|chunk-3208-3232-20260828-103429
3208,3236,1,24,76,1,-1,-1,,NONE,-1,-1,,,,,,,,,,2,chunk-3208-3232-20260828-095430|chunk-3208-3232-20260828-103429
3208,3237,0,24,77,0,53,-1,,PAINT,-1,-1,6383375,12041,12041,12053,12052,,,,#61670F,2,chunk-3208-3232-20260828-095430|chunk-3208-3232-20260828-103429
3208,3237,1,24,77,1,-1,-1,,NONE,-1,-1,,,,,,,,,,2,chunk-3208-3232-20260828-095430|chunk-3208-3232-20260828-103429
3208,3238,0,24,78,0,53,-1,,PAINT,-1,-1,6383375,12052,12053,12057,12055,,,,#61670F,2,chunk-3208-3232-20260828-095430|chunk-3208-3232-20260828-103429
3208,3239,0,24,79,0,47,-1,,PAINT,-1,-1,6383375,12055,12057,12047,12048,,,,#61670F,2,chunk-3208-3232-20260828-095430|chunk-3208-3232-20260828-103429
3209,3200,0,25,32,0,48,-1,,PAINT,-1,-1,5268239,14092,14092,14089,14089,,,,#50630F,1,chunk-3208-3200-20260828-102215
3209,3201,0,25,33,0,48,-1,,PAINT,-1,-1,6575407,7563,7563,7574,7574,,,,#64552F,1,chunk-3208-3200-20260828-102215
3209,3201,1,25,33,1,-1,-1,,NONE,-1,-1,,,,,,,,,,1,chunk-3208-3200-20260828-102215
3209,3202,0,25,34,0,47,-1,,PAINT,-1,-1,5726991,13073,13074,13080,13078,,,,#57630F,1,chunk-3208-3200-20260828-102215
3209,3203,0,25,35,0,47,-1,,PAINT,-1,-1,6383375,12055,12056,12055,12057,,,,#61670F,1,chunk-3208-3200-20260828-102215
3209,3204,0,25,36,0,47,-1,,PAINT,-1,-1,6383375,12057,12055,12055,12057,,,,#61670F,1,chunk-3208-3200-20260828-102215
3209,3205,0,25,37,0,95,-1,,PAINT,-1,-1,6383375,12057,12055,12057,12059,,,,#61670F,1,chunk-3208-3200-20260828-102215
3209,3206,0,25,38,0,95,-1,,PAINT,-1,-1,6383375,12059,12057,12055,12056,,,,#61670F,1,chunk-3208-3200-20260828-102215
3209,3207,0,25,39,0,95,-1,,PAINT,-1,-1,6383375,12056,12055,12051,12051,,,,#61670F,1,chunk-3208-3200-20260828-102215
3209,3232,0,25,72,0,53,-1,,PAINT,-1,-1,6776335,11023,11023,11024,11024,,,,#67660F,2,chunk-3208-3232-20260828-095430|chunk-3208-3232-20260828-103429
3209,3233,0,25,73,0,53,6,,PAINT,-1,-1,6776335,11024,11024,11026,11025,,,,#67660F,2,chunk-3208-3232-20260828-095430|chunk-3208-3232-20260828-103429
3209,3234,0,25,74,0,53,6,,PAINT,-1,-1,6185743,12048,12049,12047,12047,,,,#5E630F,2,chunk-3208-3232-20260828-095430|chunk-3208-3232-20260828-103429
3209,3235,0,25,75,0,53,6,,PAINT,-1,-1,6185743,12047,12047,12046,12044,,,,#5E630F,2,chunk-3208-3232-20260828-095430|chunk-3208-3232-20260828-103429
3209,3236,0,25,76,0,53,-1,,PAINT,-1,-1,6575407,7568,7570,7564,7563,,,,#64552F,2,chunk-3208-3232-20260828-095430|chunk-3208-3232-20260828-103429
3209,3236,1,25,76,1,-1,-1,,NONE,-1,-1,,,,,,,,,,2,chunk-3208-3232-20260828-095430|chunk-3208-3232-20260828-103429
3209,3237,0,25,77,0,53,-1,,PAINT,-1,-1,6185743,12041,12041,12053,12053,,,,#5E630F,2,chunk-3208-3232-20260828-095430|chunk-3208-3232-20260828-103429
3209,3238,0,25,78,0,53,-1,,PAINT,-1,-1,6383375,12053,12053,12055,12057,,,,#61670F,2,chunk-3208-3232-20260828-095430|chunk-3208-3232-20260828-103429
3209,3239,0,25,79,0,53,-1,,PAINT,-1,-1,6383375,12057,12055,12046,12047,,,,#61670F,2,chunk-3208-3232-20260828-095430|chunk-3208-3232-20260828-103429
3210,3200,0,26,32,0,48,-1,,PAINT,-1,-1,5268239,14092,14091,14089,14089,,,,#50630F,1,chunk-3208-3200-20260828-102215
3210,3201,0,26,33,0,48,-1,,PAINT,-1,-1,6575407,7563,7564,7576,7574,,,,#64552F,1,chunk-3208-3200-20260828-102215
3210,3201,1,26,33,1,-1,-1,,NONE,-1,-1,,,,,,,,,,1,chunk-3208-3200-20260828-102215
3210,3202,0,26,34,0,47,-1,,PAINT,-1,-1,5726991,13074,13075,13076,13080,,,,#57630F,1,chunk-3208-3200-20260828-102215
3210,3203,0,26,35,0,47,-1,,PAINT,-1,-1,5726991,13080,13076,13074,13078,,,,#57630F,1,chunk-3208-3200-20260828-102215
3210,3204,0,26,36,0,47,-1,,PAINT,-1,-1,6383375,12055,12051,12053,12055,,,,#61670F,1,chunk-3208-3200-20260828-102215
3210,3205,0,26,37,0,53,-1,,PAINT,-1,-1,6383375,12055,12053,12055,12057,,,,#61670F,1,chunk-3208-3200-20260828-102215
3210,3206,0,26,38,0,95,-1,,PAINT,-1,-1,6383375,12057,12055,12053,12055,,,,#61670F,1,chunk-3208-3200-20260828-102215
3210,3207,0,26,39,0,95,-1,,PAINT,-1,-1,6383375,12055,12053,12052,12051,,,,#61670F,1,chunk-3208-3200-20260828-102215
3210,3232,0,26,72,0,53,-1,,PAINT,-1,-1,6776335,11023,11022,11024,11024,,,,#67660F,2,chunk-3208-3232-20260828-095430|chunk-3208-3232-20260828-103429
3210,3233,0,26,73,0,53,6,,PAINT,-1,-1,6776335,11024,11024,11025,11026,,,,#67660F,2,chunk-3208-3232-20260828-095430|chunk-3208-3232-20260828-103429
3210,3234,0,26,74,0,53,6,,PAINT,-1,-1,6185743,12049,12049,12047,12047,,,,#5E630F,2,chunk-3208-3232-20260828-095430|chunk-3208-3232-20260828-103429
3210,3235,0,26,75,0,53,6,,PAINT,-1,-1,6185743,12047,12047,12045,12046,,,,#5E630F,2,chunk-3208-3232-20260828-095430|chunk-3208-3232-20260828-103429
3210,3236,0,26,76,0,53,6,,PAINT,-1,-1,6575407,7570,7569,7564,7564,,,,#64552F,2,chunk-3208-3232-20260828-095430|chunk-3208-3232-20260828-103429
3210,3236,1,26,76,1,-1,-1,,NONE,-1,-1,,,,,,,,,,2,chunk-3208-3232-20260828-095430|chunk-3208-3232-20260828-103429
3210,3237,0,26,77,0,53,-1,,PAINT,-1,-1,6383375,12041,12041,12053,12053,,,,#61670F,2,chunk-3208-3232-20260828-095430|chunk-3208-3232-20260828-103429
3210,3238,0,26,78,0,53,-1,,PAINT,-1,-1,6383375,12053,12053,12054,12055,,,,#61670F,2,chunk-3208-3232-20260828-095430|chunk-3208-3232-20260828-103429
3210,3239,0,26,79,0,53,-1,,PAINT,-1,-1,6383375,12055,12054,12047,12046,,,,#61670F,2,chunk-3208-3232-20260828-095430|chunk-3208-3232-20260828-103429
3211,3200,0,27,32,0,48,-1,,PAINT,-1,-1,4809487,15115,15114,15113,15113,,,,#49630F,1,chunk-3208-3200-20260828-102215
3211,3201,0,27,33,0,47,-1,,PAINT,-1,-1,6575407,7564,7564,7573,7576,,,,#64552F,1,chunk-3208-3200-20260828-102215
3211,3201,1,27,33,1,-1,-1,,NONE,-1,-1,,,,,,,,,,1,chunk-3208-3200-20260828-102215
3211,3202,0,27,34,0,47,-1,,PAINT,-1,-1,5726991,13075,13073,13074,13076,,,,#57630F,1,chunk-3208-3200-20260828-102215
3211,3203,0,27,35,0,47,-1,,PAINT,-1,-1,5726991,13076,13074,13074,13074,,,,#57630F,1,chunk-3208-3200-20260828-102215
3211,3204,0,27,36,0,47,-1,,PAINT,-1,-1,6185743,12050,12050,12052,12052,,,,#5E630F,1,chunk-3208-3200-20260828-102215
3211,3205,0,27,37,0,53,-1,,PAINT,-1,-1,6185743,12052,12052,12054,12054,,,,#5E630F,1,chunk-3208-3200-20260828-102215
3211,3206,0,27,38,0,95,-1,,PAINT,-1,-1,6383375,12055,12054,12058,12053,,,,#61670F,1,chunk-3208-3200-20260828-102215
3211,3207,0,27,39,0,95,-1,,PAINT,-1,-1,6383375,12053,12058,12055,12052,,,,#61670F,1,chunk-3208-3200-20260828-102215
3211,3232,0,27,72,0,53,-1,,PAINT,-1,-1,6776335,11022,11018,11020,11024,,,,#67660F,2,chunk-3208-3232-20260828-095430|chunk-3208-3232-20260828-103429
3211,3233,0,27,73,0,53,6,,PAINT,-1,-1,6513167,11024,11019,11021,11025,,,,#63620F,2,chunk-3208-3232-20260828-095430|chunk-3208-3232-20260828-103429
3211,3234,0,27,74,0,53,6,,PAINT,-1,-1,6185743,12049,12045,12043,12047,,,,#5E630F,2,chunk-3208-3232-20260828-095430|chunk-3208-3232-20260828-103429
3211,3235,0,27,75,0,53,6,,PAINT,-1,-1,6185743,12047,12043,12045,12045,,,,#5E630F,2,chunk-3208-3232-20260828-095430|chunk-3208-3232-20260828-103429
3211,3236,0,27,76,0,53,6,,PAINT,-1,-1,6575407,7569,7568,7564,7564,,,,#64552F,2,chunk-3208-3232-20260828-095430|chunk-3208-3232-20260828-103429
3211,3236,1,27,76,1,-1,-1,,NONE,-1,-1,,,,,,,,,,2,chunk-3208-3232-20260828-095430|chunk-3208-3232-20260828-103429
3211,3237,0,27,77,0,53,-1,,PAINT,-1,-1,6383375,12041,12042,12052,12053,,,,#61670F,2,chunk-3208-3232-20260828-095430|chunk-3208-3232-20260828-103429
3211,3238,0,27,78,0,53,-1,,PAINT,-1,-1,6383375,12053,12052,12050,12054,,,,#61670F,2,chunk-3208-3232-20260828-095430|chunk-3208-3232-20260828-103429
3211,3239,0,27,79,0,53,-1,,PAINT,-1,-1,6383375,12054,12050,12047,12047,,,,#61670F,2,chunk-3208-3232-20260828-095430|chunk-3208-3232-20260828-103429
3212,3200,0,28,32,0,48,-1,,PAINT,-1,-1,4809487,15114,15115,15115,15113,,,,#49630F,1,chunk-3208-3200-20260828-102215
3212,3200,1,28,32,1,-1,-1,,NONE,-1,-1,,,,,,,,,,1,chunk-3208-3200-20260828-102215
3212,3201,0,28,33,0,47,-1,,PAINT,-1,-1,6575407,7564,7565,7571,7573,,,,#64552F,1,chunk-3208-3200-20260828-102215
3212,3201,1,28,33,1,-1,-1,,NONE,-1,-1,,,,,,,,,,1,chunk-3208-3200-20260828-102215
3212,3202,0,28,34,0,47,-1,,MODEL,2,3,,,,,,5268239,6575407,14098/14098/14097|7571/7575/7573,,1,chunk-3208-3200-20260828-102215
3212,3203,0,28,35,0,47,-1,,PAINT,-1,-1,5726991,13074,13074,13074,13074,,,,#57630F,1,chunk-3208-3200-20260828-102215
3212,3204,0,28,36,0,47,-1,,PAINT,-1,-1,6383375,12051,12051,12055,12053,,,,#61670F,1,chunk-3208-3200-20260828-102215
3212,3205,0,28,37,0,53,-1,,PAINT,-1,-1,6383375,12053,12055,12059,12054,,,,#61670F,1,chunk-3208-3200-20260828-102215
3212,3206,0,28,38,0,95,-1,,PAINT,-1,-1,6383375,12054,12059,12062,12058,,,,#61670F,1,chunk-3208-3200-20260828-102215
3212,3207,0,28,39,0,95,-1,,PAINT,-1,-1,6185743,12057,12061,12052,12054,,,,#5E630F,1,chunk-3208-3200-20260828-102215
3212,3232,0,28,72,0,53,-1,,PAINT,-1,-1,6776335,11018,11019,11019,11020,,,,#67660F,2,chunk-3208-3232-20260828-095430|chunk-3208-3232-20260828-103429
3212,3233,0,28,73,0,53,6,,PAINT,-1,-1,6513167,11019,11019,11013,11021,,,,#63620F,2,chunk-3208-3232-20260828-095430|chunk-3208-3232-20260828-103429
3212,3234,0,28,74,0,53,6,,PAINT,-1,-1,6185743,12045,12037,12043,12043,,,,#5E630F,2,chunk-3208-3232-20260828-095430|chunk-3208-3232-20260828-103429
3212,3235,0,28,75,0,53,6,,MODEL,2,2,,,,,,6185743,6575407,12045/12043/12043|7572/7568/7566,,2,chunk-3208-3232-20260828-095430|chunk-3208-3232-20260828-103429
3212,3236,0,28,76,0,53,6,,PAINT,-1,-1,6575407,7568,7572,7565,7564,,,,#64552F,2,chunk-3208-3232-20260828-095430|chunk-3208-3232-20260828-103429
3212,3236,1,28,76,1,-1,-1,,NONE,-1,-1,,,,,,,,,,2,chunk-3208-3232-20260828-095430|chunk-3208-3232-20260828-103429
3212,3237,0,28,77,0,53,-1,,PAINT,-1,-1,6383375,12042,12043,12044,12052,,,,#61670F,2,chunk-3208-3232-20260828-095430|chunk-3208-3232-20260828-103429
3212,3237,1,28,77,1,-1,-1,,NONE,-1,-1,,,,,,,,,,2,chunk-3208-3232-20260828-095430|chunk-3208-3232-20260828-103429
3212,3238,0,28,78,0,53,-1,,PAINT,-1,-1,6383375,12052,12044,12044,12050,,,,#61670F,2,chunk-3208-3232-20260828-095430|chunk-3208-3232-20260828-103429
3212,3239,0,28,79,0,53,-1,,PAINT,-1,-1,6383375,12050,12044,12044,12047,,,,#61670F,2,chunk-3208-3232-20260828-095430|chunk-3208-3232-20260828-103429
3213,3200,0,29,32,0,48,-1,,PAINT,-1,-1,4809487,15115,15118,15119,15115,,,,#49630F,1,chunk-3208-3200-20260828-102215
3213,3201,0,29,33,0,47,-1,,MODEL,2,1,,,,,,5268239,6575407,14091/14095/14093|7571/7565/7569,,1,chunk-3208-3200-20260828-102215
3213,3201,1,29,33,1,-1,-1,,NONE,-1,-1,,,,,,,,,,1,chunk-3208-3200-20260828-102215
3213,3202,0,29,34,0,47,-1,,PAINT,-1,-1,6575407,7571,7569,7568,7575,,,,#64552F,1,chunk-3208-3200-20260828-102215
3213,3202,1,29,34,1,-1,-1,,NONE,-1,-1,,,,,,,,,,1,chunk-3208-3200-20260828-102215
3213,3203,0,29,35,0,47,-1,,MODEL,2,3,,,,,,5726991,6575407,13074/13074/13074|7568/7575/7575,,1,chunk-3208-3200-20260828-102215
3213,3204,0,29,36,0,47,-1,,PAINT,-1,-1,6383375,12051,12051,12054,12055,,,,#61670F,1,chunk-3208-3200-20260828-102215
3213,3205,0,29,37,0,53,-1,,PAINT,-1,-1,6383375,12055,12054,12059,12059,,,,#61670F,1,chunk-3208-3200-20260828-102215
3213,3206,0,29,38,0,95,-1,,PAINT,-1,-1,6185743,12058,12058,12058,12061,,,,#5E630F,1,chunk-3208-3200-20260828-102215
3213,3207,0,29,39,0,95,-1,,PAINT,-1,-1,6185743,12061,12058,12052,12052,,,,#5E630F,1,chunk-3208-3200-20260828-102215
3213,3232,0,29,72,0,53,-1,,PAINT,-1,-1,6513167,11018,11020,11016,11019,,,,#63620F,2,chunk-3208-3232-20260828-095430|chunk-3208-3232-20260828-103429
3213,3233,0,29,73,0,53,6,,PAINT,-1,-1,6185743,12043,12040,12038,12037,,,,#5E630F,2,chunk-3208-3232-20260828-095430|chunk-3208-3232-20260828-103429
3213,3234,0,29,74,0,53,6,,MODEL,2,2,,,,,,6185743,6575407,12043/12037/12038|7569/7566/7559,,2,chunk-3208-3232-20260828-095430|chunk-3208-3232-20260828-103429
3213,3235,0,29,75,0,53,6,,PAINT,-1,-1,6575407,7566,7569,7568,7572,,,,#64552F,2,chunk-3208-3232-20260828-095430|chunk-3208-3232-20260828-103429
3213,3235,1,29,75,1,-1,-1,,NONE,-1,-1,,,,,,,,,,2,chunk-3208-3232-20260828-095430|chunk-3208-3232-20260828-103429
3213,3236,0,29,76,0,53,-1,,MODEL,2,0,,,,,,6185743,6575407,12045/12045/12042|7572/7568/7565,,2,chunk-3208-3232-20260828-095430|chunk-3208-3232-20260828-103429
3213,3236,1,29,76,1,-1,-1,,NONE,-1,-1,,,,,,,,,,2,chunk-3208-3232-20260828-095430|chunk-3208-3232-20260828-103429
3213,3237,0,29,77,0,53,-1,,PAINT,-1,-1,6383375,12043,12045,12047,12044,,,,#61670F,2,chunk-3208-3232-20260828-095430|chunk-3208-3232-20260828-103429
3213,3238,0,29,78,0,53,-1,,PAINT,-1,-1,6383375,12044,12047,12046,12044,,,,#61670F,2,chunk-3208-3232-20260828-095430|chunk-3208-3232-20260828-103429
3213,3239,0,29,79,0,53,-1,,PAINT,-1,-1,6383375,12044,12046,12042,12044,,,,#61670F,2,chunk-3208-3232-20260828-095430|chunk-3208-3232-20260828-103429
3214,3200,0,30,32,0,47,-1,,PAINT,-1,-1,4809487,15118,15118,15119,15119,,,,#49630F,1,chunk-3208-3200-20260828-102215
3214,3201,0,30,33,0,47,-1,,PAINT,-1,-1,4809487,15119,15119,15119,15117,,,,#49630F,1,chunk-3208-3200-20260828-102215
3214,3202,0,30,34,0,47,-1,,MODEL,2,1,,,,,,5465871,6575407,14094/14095/14092|7568/7569/7566,,1,chunk-3208-3200-20260828-102215
3214,3202,1,30,34,1,-1,-1,,NONE,-1,-1,,,,,,,,,,1,chunk-3208-3200-20260828-102215
3214,3203,0,30,35,0,47,-1,,PAINT,-1,-1,6575407,7568,7566,7571,7575,,,,#64552F,1,chunk-3208-3200-20260828-102215
3214,3203,1,30,35,1,-1,-1,,NONE,-1,-1,,,,,,,,,,1,chunk-3208-3200-20260828-102215
3214,3204,0,30,36,0,53,-1,,PAINT,-1,-1,5924623,13075,13071,13076,13078,,,,#5A670F,1,chunk-3208-3200-20260828-102215
3214,3205,0,30,37,0,53,-1,,PAINT,-1,-1,6383375,12054,12052,12058,12059,,,,#61670F,1,chunk-3208-3200-20260828-102215
3214,3206,0,30,38,0,53,-1,,PAINT,-1,-1,6185743,12058,12057,12055,12058,,,,#5E630F,1,chunk-3208-3200-20260828-102215
3214,3207,0,30,39,0,95,-1,,PAINT,-1,-1,6185743,12058,12055,12053,12052,,,,#5E630F,1,chunk-3208-3200-20260828-102215
3214,3232,0,30,72,0,53,-1,,PAINT,-1,-1,6513167,11020,11021,11021,11016,,,,#63620F,2,chunk-3208-3232-20260828-095430|chunk-3208-3232-20260828-103429
3214,3233,0,30,73,0,53,-1,,PAINT,-1,-1,6185743,12040,12045,12044,12038,,,,#5E630F,2,chunk-3208-3232-20260828-095430|chunk-3208-3232-20260828-103429
3214,3234,0,30,74,0,53,-1,,PAINT,-1,-1,6575407,7559,7568,7566,7569,,,,#64552F,2,chunk-3208-3232-20260828-095430|chunk-3208-3232-20260828-103429
3214,3234,1,30,74,1,-1,-1,,NONE,-1,-1,,,,,,,,,,2,chunk-3208-3232-20260828-095430|chunk-3208-3232-20260828-103429
3214,3235,0,30,75,0,53,-1,,MODEL,2,0,,,,,,5726991,6575407,13067/13070/13069|7569/7566/7568,,2,chunk-3208-3232-20260828-095430|chunk-3208-3232-20260828-103429
3214,3235,1,30,75,1,-1,-1,,NONE,-1,-1,,,,,,,,,,2,chunk-3208-3232-20260828-095430|chunk-3208-3232-20260828-103429
3214,3236,0,30,76,0,53,-1,,PAINT,-1,-1,6185743,12045,12046,12052,12045,,,,#5E630F,2,chunk-3208-3232-20260828-095430|chunk-3208-3232-20260828-103429
3214,3237,0,30,77,0,53,-1,,PAINT,-1,-1,6383375,12045,12053,12049,12047,,,,#61670F,2,chunk-3208-3232-20260828-095430|chunk-3208-3232-20260828-103429
3214,3238,0,30,78,0,53,-1,,PAINT,-1,-1,6383375,12047,12049,12046,12046,,,,#61670F,2,chunk-3208-3232-20260828-095430|chunk-3208-3232-20260828-103429
3214,3239,0,30,79,0,47,-1,,PAINT,-1,-1,6383375,12046,12046,12046,12042,,,,#61670F,2,chunk-3208-3232-20260828-095430|chunk-3208-3232-20260828-103429
3215,3200,0,31,32,0,47,-1,,PAINT,-1,-1,4285199,16142,16138,16143,16143,,,,#41630F,1,chunk-3208-3200-20260828-102215
3215,3201,0,31,33,0,47,-1,,PAINT,-1,-1,4809487,15119,15119,15124,15119,,,,#49630F,1,chunk-3208-3200-20260828-102215
3215,3202,0,31,34,0,47,-1,,PAINT,-1,-1,5465871,14095,14101,14089,14092,,,,#53670F,1,chunk-3208-3200-20260828-102215
3215,3202,1,31,34,1,-1,-1,,NONE,-1,-1,,,,,,,,,,1,chunk-3208-3200-20260828-102215
3215,3203,0,31,35,0,47,-1,,PAINT,-1,-1,6575407,7566,7564,7570,7571,,,,#64552F,1,chunk-3208-3200-20260828-102215
3215,3203,1,31,35,1,-1,-1,,NONE,-1,-1,,,,,,,,,,1,chunk-3208-3200-20260828-102215
3215,3204,0,31,36,0,53,-1,,PAINT,-1,-1,5924623,13071,13070,13075,13076,,,,#5A670F,1,chunk-3208-3200-20260828-102215
3215,3205,0,31,37,0,53,-1,,PAINT,-1,-1,5924623,13076,13075,13079,13082,,,,#5A670F,1,chunk-3208-3200-20260828-102215
3215,3206,0,31,38,0,53,-1,,PAINT,-1,-1,6185743,12057,12054,12056,12055,,,,#5E630F,1,chunk-3208-3200-20260828-102215
3215,3207,0,31,39,0,95,-1,,PAINT,-1,-1,5726991,13079,13080,13080,13077,,,,#57630F,1,chunk-3208-3200-20260828-102215
3215,3232,0,31,72,0,53,-1,,PAINT,-1,-1,6185743,12045,12046,12047,12045,,,,#5E630F,2,chunk-3208-3232-20260828-095430|chunk-3208-3232-20260828-103429
3215,3233,0,31,73,0,53,-1,,PAINT,-1,-1,6185743,12045,12047,12045,12044,,,,#5E630F,2,chunk-3208-3232-20260828-095430|chunk-3208-3232-20260828-103429
3215,3234,0,31,74,0,53,-1,,PAINT,-1,-1,6575407,7568,7568,7563,7566,,,,#64552F,2,chunk-3208-3232-20260828-095430|chunk-3208-3232-20260828-103429
3215,3234,1,31,74,1,-1,-1,,NONE,-1,-1,,,,,,,,,,2,chunk-3208-3232-20260828-095430|chunk-3208-3232-20260828-103429
3215,3235,0,31,75,0,53,-1,,PAINT,-1,-1,5726991,13067,13065,13071,13070,,,,#57630F,2,chunk-3208-3232-20260828-095430|chunk-3208-3232-20260828-103429
3215,3235,1,31,75,1,-1,-1,,NONE,-1,-1,,,,,,,,,,2,chunk-3208-3232-20260828-095430|chunk-3208-3232-20260828-103429
3215,3236,0,31,76,0,53,-1,,PAINT,-1,-1,5726991,13070,13071,13075,13076,,,,#57630F,2,chunk-3208-3232-20260828-095430|chunk-3208-3232-20260828-103429
3215,3237,0,31,77,0,53,-1,,PAINT,-1,-1,6383375,12053,12052,12050,12049,,,,#61670F,2,chunk-3208-3232-20260828-095430|chunk-3208-3232-20260828-103429
3215,3238,0,31,78,0,53,-1,,PAINT,-1,-1,6383375,12049,12050,12048,12046,,,,#61670F,2,chunk-3208-3232-20260828-095430|chunk-3208-3232-20260828-103429
3215,3239,0,31,79,0,47,-1,,PAINT,-1,-1,6185743,12045,12047,12047,12046,,,,#5E630F,2,chunk-3208-3232-20260828-095430|chunk-3208-3232-20260828-103429
3216,3200,0,32,40,0,47,-1,,PAINT,-1,-1,4285199,16138,16138,16146,16143,,,,#41630F,1,chunk-3216-3200-20260828-095451
3216,3201,0,32,41,0,47,-1,,PAINT,-1,-1,4809487,15119,15122,15125,15124,,,,#49630F,1,chunk-3216-3200-20260828-095451
3216,3202,0,32,42,0,47,-1,,PAINT,-1,-1,5465871,14101,14101,14089,14089,,,,#53670F,1,chunk-3216-3200-20260828-095451
3216,3203,0,32,43,0,53,-1,,PAINT,-1,-1,6575407,7564,7564,7570,7570,,,,#64552F,1,chunk-3216-3200-20260828-095451
3216,3203,1,32,43,1,-1,-1,,NONE,-1,-1,,,,,,,,,,1,chunk-3216-3200-20260828-095451
3216,3204,0,32,44,0,53,-1,,PAINT,-1,-1,5924623,13070,13070,13077,13075,,,,#5A670F,1,chunk-3216-3200-20260828-095451
3216,3205,0,32,45,0,53,-1,,PAINT,-1,-1,5726991,13074,13076,13079,13078,,,,#57630F,1,chunk-3216-3200-20260828-095451
3216,3206,0,32,46,0,53,-1,,PAINT,-1,-1,5726991,13078,13079,13082,13080,,,,#57630F,1,chunk-3216-3200-20260828-095451
3216,3207,0,32,47,0,53,-1,,PAINT,-1,-1,5726991,13080,13082,13078,13080,,,,#57630F,1,chunk-3216-3200-20260828-095451
3216,3216,0,32,56,0,95,-1,,PAINT,-1,-1,6576987,31,16,15,28,,,,#645B5B,2,chunk-3216-3216-20260828-095414|chunk-3216-3216-20260828-102146
3216,3216,1,32,56,1,-1,-1,,PAINT,-1,-1,5458763,15,10,11,19,,,,#534B4B,2,chunk-3216-3216-20260828-095414|chunk-3216-3216-20260828-102146
3216,3217,0,32,57,0,95,6,,PAINT,-1,-1,4735296,19,10,8,14,,,,#484140,2,chunk-3216-3216-20260828-095414|chunk-3216-3216-20260828-102146
3216,3217,1,32,57,1,-1,-1,,PAINT,-1,-1,5458763,19,11,11,20,,,,#534B4B,2,chunk-3216-3216-20260828-095414|chunk-3216-3216-20260828-102146
3216,3218,0,32,58,0,95,6,,PAINT,-1,-1,6576987,21,13,26,26,,,,#645B5B,2,chunk-3216-3216-20260828-095414|chunk-3216-3216-20260828-102146
3216,3218,1,32,58,1,-1,-1,,PAINT,-1,-1,5458763,20,11,12,22,,,,#534B4B,2,chunk-3216-3216-20260828-095414|chunk-3216-3216-20260828-102146
3216,3219,0,32,59,0,95,6,,PAINT,-1,-1,4735296,17,17,10,14,,,,#484140,2,chunk-3216-3216-20260828-095414|chunk-3216-3216-20260828-102146
3216,3219,1,32,59,1,-1,-1,,PAINT,-1,-1,5458763,22,12,11,21,,,,#534B4B,2,chunk-3216-3216-20260828-095414|chunk-3216-3216-20260828-102146
3216,3220,0,32,60,0,95,6,,PAINT,-1,-1,6576987,21,15,15,26,,,,#645B5B,2,chunk-3216-3216-20260828-095414|chunk-3216-3216-20260828-102146
3216,3220,1,32,60,1,-1,-1,,PAINT,-1,-1,5458763,21,11,11,19,,,,#534B4B,2,chunk-3216-3216-20260828-095414|chunk-3216-3216-20260828-102146
3216,3221,0,32,61,0,95,6,,PAINT,-1,-1,4735296,17,10,10,20,,,,#484140,2,chunk-3216-3216-20260828-095414|chunk-3216-3216-20260828-102146
3216,3221,1,32,61,1,-1,-1,,PAINT,-1,-1,5458763,19,11,10,16,,,,#534B4B,2,chunk-3216-3216-20260828-095414|chunk-3216-3216-20260828-102146
3216,3222,0,32,62,0,53,-1,,PAINT,-1,-1,6576987,31,16,16,31,,,,#645B5B,2,chunk-3216-3216-20260828-095414|chunk-3216-3216-20260828-102146
3216,3222,1,32,62,1,-1,-1,,PAINT,-1,-1,5458763,16,10,10,15,,,,#534B4B,2,chunk-3216-3216-20260828-095414|chunk-3216-3216-20260828-102146
3216,3223,0,32,63,0,53,-1,,PAINT,-1,-1,4735296,20,10,10,19,,,,#484140,2,chunk-3216-3216-20260828-095414|chunk-3216-3216-20260828-102146
3216,3223,1,32,63,1,-1,-1,,PAINT,-1,-1,5458763,15,10,11,18,,,,#534B4B,2,chunk-3216-3216-20260828-095414|chunk-3216-3216-20260828-102146
3216,3224,0,32,56,0,53,-1,,PAINT,-1,-1,6576987,29,16,16,25,,,,#645B5B,1,chunk-3216-3224-20260828-102155
3216,3224,1,32,56,1,-1,-1,,PAINT,-1,-1,5458763,18,11,12,20,,,,#534B4B,1,chunk-3216-3224-20260828-102155
3216,3225,0,32,57,0,53,6,,PAINT,-1,-1,4735296,16,11,7,9,,,,#484140,1,chunk-3216-3224-20260828-102155
3216,3225,1,32,57,1,-1,-1,,PAINT,-1,-1,5458763,20,12,12,24,,,,#534B4B,1,chunk-3216-3224-20260828-102155
3216,3226,0,32,58,0,53,6,,PAINT,-1,-1,5458763,11,9,10,10,,,,#534B4B,1,chunk-3216-3224-20260828-102155
3216,3226,1,32,58,1,-1,-1,,PAINT,-1,-1,5458763,24,12,14,22,,,,#534B4B,1,chunk-3216-3224-20260828-102155
3216,3227,0,32,59,0,53,-1,,MODEL,2,0,,,,,,6185743,5458763,12040/12046/12043|10/10/14,,1,chunk-3216-3224-20260828-102155
3216,3227,1,32,59,1,-1,-1,,MODEL,2,0,,,,,,0,5458763,12345678/12345678/12345678|22/14/18,,1,chunk-3216-3224-20260828-102155
3216,3228,0,32,60,0,53,-1,,PAINT,-1,-1,6185743,12043,12046,12046,12046,,,,#5E630F,1,chunk-3216-3224-20260828-102155
3216,3228,1,32,60,1,-1,-1,,NONE,-1,-1,,,,,,,,,,1,chunk-3216-3224-20260828-102155
3216,3229,0,32,61,0,53,-1,,PAINT,-1,-1,6185743,12046,12046,12040,12044,,,,#5E630F,1,chunk-3216-3224-20260828-102155
3216,3230,0,32,62,0,47,-1,,PAINT,-1,-1,6513167,11020,11016,11014,11016,,,,#63620F,1,chunk-3216-3224-20260828-102155
3216,3231,0,32,63,0,47,-1,,PAINT,-1,-1,6513167,11016,11014,11019,11022,,,,#63620F,1,chunk-3216-3224-20260828-102155
3216,3232,0,32,72,0,53,-1,,PAINT,-1,-1,6185743,12046,12043,12042,12047,,,,#5E630F,1,chunk-3216-3232-20260828-095423
3216,3233,0,32,73,0,53,-1,,PAINT,-1,-1,6185743,12047,12042,12043,12045,,,,#5E630F,1,chunk-3216-3232-20260828-095423
3216,3234,0,32,74,0,53,-1,,PAINT,-1,-1,6575407,7568,7566,7562,7563,,,,#64552F,1,chunk-3216-3232-20260828-095423
3216,3234,1,32,74,1,-1,-1,,NONE,-1,-1,,,,,,,,,,1,chunk-3216-3232-20260828-095423
3216,3235,0,32,75,0,53,-1,,PAINT,-1,-1,5726991,13065,13064,13068,13071,,,,#57630F,1,chunk-3216-3232-20260828-095423
3216,3236,0,32,76,0,53,-1,,PAINT,-1,-1,5726991,13071,13068,13073,13075,,,,#57630F,1,chunk-3216-3232-20260828-095423
3216,3237,0,32,77,0,53,-1,,PAINT,-1,-1,5726991,13075,13073,13072,13073,,,,#57630F,1,chunk-3216-3232-20260828-095423
3216,3238,0,32,78,0,47,-1,,PAINT,-1,-1,5726991,13073,13072,13072,13071,,,,#57630F,1,chunk-3216-3232-20260828-095423
3216,3239,0,32,79,0,47,-1,,PAINT,-1,-1,5726991,13071,13072,13071,13071,,,,#57630F,1,chunk-3216-3232-20260828-095423
3217,3200,0,33,40,0,47,-1,,PAINT,-1,-1,4285199,16138,16139,16148,16146,,,,#41630F,1,chunk-3216-3200-20260828-095451
3217,3201,0,33,41,0,47,-1,,PAINT,-1,-1,4809487,15122,15124,15125,15125,,,,#49630F,1,chunk-3216-3200-20260828-095451
3217,3202,0,33,42,0,53,-1,,PAINT,-1,-1,5465871,14101,14102,14089,14089,,,,#53670F,1,chunk-3216-3200-20260828-095451
3217,3203,0,33,43,0,53,-1,,PAINT,-1,-1,6575407,7564,7563,7571,7570,,,,#64552F,1,chunk-3216-3200-20260828-095451
3217,3203,1,33,43,1,-1,-1,,NONE,-1,-1,,,,,,,,,,1,chunk-3216-3200-20260828-095451
3217,3204,0,33,44,0,53,-1,,PAINT,-1,-1,5924623,13070,13071,13072,13077,,,,#5A670F,1,chunk-3216-3200-20260828-095451
3217,3205,0,33,45,0,53,-1,,PAINT,-1,-1,5726991,13076,13071,13072,13079,,,,#57630F,1,chunk-3216-3200-20260828-095451
3217,3206,0,33,46,0,53,-1,,PAINT,-1,-1,5726991,13079,13072,13074,13082,,,,#57630F,1,chunk-3216-3200-20260828-095451
3217,3207,0,33,47,0,53,-1,,PAINT,-1,-1,5726991,13082,13074,13069,13078,,,,#57630F,1,chunk-3216-3200-20260828-095451
3217,3216,0,33,56,0,95,-1,,PAINT,-1,-1,6383375,12041,12043,12042,12041,,,,#61670F,2,chunk-3216-3216-20260828-095414|chunk-3216-3216-20260828-102146
3217,3216,1,33,56,1,-1,-1,,NONE,-1,-1,,,,,,,,,,2,chunk-3216-3216-20260828-095414|chunk-3216-3216-20260828-102146
3217,3217,0,33,57,0,95,6,,PAINT,-1,-1,6383375,12041,12042,12041,12039,,,,#61670F,2,chunk-3216-3216-20260828-095414|chunk-3216-3216-20260828-102146
3217,3217,1,33,57,1,-1,-1,,NONE,-1,-1,,,,,,,,,,2,chunk-3216-3216-20260828-095414|chunk-3216-3216-20260828-102146
3217,3218,0,33,58,0,95,6,,PAINT,-1,-1,5458763,10,12,19,20,,,,#534B4B,2,chunk-3216-3216-20260828-095414|chunk-3216-3216-20260828-102146
3217,3218,1,33,58,1,-1,-1,,NONE,-1,-1,,,,,,,,,,2,chunk-3216-3216-20260828-095414|chunk-3216-3216-20260828-102146
3217,3219,0,33,59,0,95,6,,PAINT,-1,-1,5458763,20,19,13,12,,,,#534B4B,2,chunk-3216-3216-20260828-095414|chunk-3216-3216-20260828-102146
3217,3219,1,33,59,1,-1,-1,,NONE,-1,-1,,,,,,,,,,2,chunk-3216-3216-20260828-095414|chunk-3216-3216-20260828-102146
3217,3220,0,33,60,0,95,6,,PAINT,-1,-1,6383375,12041,12042,12041,12041,,,,#61670F,2,chunk-3216-3216-20260828-095414|chunk-3216-3216-20260828-102146
3217,3220,1,33,60,1,-1,-1,,NONE,-1,-1,,,,,,,,,,2,chunk-3216-3216-20260828-095414|chunk-3216-3216-20260828-102146
3217,3221,0,33,61,0,53,6,,PAINT,-1,-1,6776335,11017,11017,11018,11017,,,,#67660F,2,chunk-3216-3216-20260828-095414|chunk-3216-3216-20260828-102146
3217,3221,1,33,61,1,-1,-1,,NONE,-1,-1,,,,,,,,,,2,chunk-3216-3216-20260828-095414|chunk-3216-3216-20260828-102146
3217,3222,0,33,62,0,53,6,,PAINT,-1,-1,6776335,11017,11018,11021,11017,,,,#67660F,2,chunk-3216-3216-20260828-095414|chunk-3216-3216-20260828-102146
3217,3222,1,33,62,1,-1,-1,,NONE,-1,-1,,,,,,,,,,2,chunk-3216-3216-20260828-095414|chunk-3216-3216-20260828-102146
3217,3223,0,33,63,0,53,-1,,PAINT,-1,-1,6383375,12041,12045,12045,12041,,,,#61670F,2,chunk-3216-3216-20260828-095414|chunk-3216-3216-20260828-102146
3217,3223,1,33,63,1,-1,-1,,NONE,-1,-1,,,,,,,,,,2,chunk-3216-3216-20260828-095414|chunk-3216-3216-20260828-102146
3217,3224,0,33,56,0,53,6,,PAINT,-1,-1,6185743,12041,12045,12044,12041,,,,#5E630F,1,chunk-3216-3224-20260828-102155
3217,3224,1,33,56,1,-1,-1,,NONE,-1,-1,,,,,,,,,,1,chunk-3216-3224-20260828-102155
3217,3225,0,33,57,0,53,6,,PAINT,-1,-1,6185743,12041,12044,12044,12038,,,,#5E630F,1,chunk-3216-3224-20260828-102155
3217,3225,1,33,57,1,-1,-1,,NONE,-1,-1,,,,,,,,,,1,chunk-3216-3224-20260828-102155
3217,3226,0,33,58,0,53,6,,PAINT,-1,-1,6185743,12038,12044,12043,12040,,,,#5E630F,1,chunk-3216-3224-20260828-102155
3217,3226,1,33,58,1,-1,-1,,NONE,-1,-1,,,,,,,,,,1,chunk-3216-3224-20260828-102155
3217,3227,0,33,59,0,53,-1,,PAINT,-1,-1,6185743,12040,12043,12043,12046,,,,#5E630F,1,chunk-3216-3224-20260828-102155
3217,3227,1,33,59,1,-1,-1,,NONE,-1,-1,,,,,,,,,,1,chunk-3216-3224-20260828-102155
3217,3228,0,33,60,0,53,-1,,PAINT,-1,-1,6185743,12046,12043,12041,12046,,,,#5E630F,1,chunk-3216-3224-20260828-102155
3217,3229,0,33,61,0,53,-1,,PAINT,-1,-1,6185743,12046,12041,12042,12040,,,,#5E630F,1,chunk-3216-3224-20260828-102155
3217,3230,0,33,62,0,47,-1,,PAINT,-1,-1,6185743,12040,12042,12041,12038,,,,#5E630F,1,chunk-3216-3224-20260828-102155
3217,3231,0,33,63,0,47,-1,,PAINT,-1,-1,6185743,12038,12041,12043,12043,,,,#5E630F,1,chunk-3216-3224-20260828-102155
3217,3232,0,33,72,0,47,-1,,PAINT,-1,-1,6185743,12043,12043,12040,12042,,,,#5E630F,1,chunk-3216-3232-20260828-095423
3217,3233,0,33,73,0,53,-1,,PAINT,-1,-1,6185743,12042,12040,12044,12043,,,,#5E630F,1,chunk-3216-3232-20260828-095423
3217,3234,0,33,74,0,53,-1,,PAINT,-1,-1,6575407,7566,7568,7562,7562,,,,#64552F,1,chunk-3216-3232-20260828-095423
3217,3234,1,33,74,1,-1,-1,,NONE,-1,-1,,,,,,,,,,1,chunk-3216-3232-20260828-095423
3217,3235,0,33,75,0,53,-1,,PAINT,-1,-1,5726991,13064,13064,13068,13068,,,,#57630F,1,chunk-3216-3232-20260828-095423
3217,3236,0,33,76,0,53,-1,,PAINT,-1,-1,5726991,13068,13068,13072,13073,,,,#57630F,1,chunk-3216-3232-20260828-095423
3217,3237,0,33,77,0,47,-1,,PAINT,-1,-1,5726991,13073,13072,13072,13072,,,,#57630F,1,chunk-3216-3232-20260828-095423
3217,3238,0,33,78,0,47,-1,,PAINT,-1,-1,5726991,13072,13072,13073,13072,,,,#57630F,1,chunk-3216-3232-20260828-095423
3217,3239,0,33,79,0,47,-1,,PAINT,-1,-1,5726991,13072,13073,13072,13071,,,,#57630F,1,chunk-3216-3232-20260828-095423
3218,3200,0,34,40,0,47,-1,,PAINT,-1,-1,4285199,16139,16143,16150,16148,,,,#41630F,1,chunk-3216-3200-20260828-095451
3218,3201,0,34,41,0,53,-1,,PAINT,-1,-1,4809487,15124,15126,15126,15125,,,,#49630F,1,chunk-3216-3200-20260828-095451
3218,3202,0,34,42,0,53,-1,,PAINT,-1,-1,5465871,14102,14103,14089,14089,,,,#53670F,1,chunk-3216-3200-20260828-095451
3218,3203,0,34,43,0,53,-1,,PAINT,-1,-1,6575407,7563,7563,7570,7571,,,,#64552F,1,chunk-3216-3200-20260828-095451
3218,3203,1,34,43,1,-1,-1,,NONE,-1,-1,,,,,,,,,,1,chunk-3216-3200-20260828-095451
3218,3204,0,34,44,0,53,-1,,PAINT,-1,-1,5924623,13071,13071,13068,13072,,,,#5A670F,1,chunk-3216-3200-20260828-095451
3218,3205,0,34,45,0,53,-1,,PAINT,-1,-1,5726991,13071,13068,13069,13072,,,,#57630F,1,chunk-3216-3200-20260828-095451
3218,3206,0,34,46,0,53,-1,,PAINT,-1,-1,5726991,13072,13069,13065,13074,,,,#57630F,1,chunk-3216-3200-20260828-095451
3218,3207,0,34,47,0,53,-1,,PAINT,-1,-1,5463575,12946,12937,12936,12941,,,,#535E17,1,chunk-3216-3200-20260828-095451
3218,3216,0,34,56,0,95,-1,,PAINT,-1,-1,6383375,12043,12043,12042,12042,,,,#61670F,2,chunk-3216-3216-20260828-095414|chunk-3216-3216-20260828-102146
3218,3217,0,34,57,0,95,6,,MODEL,10,0,,,,,,6383375,6575407,12042/12042/12041|12042/12040/12041|12042/12040/12040|7564/7564/7564|7564/7563/7564|7563/7562/7564,,2,chunk-3216-3216-20260828-095414|chunk-3216-3216-20260828-102146
3218,3218,0,34,58,0,95,6,,PAINT,-1,-1,5458763,12,11,15,19,,,,#534B4B,2,chunk-3216-3216-20260828-095414|chunk-3216-3216-20260828-102146
3218,3219,0,34,59,0,95,6,,PAINT,-1,-1,5458763,19,15,12,13,,,,#534B4B,2,chunk-3216-3216-20260828-095414|chunk-3216-3216-20260828-102146
3218,3220,0,34,60,0,53,6,,MODEL,10,3,,,,,,6383375,6575407,12041/12039/12041|12039/12041/12041|12039/12041/12041|7563/7563/7564|7563/7564/7564|7564/7564/7564,,2,chunk-3216-3216-20260828-095414|chunk-3216-3216-20260828-102146
3218,3220,2,34,60,2,-1,-1,,NONE,-1,-1,,,,,,,,,,2,chunk-3216-3216-20260828-095414|chunk-3216-3216-20260828-102146
3218,3221,0,34,61,0,53,6,,PAINT,-1,-1,6383375,12041,12039,12043,12042,,,,#61670F,2,chunk-3216-3216-20260828-095414|chunk-3216-3216-20260828-102146
3218,3222,0,34,62,0,53,6,,PAINT,-1,-1,6383375,12042,12043,12048,12045,,,,#61670F,2,chunk-3216-3216-20260828-095414|chunk-3216-3216-20260828-102146
3218,3223,0,34,63,0,53,6,,PAINT,-1,-1,6185743,12044,12047,12045,12045,,,,#5E630F,2,chunk-3216-3216-20260828-095414|chunk-3216-3216-20260828-102146
3218,3224,0,34,56,0,53,6,,PAINT,-1,-1,6185743,12045,12045,12043,12044,,,,#5E630F,1,chunk-3216-3224-20260828-102155
3218,3225,0,34,57,0,53,6,,PAINT,-1,-1,6185743,12044,12043,12041,12044,,,,#5E630F,1,chunk-3216-3224-20260828-102155
3218,3226,0,34,58,0,53,6,,PAINT,-1,-1,6185743,12044,12041,12040,12043,,,,#5E630F,1,chunk-3216-3224-20260828-102155
3218,3227,0,34,59,0,53,-1,,PAINT,-1,-1,6185743,12043,12040,12042,12043,,,,#5E630F,1,chunk-3216-3224-20260828-102155
3218,3228,0,34,60,0,53,-1,,PAINT,-1,-1,6185743,12043,12042,12045,12041,,,,#5E630F,1,chunk-3216-3224-20260828-102155
3218,3229,0,34,61,0,47,-1,,PAINT,-1,-1,6185743,12041,12045,12046,12042,,,,#5E630F,1,chunk-3216-3224-20260828-102155
3218,3230,0,34,62,0,47,-1,,PAINT,-1,-1,6185743,12042,12046,12044,12041,,,,#5E630F,1,chunk-3216-3224-20260828-102155
3218,3231,0,34,63,0,47,-1,,PAINT,-1,-1,6185743,12041,12044,12043,12043,,,,#5E630F,1,chunk-3216-3224-20260828-102155
3218,3232,0,34,72,0,47,-1,,PAINT,-1,-1,6185743,12043,12043,12039,12040,,,,#5E630F,1,chunk-3216-3232-20260828-095423
3218,3233,0,34,73,0,47,-1,,PAINT,-1,-1,6185743,12040,12039,12043,12044,,,,#5E630F,1,chunk-3216-3232-20260828-095423
3218,3234,0,34,74,0,53,-1,,PAINT,-1,-1,6575407,7568,7567,7561,7562,,,,#64552F,1,chunk-3216-3232-20260828-095423
3218,3234,1,34,74,1,-1,-1,,NONE,-1,-1,,,,,,,,,,1,chunk-3216-3232-20260828-095423
3218,3235,0,34,75,0,53,-1,,PAINT,-1,-1,5726991,13064,13063,13067,13068,,,,#57630F,1,chunk-3216-3232-20260828-095423
3218,3236,0,34,76,0,47,-1,,PAINT,-1,-1,5726991,13068,13067,13071,13072,,,,#57630F,1,chunk-3216-3232-20260828-095423
3218,3237,0,34,77,0,47,-1,,PAINT,-1,-1,5726991,13072,13071,13072,13072,,,,#57630F,1,chunk-3216-3232-20260828-095423
3218,3238,0,34,78,0,47,-1,,PAINT,-1,-1,5726991,13072,13072,13073,13073,,,,#57630F,1,chunk-3216-3232-20260828-095423
3218,3239,0,34,79,0,47,-1,,PAINT,-1,-1,5726991,13073,13073,13072,13072,,,,#57630F,1,chunk-3216-3232-20260828-095423
3219,3200,0,35,40,0,53,-1,,PAINT,-1,-1,4285199,16143,16146,16151,16150,,,,#41630F,1,chunk-3216-3200-20260828-095451
3219,3201,0,35,41,0,53,-1,,PAINT,-1,-1,4809487,15126,15127,15125,15126,,,,#49630F,1,chunk-3216-3200-20260828-095451
3219,3202,0,35,42,0,53,-1,,PAINT,-1,-1,5465871,14103,14101,14089,14089,,,,#53670F,1,chunk-3216-3200-20260828-095451
3219,3203,0,35,43,0,53,-1,,PAINT,-1,-1,6575407,7563,7564,7571,7570,,,,#64552F,1,chunk-3216-3200-20260828-095451
3219,3203,1,35,43,1,-1,-1,,NONE,-1,-1,,,,,,,,,,1,chunk-3216-3200-20260828-095451
3219,3204,0,35,44,0,53,-1,,PAINT,-1,-1,5465871,14095,14095,14093,14092,,,,#53670F,1,chunk-3216-3200-20260828-095451
3219,3205,0,35,45,0,53,-1,,PAINT,-1,-1,5268239,14092,14093,14091,14093,,,,#50630F,1,chunk-3216-3200-20260828-095451
3219,3206,0,35,46,0,53,-1,,PAINT,-1,-1,5463575,12941,12939,12939,12937,,,,#535E17,1,chunk-3216-3200-20260828-095451
3219,3207,0,35,47,0,53,-1,,PAINT,-1,-1,5135895,13961,13963,13963,13960,,,,#4E5E17,1,chunk-3216-3200-20260828-095451
3219,3216,0,35,56,0,95,-1,,PAINT,-1,-1,5924623,13067,13069,13067,13066,,,,#5A670F,2,chunk-3216-3216-20260828-095414|chunk-3216-3216-20260828-102146
3219,3217,0,35,57,0,95,6,,PAINT,-1,-1,5924623,13066,13067,13065,13064,,,,#5A670F,2,chunk-3216-3216-20260828-095414|chunk-3216-3216-20260828-102146
3219,3218,0,35,58,0,95,6,,PAINT,-1,-1,5458763,11,12,15,15,,,,#534B4B,2,chunk-3216-3216-20260828-095414|chunk-3216-3216-20260828-102146
3219,3219,0,35,59,0,53,6,,PAINT,-1,-1,5458763,15,15,13,12,,,,#534B4B,2,chunk-3216-3216-20260828-095414|chunk-3216-3216-20260828-102146
3219,3220,0,35,60,0,53,6,,PAINT,-1,-1,5924623,13065,13066,13063,13063,,,,#5A670F,2,chunk-3216-3216-20260828-095414|chunk-3216-3216-20260828-102146
3219,3221,0,35,61,0,53,6,,PAINT,-1,-1,5924623,13063,13063,13071,13067,,,,#5A670F,2,chunk-3216-3216-20260828-095414|chunk-3216-3216-20260828-102146
3219,3222,0,35,62,0,53,6,,PAINT,-1,-1,5726991,13067,13070,13072,13071,,,,#57630F,2,chunk-3216-3216-20260828-095414|chunk-3216-3216-20260828-102146
3219,3223,0,35,63,0,53,6,,PAINT,-1,-1,5726991,13071,13072,13065,13069,,,,#57630F,2,chunk-3216-3216-20260828-095414|chunk-3216-3216-20260828-102146
3219,3224,0,35,56,0,53,6,,PAINT,-1,-1,5726991,13069,13065,13065,13067,,,,#57630F,1,chunk-3216-3224-20260828-102155
3219,3225,0,35,57,0,53,6,,PAINT,-1,-1,5726991,13067,13065,13068,13065,,,,#57630F,1,chunk-3216-3224-20260828-102155
3219,3226,0,35,58,0,53,-1,,PAINT,-1,-1,5726991,13065,13068,13070,13064,,,,#57630F,1,chunk-3216-3224-20260828-102155
3219,3227,0,35,59,0,53,-1,,PAINT,-1,-1,5726991,13064,13070,13072,13066,,,,#57630F,1,chunk-3216-3224-20260828-102155
3219,3228,0,35,60,0,53,-1,,PAINT,-1,-1,5726991,13066,13072,13074,13069,,,,#57630F,1,chunk-3216-3224-20260828-102155
3219,3229,0,35,61,0,47,-1,,PAINT,-1,-1,5726991,13069,13074,13074,13070,,,,#57630F,1,chunk-3216-3224-20260828-102155
3219,3230,0,35,62,0,47,-1,,PAINT,-1,-1,6185743,12046,12050,12049,12044,,,,#5E630F,1,chunk-3216-3224-20260828-102155
3219,3231,0,35,63,0,47,-1,,PAINT,-1,-1,6185743,12044,12049,12047,12043,,,,#5E630F,1,chunk-3216-3224-20260828-102155
3219,3232,0,35,72,0,53,-1,,PAINT,-1,-1,6185743,12043,12047,12043,12039,,,,#5E630F,1,chunk-3216-3232-20260828-095423
3219,3233,0,35,73,0,53,-1,,PAINT,-1,-1,6185743,12039,12043,12047,12043,,,,#5E630F,1,chunk-3216-3232-20260828-095423
3219,3234,0,35,74,0,53,-1,,PAINT,-1,-1,6575407,7567,7571,7560,7561,,,,#64552F,1,chunk-3216-3232-20260828-095423
3219,3234,1,35,74,1,-1,-1,,NONE,-1,-1,,,,,,,,,,1,chunk-3216-3232-20260828-095423
3219,3235,0,35,75,0,53,-1,,PAINT,-1,-1,5726991,13063,13062,13066,13067,,,,#57630F,1,chunk-3216-3232-20260828-095423
3219,3236,0,35,76,0,53,-1,,PAINT,-1,-1,5726991,13067,13066,13071,13071,,,,#57630F,1,chunk-3216-3232-20260828-095423
3219,3237,0,35,77,0,47,-1,,PAINT,-1,-1,5726991,13071,13071,13073,13072,,,,#57630F,1,chunk-3216-3232-20260828-095423
3219,3238,0,35,78,0,47,-1,,PAINT,-1,-1,5726991,13072,13073,13074,13073,,,,#57630F,1,chunk-3216-3232-20260828-095423
3219,3239,0,35,79,0,47,-1,,PAINT,-1,-1,5005326,14096,14097,14097,14096,,,,#4C600E,1,chunk-3216-3232-20260828-095423
3220,3200,0,36,40,0,53,-1,,PAINT,-1,-1,4285199,16146,16146,16150,16151,,,,#41630F,1,chunk-3216-3200-20260828-095451
3220,3201,0,36,41,0,53,-1,,PAINT,-1,-1,4809487,15127,15126,15124,15125,,,,#49630F,1,chunk-3216-3200-20260828-095451
3220,3202,0,36,42,0,53,-1,,PAINT,-1,-1,5465871,14101,14101,14091,14089,,,,#53670F,1,chunk-3216-3200-20260828-095451
3220,3202,1,36,42,1,-1,-1,,NONE,-1,-1,,,,,,,,,,1,chunk-3216-3200-20260828-095451
3220,3203,0,36,43,0,53,-1,,PAINT,-1,-1,6575407,7564,7565,7569,7571,,,,#64552F,1,chunk-3216-3200-20260828-095451
3220,3203,1,36,43,1,-1,-1,,NONE,-1,-1,,,,,,,,,,1,chunk-3216-3200-20260828-095451
3220,3204,0,36,44,0,53,-1,,PAINT,-1,-1,5465871,14095,14094,14094,14093,,,,#53670F,1,chunk-3216-3200-20260828-095451
3220,3205,0,36,45,0,53,-1,,PAINT,-1,-1,5465871,14093,14094,14092,14092,,,,#53670F,1,chunk-3216-3200-20260828-095451
3220,3206,0,36,46,0,53,-1,,PAINT,-1,-1,5135895,13963,13963,13965,13963,,,,#4E5E17,1,chunk-3216-3200-20260828-095451
3220,3207,0,36,47,0,53,-1,,PAINT,-1,-1,5135895,13963,13965,13964,13963,,,,#4E5E17,1,chunk-3216-3200-20260828-095451
3220,3216,0,36,56,0,95,-1,,PAINT,-1,-1,5924623,13069,13073,13070,13067,,,,#5A670F,2,chunk-3216-3216-20260828-095414|chunk-3216-3216-20260828-102146
3220,3217,0,36,57,0,95,6,,PAINT,-1,-1,5924623,13067,13070,13069,13065,,,,#5A670F,2,chunk-3216-3216-20260828-095414|chunk-3216-3216-20260828-102146
3220,3218,0,36,58,0,53,6,,PAINT,-1,-1,5458763,12,17,20,15,,,,#534B4B,2,chunk-3216-3216-20260828-095414|chunk-3216-3216-20260828-102146
3220,3219,0,36,59,0,53,6,,PAINT,-1,-1,5458763,15,20,17,13,,,,#534B4B,2,chunk-3216-3216-20260828-095414|chunk-3216-3216-20260828-102146
3220,3220,0,36,60,0,53,6,,PAINT,-1,-1,5924623,13066,13069,13069,13063,,,,#5A670F,2,chunk-3216-3216-20260828-095414|chunk-3216-3216-20260828-102146
3220,3221,0,36,61,0,53,6,,PAINT,-1,-1,5924623,13063,13069,13073,13071,,,,#5A670F,2,chunk-3216-3216-20260828-095414|chunk-3216-3216-20260828-102146
3220,3222,0,36,62,0,53,6,,PAINT,-1,-1,5268239,14094,14097,14095,14096,,,,#50630F,2,chunk-3216-3216-20260828-095414|chunk-3216-3216-20260828-102146
3220,3223,0,36,63,0,53,6,,PAINT,-1,-1,5268239,14096,14095,14095,14089,,,,#50630F,2,chunk-3216-3216-20260828-095414|chunk-3216-3216-20260828-102146
3220,3224,0,36,56,0,53,6,,PAINT,-1,-1,5268239,14089,14095,14098,14089,,,,#50630F,1,chunk-3216-3224-20260828-102155
3220,3225,0,36,57,0,53,-1,,MODEL,10,1,,,,,,5268239,5458763,14092/14089/14093|14089/14096/14093|14089/14098/14096|16/17/19|17/22/19|22/25/19,,1,chunk-3216-3224-20260828-102155
3220,3226,0,36,58,0,53,-1,,PAINT,-1,-1,5458763,16,19,17,18,,,,#534B4B,1,chunk-3216-3224-20260828-102155
3220,3227,0,36,59,0,53,-1,,PAINT,-1,-1,5458763,18,17,19,21,,,,#534B4B,1,chunk-3216-3224-20260828-102155
3220,3228,0,36,60,0,47,-1,,MODEL,10,2,,,,,,5726991,5458763,13074/13074/13072|13074/13071/13072|13074/13072/13071|25/22/19|22/20/19|20/21/19,,1,chunk-3216-3224-20260828-102155
3220,3229,0,36,61,0,53,-1,,PAINT,-1,-1,5726991,13074,13074,13075,13074,,,,#57630F,1,chunk-3216-3224-20260828-102155
3220,3230,0,36,62,0,47,-1,,PAINT,-1,-1,6185743,12050,12051,12049,12049,,,,#5E630F,1,chunk-3216-3224-20260828-102155
3220,3231,0,36,63,0,53,-1,,PAINT,-1,-1,6185743,12049,12049,12046,12047,,,,#5E630F,1,chunk-3216-3224-20260828-102155
3220,3232,0,36,72,0,53,-1,,PAINT,-1,-1,6185743,12047,12046,12046,12043,,,,#5E630F,1,chunk-3216-3232-20260828-095423
3220,3233,0,36,73,0,53,-1,,PAINT,-1,-1,6185743,12043,12046,12046,12047,,,,#5E630F,1,chunk-3216-3232-20260828-095423
3220,3234,0,36,74,0,53,-1,,PAINT,-1,-1,6575407,7571,7570,7561,7560,,,,#64552F,1,chunk-3216-3232-20260828-095423
3220,3234,1,36,74,1,-1,-1,,NONE,-1,-1,,,,,,,,,,1,chunk-3216-3232-20260828-095423
3220,3235,0,36,75,0,53,-1,,PAINT,-1,-1,5726991,13062,13063,13066,13066,,,,#57630F,1,chunk-3216-3232-20260828-095423
3220,3235,1,36,75,1,-1,-1,,NONE,-1,-1,,,,,,,,,,1,chunk-3216-3232-20260828-095423
3220,3236,0,36,76,0,53,-1,,PAINT,-1,-1,5726991,13066,13066,13072,13071,,,,#57630F,1,chunk-3216-3232-20260828-095423
3220,3237,0,36,77,0,53,-1,,PAINT,-1,-1,5726991,13071,13072,13073,13073,,,,#57630F,1,chunk-3216-3232-20260828-095423
3220,3238,0,36,78,0,47,-1,,PAINT,-1,-1,5726991,13073,13073,13074,13074,,,,#57630F,1,chunk-3216-3232-20260828-095423
3220,3239,0,36,79,0,47,-1,,PAINT,-1,-1,5005326,14097,14097,14097,14097,,,,#4C600E,1,chunk-3216-3232-20260828-095423
3221,3200,0,37,40,0,53,-1,,PAINT,-1,-1,4285199,16146,16147,16151,16150,,,,#41630F,1,chunk-3216-3200-20260828-095451
3221,3201,0,37,41,0,53,-1,,PAINT,-1,-1,4941583,15127,15128,15127,15125,,,,#4B670F,1,chunk-3216-3200-20260828-095451
3221,3202,0,37,42,0,53,-1,,PAINT,-1,-1,5465871,14101,14103,14095,14091,,,,#53670F,1,chunk-3216-3200-20260828-095451
3221,3203,0,37,43,0,53,-1,,MODEL,2,1,,,,,,5465871,6575407,14091/14095/14093|7569/7565/7568,,1,chunk-3216-3200-20260828-095451
3221,3203,1,37,43,1,-1,-1,,NONE,-1,-1,,,,,,,,,,1,chunk-3216-3200-20260828-095451
3221,3204,0,37,44,0,53,-1,,MODEL,2,3,,,,,,5465871,6575407,14092/14094/14094|7568/7567/7569,,1,chunk-3216-3200-20260828-095451
3221,3204,1,37,44,1,-1,-1,,NONE,-1,-1,,,,,,,,,,1,chunk-3216-3200-20260828-095451
3221,3205,0,37,45,0,53,-1,,PAINT,-1,-1,5267737,13966,13964,13970,13964,,,,#506119,1,chunk-3216-3200-20260828-095451
3221,3206,0,37,46,0,53,-1,,PAINT,-1,-1,5267737,13964,13970,13969,13966,,,,#506119,1,chunk-3216-3200-20260828-095451
3221,3207,0,37,47,0,53,-1,,PAINT,-1,-1,5135895,13965,13968,13969,13964,,,,#4E5E17,1,chunk-3216-3200-20260828-095451
3221,3216,0,37,56,0,95,-1,,PAINT,-1,-1,5458763,22,26,25,18,,,,#534B4B,2,chunk-3216-3216-20260828-095414|chunk-3216-3216-20260828-102146
3221,3217,0,37,57,0,53,-1,,PAINT,-1,-1,5458763,18,25,25,17,,,,#534B4B,2,chunk-3216-3216-20260828-095414|chunk-3216-3216-20260828-102146
3221,3218,0,37,58,0,53,6,,PAINT,-1,-1,5458763,17,25,26,20,,,,#534B4B,2,chunk-3216-3216-20260828-095414|chunk-3216-3216-20260828-102146
3221,3219,0,37,59,0,53,6,,PAINT,-1,-1,5458763,20,26,25,17,,,,#534B4B,2,chunk-3216-3216-20260828-095414|chunk-3216-3216-20260828-102146
3221,3220,0,37,60,0,53,6,,PAINT,-1,-1,5458763,17,25,25,17,,,,#534B4B,2,chunk-3216-3216-20260828-095414|chunk-3216-3216-20260828-102146
3221,3221,0,37,61,0,53,6,,PAINT,-1,-1,5458763,17,25,26,23,,,,#534B4B,2,chunk-3216-3216-20260828-095414|chunk-3216-3216-20260828-102146
3221,3222,0,37,62,0,53,-1,,PAINT,-1,-1,5458763,23,26,26,20,,,,#534B4B,2,chunk-3216-3216-20260828-095414|chunk-3216-3216-20260828-102146
3221,3223,0,37,63,0,53,-1,,PAINT,-1,-1,5458763,20,26,26,20,,,,#534B4B,2,chunk-3216-3216-20260828-095414|chunk-3216-3216-20260828-102146
3221,3224,0,37,56,0,53,-1,,PAINT,-1,-1,5458763,20,26,25,25,,,,#534B4B,1,chunk-3216-3224-20260828-102155
3221,3225,0,37,57,0,47,-1,,PAINT,-1,-1,5458763,25,25,17,19,,,,#534B4B,1,chunk-3216-3224-20260828-102155
3221,3226,0,37,58,0,53,-1,,PAINT,-1,-1,5458763,19,17,15,17,,,,#534B4B,1,chunk-3216-3224-20260828-102155
3221,3227,0,37,59,0,53,-1,,PAINT,-1,-1,5458763,17,15,16,19,,,,#534B4B,1,chunk-3216-3224-20260828-102155
3221,3228,0,37,60,0,53,6,,PAINT,-1,-1,5458763,19,16,23,25,,,,#534B4B,1,chunk-3216-3224-20260828-102155
3221,3229,0,37,61,0,53,6,,PAINT,-1,-1,5726991,13074,13073,13072,13075,,,,#57630F,1,chunk-3216-3224-20260828-102155
3221,3230,0,37,62,0,53,6,,PAINT,-1,-1,6185743,12051,12048,12046,12049,,,,#5E630F,1,chunk-3216-3224-20260828-102155
3221,3231,0,37,63,0,53,-1,,PAINT,-1,-1,6185743,12049,12046,12046,12046,,,,#5E630F,1,chunk-3216-3224-20260828-102155
3221,3232,0,37,72,0,53,-1,,PAINT,-1,-1,6185743,12046,12046,12046,12046,,,,#5E630F,1,chunk-3216-3232-20260828-095423
3221,3233,0,37,73,0,53,-1,,MODEL,2,2,,,,,,6185743,6575407,12046/12046/12046|7567/7570/7570,,1,chunk-3216-3232-20260828-095423
3221,3233,1,37,73,1,-1,-1,,NONE,-1,-1,,,,,,,,,,1,chunk-3216-3232-20260828-095423
3221,3234,0,37,74,0,53,-1,,MODEL,2,0,,,,,,6185743,6575407,12044/12037/12039|7570/7567/7561,,1,chunk-3216-3232-20260828-095423
3221,3234,1,37,74,1,-1,-1,,NONE,-1,-1,,,,,,,,,,1,chunk-3216-3232-20260828-095423
3221,3235,0,37,75,0,53,-1,,PAINT,-1,-1,5726991,13063,13061,13069,13066,,,,#57630F,1,chunk-3216-3232-20260828-095423
3221,3236,0,37,76,0,53,-1,,PAINT,-1,-1,5726991,13066,13069,13072,13072,,,,#57630F,1,chunk-3216-3232-20260828-095423
3221,3237,0,37,77,0,53,-1,,PAINT,-1,-1,5726991,13072,13072,13073,13073,,,,#57630F,1,chunk-3216-3232-20260828-095423
3221,3238,0,37,78,0,47,-1,,PAINT,-1,-1,5726991,13073,13073,13074,13074,,,,#57630F,1,chunk-3216-3232-20260828-095423
3221,3239,0,37,79,0,47,-1,,MODEL,4,0,,,,,,5529614,5458763,13073/13073/13073|13073/13073/13073|24/24/24,,1,chunk-3216-3232-20260828-095423
3222,3200,0,38,40,0,53,-1,,PAINT,-1,-1,4285199,16147,16148,16150,16151,,,,#41630F,1,chunk-3216-3200-20260828-095451
3222,3201,0,38,41,0,53,-1,,PAINT,-1,-1,4941583,15128,15127,15125,15127,,,,#4B670F,1,chunk-3216-3200-20260828-095451
3222,3202,0,38,42,0,53,-1,,PAINT,-1,-1,5465871,14103,14101,14101,14095,,,,#53670F,1,chunk-3216-3200-20260828-095451
3222,3203,0,38,43,0,53,-1,,PAINT,-1,-1,5465871,14095,14101,14095,14093,,,,#53670F,1,chunk-3216-3200-20260828-095451
3222,3204,0,38,44,0,53,-1,,MODEL,2,1,,,,,,5660953,6575407,12941/12943/12941|7567/7568/7568,,1,chunk-3216-3200-20260828-095451
3222,3204,1,38,44,1,-1,-1,,NONE,-1,-1,,,,,,,,,,1,chunk-3216-3200-20260828-095451
3222,3205,0,38,45,0,53,-1,,MODEL,2,3,,,,,,5463575,6575407,12941/12945/12940|7568/7569/7567,,1,chunk-3216-3200-20260828-095451
3222,3205,1,38,45,1,-1,-1,,NONE,-1,-1,,,,,,,,,,1,chunk-3216-3200-20260828-095451
3222,3206,0,38,46,0,53,-1,,PAINT,-1,-1,5463575,12945,12941,12946,12944,,,,#535E17,1,chunk-3216-3200-20260828-095451
3222,3207,0,38,47,0,53,-1,,PAINT,-1,-1,5135895,13968,13970,13970,13969,,,,#4E5E17,1,chunk-3216-3200-20260828-095451
3222,3216,0,38,56,0,53,-1,,PAINT,-1,-1,5458763,26,25,24,25,,,,#534B4B,2,chunk-3216-3216-20260828-095414|chunk-3216-3216-20260828-102146
3222,3217,0,38,57,0,47,-1,,PAINT,-1,-1,5458763,25,24,22,25,,,,#534B4B,2,chunk-3216-3216-20260828-095414|chunk-3216-3216-20260828-102146
3222,3218,0,38,58,0,53,-1,,PAINT,-1,-1,5458763,25,22,24,26,,,,#534B4B,2,chunk-3216-3216-20260828-095414|chunk-3216-3216-20260828-102146
3222,3219,0,38,59,0,53,-1,,PAINT,-1,-1,5458763,26,24,23,25,,,,#534B4B,2,chunk-3216-3216-20260828-095414|chunk-3216-3216-20260828-102146
3222,3220,0,38,60,0,53,-1,,PAINT,-1,-1,5458763,25,23,22,25,,,,#534B4B,2,chunk-3216-3216-20260828-095414|chunk-3216-3216-20260828-102146
3222,3221,0,38,61,0,53,-1,,PAINT,-1,-1,5458763,25,22,25,26,,,,#534B4B,2,chunk-3216-3216-20260828-095414|chunk-3216-3216-20260828-102146
3222,3222,0,38,62,0,53,-1,,PAINT,-1,-1,5458763,26,25,26,26,,,,#534B4B,2,chunk-3216-3216-20260828-095414|chunk-3216-3216-20260828-102146
3222,3223,0,38,63,0,53,-1,,PAINT,-1,-1,5458763,26,26,26,26,,,,#534B4B,2,chunk-3216-3216-20260828-095414|chunk-3216-3216-20260828-102146
3222,3224,0,38,56,0,47,-1,,PAINT,-1,-1,5458763,26,26,25,25,,,,#534B4B,1,chunk-3216-3224-20260828-102155
3222,3225,0,38,57,0,47,-1,,PAINT,-1,-1,5458763,25,25,18,17,,,,#534B4B,1,chunk-3216-3224-20260828-102155
3222,3226,0,38,58,0,53,-1,,PAINT,-1,-1,5458763,17,18,16,15,,,,#534B4B,1,chunk-3216-3224-20260828-102155
3222,3227,0,38,59,0,53,-1,,PAINT,-1,-1,5458763,15,16,17,16,,,,#534B4B,1,chunk-3216-3224-20260828-102155
3222,3228,0,38,60,0,53,6,,PAINT,-1,-1,5458763,16,17,23,23,,,,#534B4B,1,chunk-3216-3224-20260828-102155
3222,3229,0,38,61,0,53,6,,PAINT,-1,-1,5726991,13073,13073,13073,13072,,,,#57630F,1,chunk-3216-3224-20260828-102155
3222,3230,0,38,62,0,53,6,,PAINT,-1,-1,6185743,12048,12049,12048,12046,,,,#5E630F,1,chunk-3216-3224-20260828-102155
3222,3231,0,38,63,0,53,-1,,PAINT,-1,-1,6185743,12046,12048,12046,12046,,,,#5E630F,1,chunk-3216-3224-20260828-102155
3222,3232,0,38,72,0,53,6,,MODEL,2,2,,,,,,6185743,6575407,12046/12046/12046|7567/7570/7570,,1,chunk-3216-3232-20260828-095423
3222,3232,1,38,72,1,-1,-1,,NONE,-1,-1,,,,,,,,,,1,chunk-3216-3232-20260828-095423
3222,3233,0,38,73,0,53,6,,MODEL,2,0,,,,,,6185743,6575407,12044/12035/12044|7570/7567/7567,,1,chunk-3216-3232-20260828-095423
3222,3233,1,38,73,1,-1,-1,,NONE,-1,-1,,,,,,,,,,1,chunk-3216-3232-20260828-095423
3222,3234,0,38,74,0,53,6,,PAINT,-1,-1,6185743,12044,12035,12038,12037,,,,#5E630F,1,chunk-3216-3232-20260828-095423
3222,3235,0,38,75,0,53,-1,,PAINT,-1,-1,6185743,12037,12038,12047,12045,,,,#5E630F,1,chunk-3216-3232-20260828-095423
3222,3236,0,38,76,0,53,-1,,PAINT,-1,-1,6185743,12045,12047,12048,12048,,,,#5E630F,1,chunk-3216-3232-20260828-095423
3222,3237,0,38,77,0,53,-1,,MODEL,4,0,,,,,,6185743,5458763,12048/12048/12049|12048/12049/12049|21/23/23,,1,chunk-3216-3232-20260828-095423
3222,3238,0,38,78,0,47,-1,,MODEL,6,2,,,,,,5726991,5458763,13074/13073/13073|23/24/23|23/23/23,,1,chunk-3216-3232-20260828-095423
3222,3239,0,38,79,0,47,-1,,PAINT,-1,-1,5458763,24,23,25,24,,,,#534B4B,1,chunk-3216-3232-20260828-095423
3223,3200,0,39,40,0,53,-1,,PAINT,-1,-1,4809487,15124,15121,15123,15126,,,,#49630F,1,chunk-3216-3200-20260828-095451
3223,3201,0,39,41,0,53,-1,,PAINT,-1,-1,5465871,14103,14100,14100,14101,,,,#53670F,1,chunk-3216-3200-20260828-095451
3223,3202,0,39,42,0,53,-1,,PAINT,-1,-1,5465871,14101,14100,14100,14101,,,,#53670F,1,chunk-3216-3200-20260828-095451
3223,3203,0,39,43,0,53,-1,,PAINT,-1,-1,5660953,12949,12948,12947,12943,,,,#566119,1,chunk-3216-3200-20260828-095451
3223,3204,0,39,44,0,53,-1,,PAINT,-1,-1,5463575,12943,12946,12943,12941,,,,#535E17,1,chunk-3216-3200-20260828-095451
3223,3205,0,39,45,0,53,-1,,MODEL,2,1,,,,,,5463575,6575407,12941/12943/12940|7569/7568/7568,,1,chunk-3216-3200-20260828-095451
3223,3205,1,39,45,1,-1,-1,,NONE,-1,-1,,,,,,,,,,1,chunk-3216-3200-20260828-095451
3223,3206,0,39,46,0,53,-1,,MODEL,2,3,,,,,,5463575,6575407,12941/12946/12941|7568/7569/7569,,1,chunk-3216-3200-20260828-095451
3223,3206,1,39,46,1,-1,-1,,NONE,-1,-1,,,,,,,,,,1,chunk-3216-3200-20260828-095451
3223,3207,0,39,47,0,53,-1,,PAINT,-1,-1,5265943,12945,12941,12942,12945,,,,#505A17,1,chunk-3216-3200-20260828-095451
3223,3216,0,39,56,0,53,-1,,PAINT,-1,-1,5529614,13074,13074,13071,13073,,,,#54600E,2,chunk-3216-3216-20260828-095414|chunk-3216-3216-20260828-102146
3223,3217,0,39,57,0,47,-1,,MODEL,10,0,,,,,,5726991,5458763,13074/13071/13073|13071/13072/13073|13071/13071/13072|24/23/22|23/21/22|21/21/22,,2,chunk-3216-3216-20260828-095414|chunk-3216-3216-20260828-102146
3223,3218,0,39,58,0,47,-1,,PAINT,-1,-1,5458763,22,21,24,24,,,,#534B4B,2,chunk-3216-3216-20260828-095414|chunk-3216-3216-20260828-102146
3223,3219,0,39,59,0,47,-1,,PAINT,-1,-1,5458763,24,24,23,23,,,,#534B4B,2,chunk-3216-3216-20260828-095414|chunk-3216-3216-20260828-102146
3223,3220,0,39,60,0,47,-1,,MODEL,10,3,,,,,,5726991,5458763,13073/13073/13073|13073/13073/13073|13073/13073/13073|23/23/23|23/22/23|22/22/23,,2,chunk-3216-3216-20260828-095414|chunk-3216-3216-20260828-102146
3223,3221,0,39,61,0,53,-1,,PAINT,-1,-1,5924623,13073,13073,13076,13075,,,,#5A670F,2,chunk-3216-3216-20260828-095414|chunk-3216-3216-20260828-102146
3223,3222,0,39,62,0,47,-1,,PAINT,-1,-1,5726991,13074,13075,13075,13075,,,,#57630F,2,chunk-3216-3216-20260828-095414|chunk-3216-3216-20260828-102146
3223,3223,0,39,63,0,47,-1,,PAINT,-1,-1,5726991,13075,13075,13074,13075,,,,#57630F,2,chunk-3216-3216-20260828-095414|chunk-3216-3216-20260828-102146
3223,3224,0,39,56,0,47,-1,,PAINT,-1,-1,5726991,13075,13074,13075,13074,,,,#57630F,1,chunk-3216-3224-20260828-102155
3223,3225,0,39,57,0,47,-1,,MODEL,10,0,,,,,,5726991,5458763,13074/13075/13071|13075/13071/13071|13075/13074/13071|25/21/18|21/21/18|21/25/18,,1,chunk-3216-3224-20260828-102155
3223,3226,0,39,58,0,53,-1,,PAINT,-1,-1,5458763,18,25,27,16,,,,#534B4B,1,chunk-3216-3224-20260828-102155
3223,3227,0,39,59,0,53,-1,,PAINT,-1,-1,5458763,16,27,25,17,,,,#534B4B,1,chunk-3216-3224-20260828-102155
3223,3228,0,39,60,0,53,6,,MODEL,10,3,,,,,,5726991,5458763,13075/13075/13071|13075/13070/13071|13075/13073/13070|25/21/17|21/20/17|20/23/17,,1,chunk-3216-3224-20260828-102155
3223,3229,0,39,61,0,53,6,,PAINT,-1,-1,6185743,12049,12051,12049,12049,,,,#5E630F,1,chunk-3216-3224-20260828-102155
3223,3230,0,39,62,0,53,-1,,PAINT,-1,-1,6185743,12049,12049,12046,12048,,,,#5E630F,1,chunk-3216-3224-20260828-102155
3223,3231,0,39,63,0,53,-1,,MODEL,2,2,,,,,,6185743,6575407,12046/12048/12046|7567/7570/7570,,1,chunk-3216-3224-20260828-102155
3223,3231,1,39,63,1,-1,-1,,NONE,-1,-1,,,,,,,,,,1,chunk-3216-3224-20260828-102155
3223,3232,0,39,72,0,53,6,,MODEL,2,0,,,,,,6185743,6575407,12044/12037/12044|7570/7567/7567,,1,chunk-3216-3232-20260828-095423
3223,3232,1,39,72,1,-1,-1,,NONE,-1,-1,,,,,,,,,,1,chunk-3216-3232-20260828-095423
3223,3233,0,39,73,0,53,6,,PAINT,-1,-1,6185743,12044,12037,12038,12035,,,,#5E630F,1,chunk-3216-3232-20260828-095423
3223,3234,0,39,74,0,53,6,,PAINT,-1,-1,6185743,12035,12038,12043,12038,,,,#5E630F,1,chunk-3216-3232-20260828-095423
3223,3235,0,39,75,0,53,-1,,PAINT,-1,-1,6185743,12038,12043,12047,12047,,,,#5E630F,1,chunk-3216-3232-20260828-095423
3223,3236,0,39,76,0,53,-1,,MODEL,11,3,,,,,,6185743,5458763,20/21/20|21/20/20|21/21/20|12047/12047/12047|12047/12047/12047|12047/12048/12047,,1,chunk-3216-3232-20260828-095423
3223,3237,0,39,77,0,53,-1,,PAINT,-1,-1,5458763,21,21,22,23,,,,#534B4B,1,chunk-3216-3232-20260828-095423
3223,3238,0,39,78,0,47,-1,,PAINT,-1,-1,5458763,23,22,23,23,,,,#534B4B,1,chunk-3216-3232-20260828-095423
3223,3239,0,39,79,0,47,-1,,PAINT,-1,-1,5458763,23,23,24,25,,,,#534B4B,1,chunk-3216-3232-20260828-095423
3224,3208,0,40,40,0,53,-1,,PAINT,-1,-1,5265943,12942,12940,12946,12945,,,,#505A17,1,chunk-3224-3208-20260828-102221
3224,3209,0,40,41,0,53,-1,,PAINT,-1,-1,4872727,13969,13970,13969,13969,,,,#4A5A17,1,chunk-3224-3208-20260828-102221
3224,3210,0,40,42,0,53,-1,,PAINT,-1,-1,4675350,13968,13968,13968,13967,,,,#475716,1,chunk-3224-3208-20260828-102221
3224,3211,0,40,43,0,53,-1,,PAINT,-1,-1,4675350,13967,13968,13969,13968,,,,#475716,1,chunk-3224-3208-20260828-102221
3224,3212,0,40,44,0,53,-1,,PAINT,-1,-1,4675350,13968,13969,13968,13966,,,,#475716,1,chunk-3224-3208-20260828-102221
3224,3213,0,40,45,0,53,6,,PAINT,-1,-1,4675350,13966,13968,13970,13967,,,,#475716,1,chunk-3224-3208-20260828-102221
3224,3214,0,40,46,0,53,6,,PAINT,-1,-1,5265943,12943,12947,12947,12946,,,,#505A17,1,chunk-3224-3208-20260828-102221
3224,3215,0,40,47,0,53,6,,PAINT,-1,-1,5529614,13074,13075,13075,13073,,,,#54600E,1,chunk-3224-3208-20260828-102221
3224,3216,0,48,56,0,53,6,,PAINT,-1,-1,5529614,13074,13075,13076,13071,,,,#54600E,1,chunk-3224-3216-20260828-103417
3224,3217,0,48,57,0,53,-1,,MODEL,10,1,,,,,,5529614,5458763,13071/13071/13073|13071/13075/13073|13071/13076/13075|21/24/27|24/27/27|27/27/27,,1,chunk-3224-3216-20260828-103417
3224,3218,0,48,58,0,47,-1,,PAINT,-1,-1,5458763,21,27,26,24,,,,#534B4B,1,chunk-3224-3216-20260828-103417
3224,3219,0,48,59,0,47,-1,,PAINT,-1,-1,5458763,24,26,26,23,,,,#534B4B,1,chunk-3224-3216-20260828-103417
3224,3220,0,48,60,0,47,-1,,MODEL,10,2,,,,,,5924623,5458763,13076/13073/13076|13073/13075/13076|13073/13074/13075|26/26/26|26/24/26|24/23/26,,1,chunk-3224-3216-20260828-103417
3224,3220,2,48,60,2,-1,-1,,NONE,-1,-1,,,,,,,,,,1,chunk-3224-3216-20260828-103417
3224,3221,0,48,61,0,47,-1,,PAINT,-1,-1,5924623,13073,13076,13076,13076,,,,#5A670F,1,chunk-3224-3216-20260828-103417
3224,3222,0,48,62,0,47,-1,,PAINT,-1,-1,5924623,13076,13076,13074,13076,,,,#5A670F,1,chunk-3224-3216-20260828-103417
3224,3223,0,48,63,0,47,-1,,PAINT,-1,-1,5924623,13076,13074,13076,13075,,,,#5A670F,1,chunk-3224-3216-20260828-103417
3225,3208,0,41,40,0,53,-1,,MODEL,2,3,,,,,,5265943,6575407,12942/12946/12940|7568/7571/7569,,1,chunk-3224-3208-20260828-102221
3225,3208,1,41,40,1,-1,-1,,NONE,-1,-1,,,,,,,,,,1,chunk-3224-3208-20260828-102221
3225,3209,0,41,41,0,53,-1,,PAINT,-1,-1,5134102,12945,12941,12942,12944,,,,#4E5716,1,chunk-3224-3208-20260828-102221
3225,3210,0,41,42,0,53,-1,,PAINT,-1,-1,4871188,12944,12942,12942,12944,,,,#4A5414,1,chunk-3224-3208-20260828-102221
3225,3211,0,41,43,0,53,-1,,PAINT,-1,-1,4871188,12944,12942,12942,12944,,,,#4A5414,1,chunk-3224-3208-20260828-102221
3225,3212,0,41,44,0,53,-1,,PAINT,-1,-1,4871188,12944,12942,12942,12943,,,,#4A5414,1,chunk-3224-3208-20260828-102221
3225,3213,0,41,45,0,53,6,,PAINT,-1,-1,5134102,12944,12943,12944,12946,,,,#4E5716,1,chunk-3224-3208-20260828-102221
3225,3214,0,41,46,0,53,6,,MODEL,11,3,,,,,,5134102,5458763,25/26/26|26/27/26|26/27/27|12944/12945/12946|12945/12946/12946|12946/12946/12946,,1,chunk-3224-3208-20260828-102221
3225,3215,0,41,47,0,53,6,,PAINT,-1,-1,5458763,27,26,27,27,,,,#534B4B,1,chunk-3224-3208-20260828-102221
3225,3216,0,49,56,0,53,6,,PAINT,-1,-1,5458763,27,27,28,27,,,,#534B4B,1,chunk-3224-3216-20260828-103417
3225,3217,0,49,57,0,53,6,,PAINT,-1,-1,5458763,27,28,26,27,,,,#534B4B,1,chunk-3224-3216-20260828-103417
3225,3218,0,49,58,0,53,-1,,PAINT,-1,-1,5458763,27,26,26,26,,,,#534B4B,1,chunk-3224-3216-20260828-103417
3225,3219,0,49,59,0,47,-1,,PAINT,-1,-1,5458763,26,26,26,26,,,,#534B4B,1,chunk-3224-3216-20260828-103417
3225,3220,0,49,60,0,47,-1,,PAINT,-1,-1,5458763,26,26,25,26,,,,#534B4B,1,chunk-3224-3216-20260828-103417
3225,3221,0,49,61,0,47,-1,,PAINT,-1,-1,5458763,26,25,23,25,,,,#534B4B,1,chunk-3224-3216-20260828-103417
3225,3222,0,49,62,0,47,-1,,PAINT,-1,-1,5458763,25,23,24,24,,,,#534B4B,1,chunk-3224-3216-20260828-103417
3225,3223,0,49,63,0,53,-1,,MODEL,11,0,,,,,,5924623,5458763,24/24/24|24/24/24|24/23/24|13074/13075/13076|13075/13075/13076|13075/13074/13076,,1,chunk-3224-3216-20260828-103417
3226,3208,0,42,40,0,53,-1,,MODEL,2,1,,,,,,5265943,6575407,12940/12940/12940|7571/7568/7568,,1,chunk-3224-3208-20260828-102221
3226,3208,1,42,40,1,-1,-1,,NONE,-1,-1,,,,,,,,,,1,chunk-3224-3208-20260828-102221
3226,3209,0,42,41,0,53,-1,,PAINT,-1,-1,6575407,7571,7568,7564,7573,,,,#64552F,1,chunk-3224-3208-20260828-102221
3226,3209,1,42,41,1,-1,-1,,NONE,-1,-1,,,,,,,,,,1,chunk-3224-3208-20260828-102221
3226,3210,0,42,42,0,53,-1,,PAINT,-1,-1,6575407,7573,7564,7563,7573,,,,#64552F,1,chunk-3224-3208-20260828-102221
3226,3210,1,42,42,1,-1,-1,,NONE,-1,-1,,,,,,,,,,1,chunk-3224-3208-20260828-102221
3226,3211,0,42,43,0,53,6,,PAINT,-1,-1,6575407,7573,7563,7561,7572,,,,#64552F,1,chunk-3224-3208-20260828-102221
3226,3211,1,42,43,1,-1,-1,,NONE,-1,-1,,,,,,,,,,1,chunk-3224-3208-20260828-102221
3226,3212,0,42,44,0,53,6,,PAINT,-1,-1,6575407,7572,7561,7563,7573,,,,#64552F,1,chunk-3224-3208-20260828-102221
3226,3212,1,42,44,1,-1,-1,,NONE,-1,-1,,,,,,,,,,1,chunk-3224-3208-20260828-102221
3226,3212,2,42,44,2,-1,-1,,NONE,-1,-1,,,,,,,,,,1,chunk-3224-3208-20260828-102221
3226,3213,0,42,45,0,53,6,,PAINT,-1,-1,6575407,7573,7563,7563,7575,,,,#64552F,1,chunk-3224-3208-20260828-102221
3226,3213,1,42,45,1,-1,-1,,NONE,-1,-1,,,,,,,,,,1,chunk-3224-3208-20260828-102221
3226,3213,2,42,45,2,-1,-1,,NONE,-1,-1,,,,,,,,,,1,chunk-3224-3208-20260828-102221
3226,3214,0,42,46,0,53,6,,PAINT,-1,-1,5458763,25,12,12,26,,,,#534B4B,1,chunk-3224-3208-20260828-102221
3226,3214,1,42,46,1,-1,-1,,NONE,-1,-1,,,,,,,,,,1,chunk-3224-3208-20260828-102221
3226,3214,2,42,46,2,-1,-1,,NONE,-1,-1,,,,,,,,,,1,chunk-3224-3208-20260828-102221
3226,3215,0,42,47,0,53,6,,MODEL,10,3,,,,,,5659159,5458763,11912/11914/11917|11914/11922/11917|11914/11923/11922|12/19/26|19/26/26|26/27/26,,1,chunk-3224-3208-20260828-102221
3226,3215,1,42,47,1,-1,-1,,NONE,-1,-1,,,,,,,,,,1,chunk-3224-3208-20260828-102221
3226,3215,2,42,47,2,-1,-1,,NONE,-1,-1,,,,,,,,,,1,chunk-3224-3208-20260828-102221
3226,3216,0,50,56,0,53,6,,PAINT,-1,-1,5659159,11923,11914,11918,11924,,,,#565A17,1,chunk-3224-3216-20260828-103417
3226,3216,1,50,56,1,-1,-1,,NONE,-1,-1,,,,,,,,,,1,chunk-3224-3216-20260828-103417
3226,3216,2,50,56,2,-1,-1,,NONE,-1,-1,,,,,,,,,,1,chunk-3224-3216-20260828-103417
3226,3217,0,50,57,0,53,6,,MODEL,10,0,,,,,,5856791,5458763,11925/11919/11924|11919/11923/11924|11919/11923/11923|28/27/26|27/26/26|26/26/26,,1,chunk-3224-3216-20260828-103417
3226,3217,1,50,57,1,-1,-1,,NONE,-1,-1,,,,,,,,,,1,chunk-3224-3216-20260828-103417
3226,3217,2,50,57,2,-1,-1,,NONE,-1,-1,,,,,,,,,,1,chunk-3224-3216-20260828-103417
3226,3218,0,50,58,0,53,6,,PAINT,-1,-1,5458763,26,26,26,26,,,,#534B4B,1,chunk-3224-3216-20260828-103417
3226,3218,1,50,58,1,-1,-1,,NONE,-1,-1,,,,,,,,,,1,chunk-3224-3216-20260828-103417
3226,3218,2,50,58,2,-1,-1,,NONE,-1,-1,,,,,,,,,,1,chunk-3224-3216-20260828-103417
3226,3219,0,50,59,0,53,-1,,PAINT,-1,-1,5458763,26,26,26,26,,,,#534B4B,1,chunk-3224-3216-20260828-103417
3226,3219,1,50,59,1,-1,-1,,NONE,-1,-1,,,,,,,,,,1,chunk-3224-3216-20260828-103417
3226,3219,2,50,59,2,-1,-1,,NONE,-1,-1,,,,,,,,,,1,chunk-3224-3216-20260828-103417
3226,3220,0,50,60,0,47,-1,,MODEL,10,3,,,,,,6383375,5458763,12052/12049/12052|12049/12052/12052|12049/12052/12052|26/26/26|26/25/26|25/25/26,,1,chunk-3224-3216-20260828-103417
3226,3220,1,50,60,1,-1,-1,,NONE,-1,-1,,,,,,,,,,1,chunk-3224-3216-20260828-103417
3226,3220,2,50,60,2,-1,-1,,NONE,-1,-1,,,,,,,,,,1,chunk-3224-3216-20260828-103417
3226,3221,0,50,61,0,47,-1,,PAINT,-1,-1,6383375,12052,12049,12044,12050,,,,#61670F,1,chunk-3224-3216-20260828-103417
3226,3221,1,50,61,1,-1,-1,,NONE,-1,-1,,,,,,,,,,1,chunk-3224-3216-20260828-103417
3226,3221,2,50,61,2,-1,-1,,NONE,-1,-1,,,,,,,,,,1,chunk-3224-3216-20260828-103417
3226,3222,0,50,62,0,53,-1,,MODEL,10,0,,,,,,6054169,5458763,11922/11916/11922|11916/11917/11922|11916/11913/11917|23/23/24|23/18/24|18/12/24,,1,chunk-3224-3216-20260828-103417
3226,3222,1,50,62,1,-1,-1,,NONE,-1,-1,,,,,,,,,,1,chunk-3224-3216-20260828-103417
3226,3222,2,50,62,2,-1,-1,,NONE,-1,-1,,,,,,,,,,1,chunk-3224-3216-20260828-103417
3226,3223,0,50,63,0,53,-1,,PAINT,-1,-1,5458763,24,12,12,23,,,,#534B4B,1,chunk-3224-3216-20260828-103417
3226,3223,1,50,63,1,-1,-1,,NONE,-1,-1,,,,,,,,,,1,chunk-3224-3216-20260828-103417
3226,3223,2,50,63,2,-1,-1,,NONE,-1,-1,,,,,,,,,,1,chunk-3224-3216-20260828-103417
3227,3208,0,43,40,0,53,-1,,PAINT,-1,-1,5265943,12940,12945,12942,12940,,,,#505A17,1,chunk-3224-3208-20260828-102221
3227,3209,0,43,41,0,53,-1,,PAINT,-1,-1,5461782,11915,11918,11919,11912,,,,#535716,1,chunk-3224-3208-20260828-102221
3227,3209,1,43,41,1,-1,-1,,NONE,-1,-1,,,,,,,,,,1,chunk-3224-3208-20260828-102221
3227,3210,0,43,42,0,53,6,,PAINT,-1,-1,5461782,11912,11919,11917,11912,,,,#535716,1,chunk-3224-3208-20260828-102221
3227,3211,0,43,43,0,53,6,,PAINT,-1,-1,5461782,11912,11917,11912,11910,,,,#535716,1,chunk-3224-3208-20260828-102221
3227,3211,1,43,43,1,-1,-1,,NONE,-1,-1,,,,,,,,,,1,chunk-3224-3208-20260828-102221
3227,3211,2,43,43,2,-1,-1,,NONE,-1,-1,,,,,,,,,,1,chunk-3224-3208-20260828-102221
3227,3212,0,43,44,0,53,6,,MODEL,2,2,,,,,,5461782,5458763,11912/11910/11912|18/11/12,,1,chunk-3224-3208-20260828-102221
3227,3212,1,43,44,1,-1,-1,3,MODEL,2,2,,,,,,0,5584670,12345678/12345678/12345678|50/39/39,,1,chunk-3224-3208-20260828-102221
3227,3212,2,43,44,2,-1,-1,,MODEL,2,2,,,,,,0,5458763,12345678/12345678/12345678|18/16/16,,1,chunk-3224-3208-20260828-102221
3227,3213,0,43,45,0,53,-1,,PAINT,-1,-1,5458763,11,18,21,12,,,,#534B4B,1,chunk-3224-3208-20260828-102221
3227,3213,1,43,45,1,-1,-1,3,PAINT,-1,-1,5584670,39,50,66,41,,,,#55371E,1,chunk-3224-3208-20260828-102221
3227,3213,2,43,45,2,-1,-1,,PAINT,-1,-1,5458763,16,18,21,12,,,,#534B4B,1,chunk-3224-3208-20260828-102221
3227,3214,0,43,46,0,53,-1,,PAINT,-1,-1,5458763,12,21,22,12,,,,#534B4B,1,chunk-3224-3208-20260828-102221
3227,3214,1,43,46,1,-1,-1,3,PAINT,-1,-1,5584670,41,66,70,41,,,,#55371E,1,chunk-3224-3208-20260828-102221
3227,3214,2,43,46,2,-1,-1,,PAINT,-1,-1,5458763,12,21,19,12,,,,#534B4B,1,chunk-3224-3208-20260828-102221
3227,3215,0,43,47,0,53,6,,PAINT,-1,-1,5458763,12,22,18,14,,,,#534B4B,1,chunk-3224-3208-20260828-102221
3227,3215,1,43,47,1,-1,-1,3,PAINT,-1,-1,5584670,41,70,56,45,,,,#55371E,1,chunk-3224-3208-20260828-102221
3227,3215,2,43,47,2,-1,-1,,PAINT,-1,-1,5458763,12,19,18,12,,,,#534B4B,1,chunk-3224-3208-20260828-102221
3227,3216,0,51,56,0,53,6,,MODEL,2,3,,,,,,5659159,5458763,11915/11918/11914|18/15/14,,1,chunk-3224-3216-20260828-103417
3227,3216,1,51,56,1,-1,-1,3,MODEL,2,3,,,,,,0,5584670,12345678/12345678/12345678|56/49/45,,1,chunk-3224-3216-20260828-103417
3227,3216,2,51,56,2,-1,-1,,PAINT,-1,-1,5458763,12,18,20,12,,,,#534B4B,1,chunk-3224-3216-20260828-103417
3227,3217,0,51,57,0,53,6,,PAINT,-1,-1,5856791,11919,11915,11920,11923,,,,#595E17,1,chunk-3224-3216-20260828-103417
3227,3217,1,51,57,1,-1,-1,,NONE,-1,-1,,,,,,,,,,1,chunk-3224-3216-20260828-103417
3227,3217,2,51,57,2,-1,-1,,PAINT,-1,-1,5458763,12,20,21,12,,,,#534B4B,1,chunk-3224-3216-20260828-103417
3227,3218,0,51,58,0,53,6,,PAINT,-1,-1,5458763,26,22,26,26,,,,#534B4B,1,chunk-3224-3216-20260828-103417
3227,3218,1,51,58,1,-1,-1,,NONE,-1,-1,,,,,,,,,,1,chunk-3224-3216-20260828-103417
3227,3218,2,51,58,2,-1,-1,,PAINT,-1,-1,5458763,12,21,22,12,,,,#534B4B,1,chunk-3224-3216-20260828-103417
3227,3219,0,51,59,0,53,-1,,PAINT,-1,-1,5458763,26,26,24,26,,,,#534B4B,1,chunk-3224-3216-20260828-103417
3227,3219,1,51,59,1,-1,-1,,NONE,-1,-1,,,,,,,,,,1,chunk-3224-3216-20260828-103417
3227,3219,2,51,59,2,-1,-1,,PAINT,-1,-1,5458763,12,22,22,12,,,,#534B4B,1,chunk-3224-3216-20260828-103417
3227,3220,0,51,60,0,53,-1,,PAINT,-1,-1,6054169,11924,11922,11916,11921,,,,#5C6119,1,chunk-3224-3216-20260828-103417
3227,3220,1,51,60,1,-1,-1,,NONE,-1,-1,,,,,,,,,,1,chunk-3224-3216-20260828-103417
3227,3220,2,51,60,2,-1,-1,,PAINT,-1,-1,5458763,12,22,21,12,,,,#534B4B,1,chunk-3224-3216-20260828-103417
3227,3221,0,51,61,0,47,-1,,MODEL,2,2,,,,,,6054169,5458763,11916/11921/11916|16/16/16,,1,chunk-3224-3216-20260828-103417
3227,3221,1,51,61,1,-1,-1,3,MODEL,2,2,,,,,,0,5584670,12345678/12345678/12345678|54/52/52,,1,chunk-3224-3216-20260828-103417
3227,3221,2,51,61,2,-1,-1,,PAINT,-1,-1,5458763,12,21,19,12,,,,#534B4B,1,chunk-3224-3216-20260828-103417
3227,3222,0,51,62,0,53,-1,,PAINT,-1,-1,5458763,16,16,21,12,,,,#534B4B,1,chunk-3224-3216-20260828-103417
3227,3222,1,51,62,1,-1,-1,3,PAINT,-1,-1,5584670,52,54,70,41,,,,#55371E,1,chunk-3224-3216-20260828-103417
3227,3222,2,51,62,2,-1,-1,,PAINT,-1,-1,5458763,12,19,18,12,,,,#534B4B,1,chunk-3224-3216-20260828-103417
3227,3223,0,51,63,0,53,-1,,PAINT,-1,-1,5458763,12,21,21,12,,,,#534B4B,1,chunk-3224-3216-20260828-103417
3227,3223,1,51,63,1,-1,-1,3,PAINT,-1,-1,5584670,41,70,70,41,,,,#55371E,1,chunk-3224-3216-20260828-103417
3227,3223,2,51,63,2,-1,-1,,PAINT,-1,-1,5458763,12,18,18,12,,,,#534B4B,1,chunk-3224-3216-20260828-103417
3228,3208,0,44,40,0,53,-1,,PAINT,-1,-1,5265943,12945,12936,12936,12942,,,,#505A17,1,chunk-3224-3208-20260828-102221
3228,3208,1,44,40,1,-1,-1,,NONE,-1,-1,,,,,,,,,,1,chunk-3224-3208-20260828-102221
3228,3209,0,44,41,0,53,-1,,PAINT,-1,-1,5461782,11918,11912,11918,11919,,,,#535716,1,chunk-3224-3208-20260828-102221
3228,3209,1,44,41,1,-1,-1,,NONE,-1,-1,,,,,,,,,,1,chunk-3224-3208-20260828-102221
3228,3210,0,44,42,0,53,6,,PAINT,-1,-1,5461782,11919,11918,11920,11917,,,,#535716,1,chunk-3224-3208-20260828-102221
3228,3211,0,44,43,0,53,6,,PAINT,-1,-1,5461782,11917,11920,11912,11912,,,,#535716,1,chunk-3224-3208-20260828-102221
3228,3211,1,44,43,1,-1,-1,,NONE,-1,-1,,,,,,,,,,1,chunk-3224-3208-20260828-102221
3228,3211,2,44,43,2,-1,-1,,NONE,-1,-1,,,,,,,,,,1,chunk-3224-3208-20260828-102221
3228,3212,0,44,44,0,53,6,,PAINT,-1,-1,5458763,12,12,17,18,,,,#534B4B,1,chunk-3224-3208-20260828-102221
3228,3212,1,44,44,1,-1,-1,3,PAINT,-1,-1,5584670,39,39,53,50,,,,#55371E,1,chunk-3224-3208-20260828-102221
3228,3212,2,44,44,2,-1,-1,,PAINT,-1,-1,5458763,16,12,17,18,,,,#534B4B,1,chunk-3224-3208-20260828-102221
3228,3213,0,44,45,0,53,6,,PAINT,-1,-1,5458763,18,17,20,21,,,,#534B4B,1,chunk-3224-3208-20260828-102221
3228,3213,1,44,45,1,-1,-1,3,PAINT,-1,-1,5584670,50,53,66,66,,,,#55371E,1,chunk-3224-3208-20260828-102221
3228,3213,2,44,45,2,-1,-1,,PAINT,-1,-1,5458763,18,17,20,21,,,,#534B4B,1,chunk-3224-3208-20260828-102221
3228,3214,0,44,46,0,53,6,,PAINT,-1,-1,5458763,21,20,23,22,,,,#534B4B,1,chunk-3224-3208-20260828-102221
3228,3214,1,44,46,1,-1,-1,3,PAINT,-1,-1,5584670,66,66,77,70,,,,#55371E,1,chunk-3224-3208-20260828-102221
3228,3214,2,44,46,2,-1,-1,,PAINT,-1,-1,5458763,21,20,22,19,,,,#534B4B,1,chunk-3224-3208-20260828-102221
3228,3215,0,44,47,0,53,6,,PAINT,-1,-1,5458763,22,23,20,18,,,,#534B4B,1,chunk-3224-3208-20260828-102221
3228,3215,1,44,47,1,-1,-1,3,PAINT,-1,-1,5584670,70,77,65,56,,,,#55371E,1,chunk-3224-3208-20260828-102221
3228,3215,2,44,47,2,-1,-1,,PAINT,-1,-1,5458763,19,22,24,18,,,,#534B4B,1,chunk-3224-3208-20260828-102221
3228,3216,0,52,56,0,53,6,,PAINT,-1,-1,5458763,18,20,11,15,,,,#534B4B,1,chunk-3224-3216-20260828-103417
3228,3216,1,52,56,1,-1,-1,3,PAINT,-1,-1,5584670,56,65,37,49,,,,#55371E,1,chunk-3224-3216-20260828-103417
3228,3216,2,52,56,2,-1,-1,,PAINT,-1,-1,5458763,18,24,20,20,,,,#534B4B,1,chunk-3224-3216-20260828-103417
3228,3217,0,52,57,0,53,6,,PAINT,-1,-1,5659159,11915,11912,11918,11920,,,,#565A17,1,chunk-3224-3216-20260828-103417
3228,3217,1,52,57,1,-1,-1,,NONE,-1,-1,,,,,,,,,,1,chunk-3224-3216-20260828-103417
3228,3217,2,52,57,2,-1,-1,,PAINT,-1,-1,5458763,20,20,19,21,,,,#534B4B,1,chunk-3224-3216-20260828-103417
3228,3218,0,52,58,0,53,6,,PAINT,-1,-1,5458763,22,20,26,26,,,,#534B4B,1,chunk-3224-3216-20260828-103417
3228,3218,1,52,58,1,-1,-1,,NONE,-1,-1,,,,,,,,,,1,chunk-3224-3216-20260828-103417
3228,3218,2,52,58,2,-1,-1,,PAINT,-1,-1,5458763,21,19,23,22,,,,#534B4B,1,chunk-3224-3216-20260828-103417
3228,3219,0,52,59,0,53,-1,,PAINT,-1,-1,5458763,26,26,22,24,,,,#534B4B,1,chunk-3224-3216-20260828-103417
3228,3219,1,52,59,1,-1,-1,,NONE,-1,-1,,,,,,,,,,1,chunk-3224-3216-20260828-103417
3228,3219,2,52,59,2,-1,-1,,PAINT,-1,-1,5458763,22,23,24,22,,,,#534B4B,1,chunk-3224-3216-20260828-103417
3228,3220,0,52,60,0,53,-1,,PAINT,-1,-1,6054169,11922,11921,11913,11916,,,,#5C6119,1,chunk-3224-3216-20260828-103417
3228,3220,1,52,60,1,-1,-1,,NONE,-1,-1,,,,,,,,,,1,chunk-3224-3216-20260828-103417
3228,3220,2,52,60,2,-1,-1,,PAINT,-1,-1,5458763,22,24,20,21,,,,#534B4B,1,chunk-3224-3216-20260828-103417
3228,3221,0,52,61,0,53,-1,,PAINT,-1,-1,5458763,16,12,18,16,,,,#534B4B,1,chunk-3224-3216-20260828-103417
3228,3221,1,52,61,1,-1,-1,3,PAINT,-1,-1,5584670,52,39,60,54,,,,#55371E,1,chunk-3224-3216-20260828-103417
3228,3221,2,52,61,2,-1,-1,,PAINT,-1,-1,5458763,21,20,18,19,,,,#534B4B,1,chunk-3224-3216-20260828-103417
3228,3222,0,52,62,0,53,-1,,PAINT,-1,-1,5458763,16,18,24,21,,,,#534B4B,1,chunk-3224-3216-20260828-103417
3228,3222,1,52,62,1,-1,-1,3,PAINT,-1,-1,5584670,54,60,78,70,,,,#55371E,1,chunk-3224-3216-20260828-103417
3228,3222,2,52,62,2,-1,-1,,PAINT,-1,-1,5458763,19,18,21,18,,,,#534B4B,1,chunk-3224-3216-20260828-103417
3228,3223,0,52,63,0,53,6,,PAINT,-1,-1,5458763,21,24,21,21,,,,#534B4B,1,chunk-3224-3216-20260828-103417
3228,3223,1,52,63,1,-1,-1,3,PAINT,-1,-1,5584670,70,78,69,70,,,,#55371E,1,chunk-3224-3216-20260828-103417
3228,3223,2,52,63,2,-1,-1,,PAINT,-1,-1,5458763,18,21,20,18,,,,#534B4B,1,chunk-3224-3216-20260828-103417
3229,3208,0,45,40,0,53,-1,3,PAINT,-1,-1,5584670,38,44,34,41,,,,#55371E,1,chunk-3224-3208-20260828-102221
3229,3208,1,45,40,1,-1,-1,,NONE,-1,-1,,,,,,,,,,1,chunk-3224-3208-20260828-102221
3229,3209,0,45,41,0,53,-1,,PAINT,-1,-1,5461782,11912,11911,11918,11918,,,,#535716,1,chunk-3224-3208-20260828-102221
3229,3209,1,45,41,1,-1,-1,,NONE,-1,-1,,,,,,,,,,1,chunk-3224-3208-20260828-102221
3229,3210,0,45,42,0,53,6,,PAINT,-1,-1,5461782,11918,11918,11920,11920,,,,#535716,1,chunk-3224-3208-20260828-102221
3229,3211,0,45,43,0,53,6,,PAINT,-1,-1,5461782,11920,11920,11913,11912,,,,#535716,1,chunk-3224-3208-20260828-102221
3229,3211,1,45,43,1,-1,-1,,NONE,-1,-1,,,,,,,,,,1,chunk-3224-3208-20260828-102221
3229,3211,2,45,43,2,-1,-1,,NONE,-1,-1,,,,,,,,,,1,chunk-3224-3208-20260828-102221
3229,3212,0,45,44,0,53,6,,PAINT,-1,-1,5458763,12,14,15,17,,,,#534B4B,1,chunk-3224-3208-20260828-102221
3229,3212,1,45,44,1,-1,-1,3,PAINT,-1,-1,5584670,39,45,48,53,,,,#55371E,1,chunk-3224-3208-20260828-102221
3229,3212,2,45,44,2,-1,-1,,PAINT,-1,-1,5458763,12,14,15,17,,,,#534B4B,1,chunk-3224-3208-20260828-102221
3229,3213,0,45,45,0,53,6,,PAINT,-1,-1,5458763,17,15,17,20,,,,#534B4B,1,chunk-3224-3208-20260828-102221
3229,3213,1,45,45,1,-1,-1,,NONE,-1,-1,,,,,,,,,,1,chunk-3224-3208-20260828-102221
3229,3213,2,45,45,2,-1,-1,,NONE,-1,-1,,,,,,,,,,1,chunk-3224-3208-20260828-102221
3229,3214,0,45,46,0,53,6,,PAINT,-1,-1,5458763,20,17,20,23,,,,#534B4B,1,chunk-3224-3208-20260828-102221
3229,3214,1,45,46,1,-1,-1,3,PAINT,-1,-1,5584670,66,57,72,77,,,,#55371E,1,chunk-3224-3208-20260828-102221
3229,3214,2,45,46,2,-1,-1,,PAINT,-1,-1,5458763,20,17,20,22,,,,#534B4B,1,chunk-3224-3208-20260828-102221
3229,3215,0,45,47,0,53,6,,PAINT,-1,-1,5458763,23,20,17,20,,,,#534B4B,1,chunk-3224-3208-20260828-102221
3229,3215,1,45,47,1,-1,-1,3,PAINT,-1,-1,5584670,77,72,63,65,,,,#55371E,1,chunk-3224-3208-20260828-102221
3229,3215,2,45,47,2,-1,-1,,PAINT,-1,-1,5458763,22,20,22,24,,,,#534B4B,1,chunk-3224-3208-20260828-102221
3229,3216,0,53,56,0,53,6,,PAINT,-1,-1,5458763,20,17,11,11,,,,#534B4B,1,chunk-3224-3216-20260828-103417
3229,3216,1,53,56,1,-1,-1,3,PAINT,-1,-1,5584670,65,63,39,37,,,,#55371E,1,chunk-3224-3216-20260828-103417
3229,3216,2,53,56,2,-1,-1,,PAINT,-1,-1,5458763,24,22,17,20,,,,#534B4B,1,chunk-3224-3216-20260828-103417
3229,3217,0,53,57,0,53,6,,PAINT,-1,-1,5921047,10888,10888,10890,10894,,,,#5A5917,1,chunk-3224-3216-20260828-103417
3229,3217,1,53,57,1,-1,-1,,NONE,-1,-1,,,,,,,,,,1,chunk-3224-3216-20260828-103417
3229,3217,2,53,57,2,-1,-1,,PAINT,-1,-1,5458763,20,17,15,19,,,,#534B4B,1,chunk-3224-3216-20260828-103417
3229,3218,0,53,58,0,53,6,,PAINT,-1,-1,5458763,20,14,20,26,,,,#534B4B,1,chunk-3224-3216-20260828-103417
3229,3218,1,53,58,1,-1,-1,,NONE,-1,-1,,,,,,,,,,1,chunk-3224-3216-20260828-103417
3229,3218,2,53,58,2,-1,-1,,PAINT,-1,-1,5458763,19,15,19,23,,,,#534B4B,1,chunk-3224-3216-20260828-103417
3229,3219,0,53,59,0,53,-1,,PAINT,-1,-1,5458763,26,20,16,22,,,,#534B4B,1,chunk-3224-3216-20260828-103417
3229,3219,1,53,59,1,-1,-1,,NONE,-1,-1,,,,,,,,,,1,chunk-3224-3216-20260828-103417
3229,3219,2,53,59,2,-1,-1,,PAINT,-1,-1,5458763,23,19,19,24,,,,#534B4B,1,chunk-3224-3216-20260828-103417
3229,3220,0,53,60,0,53,-1,,PAINT,-1,-1,6381593,10897,10892,10887,10889,,,,#616019,1,chunk-3224-3216-20260828-103417
3229,3220,1,53,60,1,-1,-1,,NONE,-1,-1,,,,,,,,,,1,chunk-3224-3216-20260828-103417
3229,3220,2,53,60,2,-1,-1,,PAINT,-1,-1,5458763,24,19,16,20,,,,#534B4B,1,chunk-3224-3216-20260828-103417
3229,3221,0,53,61,0,53,-1,,PAINT,-1,-1,5458763,12,10,16,18,,,,#534B4B,1,chunk-3224-3216-20260828-103417
3229,3221,1,53,61,1,-1,-1,3,PAINT,-1,-1,5584670,39,33,54,60,,,,#55371E,1,chunk-3224-3216-20260828-103417
3229,3221,2,53,61,2,-1,-1,,PAINT,-1,-1,5458763,20,16,15,18,,,,#534B4B,1,chunk-3224-3216-20260828-103417
3229,3222,0,53,62,0,53,6,,PAINT,-1,-1,5458763,18,16,22,24,,,,#534B4B,1,chunk-3224-3216-20260828-103417
3229,3222,1,53,62,1,-1,-1,3,PAINT,-1,-1,5584670,60,54,72,78,,,,#55371E,1,chunk-3224-3216-20260828-103417
3229,3222,2,53,62,2,-1,-1,,PAINT,-1,-1,5458763,18,15,19,21,,,,#534B4B,1,chunk-3224-3216-20260828-103417
3229,3223,0,53,63,0,53,6,,PAINT,-1,-1,5458763,24,22,18,21,,,,#534B4B,1,chunk-3224-3216-20260828-103417
3229,3223,1,53,63,1,-1,-1,3,PAINT,-1,-1,5584670,78,72,60,69,,,,#55371E,1,chunk-3224-3216-20260828-103417
3229,3223,2,53,63,2,-1,-1,,PAINT,-1,-1,5458763,21,19,17,20,,,,#534B4B,1,chunk-3224-3216-20260828-103417
3230,3208,0,46,40,0,53,-1,3,PAINT,-1,-1,5584670,44,64,41,34,,,,#55371E,1,chunk-3224-3208-20260828-102221
3230,3208,1,46,40,1,-1,-1,,NONE,-1,-1,,,,,,,,,,1,chunk-3224-3208-20260828-102221
3230,3209,0,46,41,0,53,-1,,PAINT,-1,-1,5461782,11911,11912,11918,11918,,,,#535716,1,chunk-3224-3208-20260828-102221
3230,3209,1,46,41,1,-1,-1,,NONE,-1,-1,,,,,,,,,,1,chunk-3224-3208-20260828-102221
3230,3210,0,46,42,0,53,6,,PAINT,-1,-1,5264404,11918,11918,11921,11919,,,,#505414,1,chunk-3224-3208-20260828-102221
3230,3211,0,46,43,0,53,6,,PAINT,-1,-1,5264404,11919,11921,11917,11913,,,,#505414,1,chunk-3224-3208-20260828-102221
3230,3211,1,46,43,1,-1,-1,,NONE,-1,-1,,,,,,,,,,1,chunk-3224-3208-20260828-102221
3230,3211,2,46,43,2,-1,-1,,NONE,-1,-1,,,,,,,,,,1,chunk-3224-3208-20260828-102221
3230,3212,0,46,44,0,53,6,,MODEL,2,1,,,,,,5264404,5458763,11913/11917/11913|15/14/14,,1,chunk-3224-3208-20260828-102221
3230,3212,1,46,44,1,-1,-1,3,MODEL,2,1,,,,,,0,5584670,12345678/12345678/12345678|48/45/48,,1,chunk-3224-3208-20260828-102221
3230,3212,2,46,44,2,-1,-1,,MODEL,2,1,,,,,,0,5458763,12345678/12345678/12345678|15/14/15,,1,chunk-3224-3208-20260828-102221
3230,3213,0,46,45,0,53,6,,PAINT,-1,-1,5458763,15,14,10,17,,,,#534B4B,1,chunk-3224-3208-20260828-102221
3230,3213,1,46,45,1,-1,-1,3,PAINT,-1,-1,5584670,48,48,36,57,,,,#55371E,1,chunk-3224-3208-20260828-102221
3230,3213,2,46,45,2,-1,-1,,PAINT,-1,-1,5458763,15,15,10,17,,,,#534B4B,1,chunk-3224-3208-20260828-102221
3230,3214,0,46,46,0,53,6,,PAINT,-1,-1,5458763,17,10,11,20,,,,#534B4B,1,chunk-3224-3208-20260828-102221
3230,3214,1,46,46,1,-1,-1,3,PAINT,-1,-1,5584670,57,36,41,72,,,,#55371E,1,chunk-3224-3208-20260828-102221
3230,3214,2,46,46,2,-1,-1,,PAINT,-1,-1,5458763,17,10,11,20,,,,#534B4B,1,chunk-3224-3208-20260828-102221
3230,3215,0,46,47,0,53,6,,PAINT,-1,-1,5458763,20,11,13,17,,,,#534B4B,1,chunk-3224-3208-20260828-102221
3230,3215,1,46,47,1,-1,-1,3,PAINT,-1,-1,5584670,72,41,45,63,,,,#55371E,1,chunk-3224-3208-20260828-102221
3230,3215,2,46,47,2,-1,-1,,PAINT,-1,-1,5458763,20,11,12,22,,,,#534B4B,1,chunk-3224-3208-20260828-102221
3230,3216,0,54,56,0,53,6,,MODEL,2,0,,,,,,5659159,5458763,11913/11915/11911|17/13/11,,1,chunk-3224-3216-20260828-103417
3230,3216,1,54,56,1,-1,-1,3,MODEL,2,0,,,,,,0,5584670,12345678/12345678/12345678|63/45/39,,1,chunk-3224-3216-20260828-103417
3230,3216,2,54,56,2,-1,-1,,PAINT,-1,-1,5458763,22,12,10,17,,,,#534B4B,1,chunk-3224-3216-20260828-103417
3230,3217,0,54,57,0,53,6,,PAINT,-1,-1,5659159,11912,11915,11917,11914,,,,#565A17,1,chunk-3224-3216-20260828-103417
3230,3217,1,54,57,1,-1,-1,,NONE,-1,-1,,,,,,,,,,1,chunk-3224-3216-20260828-103417
3230,3217,2,54,57,2,-1,-1,,PAINT,-1,-1,5458763,17,10,10,15,,,,#534B4B,1,chunk-3224-3216-20260828-103417
3230,3218,0,54,58,0,53,6,,PAINT,-1,-1,5458763,14,19,25,20,,,,#534B4B,1,chunk-3224-3216-20260828-103417
3230,3218,1,54,58,1,-1,-1,,NONE,-1,-1,,,,,,,,,,1,chunk-3224-3216-20260828-103417
3230,3218,2,54,58,2,-1,-1,,PAINT,-1,-1,5458763,15,10,11,19,,,,#534B4B,1,chunk-3224-3216-20260828-103417
3230,3219,0,54,59,0,53,-1,,PAINT,-1,-1,5458763,20,25,22,16,,,,#534B4B,1,chunk-3224-3216-20260828-103417
3230,3219,1,54,59,1,-1,-1,,NONE,-1,-1,,,,,,,,,,1,chunk-3224-3216-20260828-103417
3230,3219,2,54,59,2,-1,-1,,PAINT,-1,-1,5458763,19,11,11,19,,,,#534B4B,1,chunk-3224-3216-20260828-103417
3230,3220,0,54,60,0,53,-1,,PAINT,-1,-1,6054169,11916,11921,11919,11911,,,,#5C6119,1,chunk-3224-3216-20260828-103417
3230,3220,1,54,60,1,-1,-1,,NONE,-1,-1,,,,,,,,,,1,chunk-3224-3216-20260828-103417
3230,3220,2,54,60,2,-1,-1,,PAINT,-1,-1,5458763,19,11,10,16,,,,#534B4B,1,chunk-3224-3216-20260828-103417
3230,3221,0,54,61,0,53,-1,,MODEL,2,1,,,,,,6381593,5458763,10887/10895/10891|16/10/15,,1,chunk-3224-3216-20260828-103417
3230,3221,1,54,61,1,-1,-1,3,MODEL,2,1,,,,,,0,5584670,12345678/12345678/12345678|54/33/49,,1,chunk-3224-3216-20260828-103417
3230,3221,2,54,61,2,-1,-1,,PAINT,-1,-1,5458763,16,10,10,15,,,,#534B4B,1,chunk-3224-3216-20260828-103417
3230,3222,0,54,62,0,53,6,,PAINT,-1,-1,5458763,16,15,12,22,,,,#534B4B,1,chunk-3224-3216-20260828-103417
3230,3222,1,54,62,1,-1,-1,3,PAINT,-1,-1,5584670,54,49,41,72,,,,#55371E,1,chunk-3224-3216-20260828-103417
3230,3222,2,54,62,2,-1,-1,,PAINT,-1,-1,5458763,15,10,11,19,,,,#534B4B,1,chunk-3224-3216-20260828-103417
3230,3223,0,54,63,0,53,6,,PAINT,-1,-1,5458763,22,12,11,18,,,,#534B4B,1,chunk-3224-3216-20260828-103417
3230,3223,1,54,63,1,-1,-1,3,PAINT,-1,-1,5584670,72,41,36,60,,,,#55371E,1,chunk-3224-3216-20260828-103417
3230,3223,2,54,63,2,-1,-1,,PAINT,-1,-1,5458763,19,11,10,17,,,,#534B4B,1,chunk-3224-3216-20260828-103417
3231,3208,0,47,40,0,53,-1,3,PAINT,-1,-1,5584670,64,69,41,41,,,,#55371E,1,chunk-3224-3208-20260828-102221
3231,3208,1,47,40,1,-1,-1,,NONE,-1,-1,,,,,,,,,,1,chunk-3224-3208-20260828-102221
3231,3209,0,47,41,0,53,-1,,PAINT,-1,-1,5264404,11912,11912,11918,11918,,,,#505414,1,chunk-3224-3208-20260828-102221
3231,3209,1,47,41,1,-1,-1,,NONE,-1,-1,,,,,,,,,,1,chunk-3224-3208-20260828-102221
3231,3210,0,47,42,0,53,-1,,PAINT,-1,-1,5264404,11918,11918,11923,11921,,,,#505414,1,chunk-3224-3208-20260828-102221
3231,3211,0,47,43,0,53,6,,PAINT,-1,-1,5264404,11921,11923,11923,11917,,,,#505414,1,chunk-3224-3208-20260828-102221
3231,3212,0,47,44,0,53,6,,PAINT,-1,-1,5264404,11917,11923,11919,11913,,,,#505414,1,chunk-3224-3208-20260828-102221
3231,3212,1,47,44,1,-1,-1,,NONE,-1,-1,,,,,,,,,,1,chunk-3224-3208-20260828-102221
3231,3212,2,47,44,2,-1,-1,,NONE,-1,-1,,,,,,,,,,1,chunk-3224-3208-20260828-102221
3231,3213,0,47,45,0,53,6,,PAINT,-1,-1,5461782,11913,11920,11916,11911,,,,#535716,1,chunk-3224-3208-20260828-102221
3231,3213,1,47,45,1,-1,-1,,NONE,-1,-1,,,,,,,,,,1,chunk-3224-3208-20260828-102221
3231,3213,2,47,45,2,-1,-1,,NONE,-1,-1,,,,,,,,,,1,chunk-3224-3208-20260828-102221
3231,3214,0,47,46,0,53,6,,PAINT,-1,-1,5134102,12935,12940,12942,12936,,,,#4E5716,1,chunk-3224-3208-20260828-102221
3231,3214,1,47,46,1,-1,-1,,NONE,-1,-1,,,,,,,,,,1,chunk-3224-3208-20260828-102221
3231,3214,2,47,46,2,-1,-1,,NONE,-1,-1,,,,,,,,,,1,chunk-3224-3208-20260828-102221
3231,3215,0,47,47,0,53,6,,PAINT,-1,-1,5265943,12936,12942,12943,12937,,,,#505A17,1,chunk-3224-3208-20260828-102221
3231,3215,1,47,47,1,-1,-1,,NONE,-1,-1,,,,,,,,,,1,chunk-3224-3208-20260828-102221
3231,3215,2,47,47,2,-1,-1,,NONE,-1,-1,,,,,,,,,,1,chunk-3224-3208-20260828-102221
3231,3216,0,55,56,0,53,6,,PAINT,-1,-1,5265943,12937,12943,12943,12939,,,,#505A17,1,chunk-3224-3216-20260828-103417
3231,3216,1,55,56,1,-1,-1,,NONE,-1,-1,,,,,,,,,,1,chunk-3224-3216-20260828-103417
3231,3216,2,55,56,2,-1,-1,,NONE,-1,-1,,,,,,,,,,1,chunk-3224-3216-20260828-103417
3231,3217,0,55,57,0,53,6,,PAINT,-1,-1,5659159,11915,11920,11920,11917,,,,#565A17,1,chunk-3224-3216-20260828-103417
3231,3217,1,55,57,1,-1,-1,,NONE,-1,-1,,,,,,,,,,1,chunk-3224-3216-20260828-103417
3231,3217,2,55,57,2,-1,-1,,NONE,-1,-1,,,,,,,,,,1,chunk-3224-3216-20260828-103417
3231,3218,0,55,58,0,53,-1,,PAINT,-1,-1,5458763,19,22,25,25,,,,#534B4B,1,chunk-3224-3216-20260828-103417
3231,3218,1,55,58,1,-1,-1,,NONE,-1,-1,,,,,,,,,,1,chunk-3224-3216-20260828-103417
3231,3218,2,55,58,2,-1,-1,,NONE,-1,-1,,,,,,,,,,1,chunk-3224-3216-20260828-103417
3231,3219,0,55,59,0,53,-1,,PAINT,-1,-1,5458763,25,25,26,22,,,,#534B4B,1,chunk-3224-3216-20260828-103417
3231,3219,1,55,59,1,-1,-1,,NONE,-1,-1,,,,,,,,,,1,chunk-3224-3216-20260828-103417
3231,3219,2,55,59,2,-1,-1,,NONE,-1,-1,,,,,,,,,,1,chunk-3224-3216-20260828-103417
3231,3220,0,55,60,0,53,-1,,PAINT,-1,-1,5856791,11920,11923,11923,11919,,,,#595E17,1,chunk-3224-3216-20260828-103417
3231,3220,1,55,60,1,-1,-1,,NONE,-1,-1,,,,,,,,,,1,chunk-3224-3216-20260828-103417
3231,3220,2,55,60,2,-1,-1,,NONE,-1,-1,,,,,,,,,,1,chunk-3224-3216-20260828-103417
3231,3221,0,55,61,0,53,-1,,PAINT,-1,-1,6054169,11919,11924,11921,11915,,,,#5C6119,1,chunk-3224-3216-20260828-103417
3231,3221,1,55,61,1,-1,-1,,NONE,-1,-1,,,,,,,,,,1,chunk-3224-3216-20260828-103417
3231,3221,2,55,61,2,-1,-1,,NONE,-1,-1,,,,,,,,,,1,chunk-3224-3216-20260828-103417
3231,3222,0,55,62,0,53,6,,PAINT,-1,-1,5856791,11915,11920,11920,11913,,,,#595E17,1,chunk-3224-3216-20260828-103417
3231,3222,1,55,62,1,-1,-1,,NONE,-1,-1,,,,,,,,,,1,chunk-3224-3216-20260828-103417
3231,3222,2,55,62,2,-1,-1,,NONE,-1,-1,,,,,,,,,,1,chunk-3224-3216-20260828-103417
3231,3223,0,55,63,0,53,6,,PAINT,-1,-1,5856791,11913,11920,11920,11912,,,,#595E17,1,chunk-3224-3216-20260828-103417
3231,3223,1,55,63,1,-1,-1,,NONE,-1,-1,,,,,,,,,,1,chunk-3224-3216-20260828-103417
3231,3223,2,55,63,2,-1,-1,,NONE,-1,-1,,,,,,,,,,1,chunk-3224-3216-20260828-103417
3232,3200,0,48,32,0,47,-1,,PAINT,-1,-1,5922830,12046,12045,12040,12040,,,,#5A600E,1,chunk-3232-3200-20260828-102136
3232,3200,1,48,32,1,-1,-1,,NONE,-1,-1,,,,,,,,,,1,chunk-3232-3200-20260828-102136
3232,3200,2,48,32,2,-1,-1,,NONE,-1,-1,,,,,,,,,,1,chunk-3232-3200-20260828-102136
3232,3201,0,48,33,0,47,-1,3,PAINT,-1,-1,5584670,38,36,48,48,,,,#55371E,1,chunk-3232-3200-20260828-102136
3232,3201,1,48,33,1,-1,-1,,NONE,-1,-1,,,,,,,,,,1,chunk-3232-3200-20260828-102136
3232,3201,2,48,33,2,-1,-1,,NONE,-1,-1,,,,,,,,,,1,chunk-3232-3200-20260828-102136
3232,3202,0,48,34,0,47,-1,3,PAINT,-1,-1,5584670,48,48,67,77,,,,#55371E,1,chunk-3232-3200-20260828-102136
3232,3202,1,48,34,1,-1,-1,,NONE,-1,-1,,,,,,,,,,1,chunk-3232-3200-20260828-102136
3232,3202,2,48,34,2,-1,-1,,NONE,-1,-1,,,,,,,,,,1,chunk-3232-3200-20260828-102136
3232,3203,0,48,35,0,53,-1,3,PAINT,-1,-1,5584670,77,67,52,76,,,,#55371E,1,chunk-3232-3200-20260828-102136
3232,3203,1,48,35,1,-1,-1,,NONE,-1,-1,,,,,,,,,,1,chunk-3232-3200-20260828-102136
3232,3203,2,48,35,2,-1,-1,,NONE,-1,-1,,,,,,,,,,1,chunk-3232-3200-20260828-102136
3232,3204,0,48,36,0,53,-1,3,PAINT,-1,-1,5584670,76,52,48,61,,,,#55371E,1,chunk-3232-3200-20260828-102136
3232,3204,1,48,36,1,-1,-1,,NONE,-1,-1,,,,,,,,,,1,chunk-3232-3200-20260828-102136
3232,3204,2,48,36,2,-1,-1,,NONE,-1,-1,,,,,,,,,,1,chunk-3232-3200-20260828-102136
3232,3205,0,48,37,0,53,-1,3,PAINT,-1,-1,5584670,61,48,35,33,,,,#55371E,1,chunk-3232-3200-20260828-102136
3232,3205,1,48,37,1,-1,-1,,NONE,-1,-1,,,,,,,,,,1,chunk-3232-3200-20260828-102136
3232,3205,2,48,37,2,-1,-1,,NONE,-1,-1,,,,,,,,,,1,chunk-3232-3200-20260828-102136
3232,3206,0,48,38,0,53,-1,3,PAINT,-1,-1,5584670,33,35,42,47,,,,#55371E,1,chunk-3232-3200-20260828-102136
3232,3206,1,48,38,1,-1,-1,,NONE,-1,-1,,,,,,,,,,1,chunk-3232-3200-20260828-102136
3232,3206,2,48,38,2,-1,-1,,NONE,-1,-1,,,,,,,,,,1,chunk-3232-3200-20260828-102136
3232,3207,0,48,39,0,53,-1,3,PAINT,-1,-1,5584670,47,42,56,69,,,,#55371E,1,chunk-3232-3200-20260828-102136
3232,3207,1,48,39,1,-1,-1,,NONE,-1,-1,,,,,,,,,,1,chunk-3232-3200-20260828-102136
3232,3208,0,48,48,0,53,-1,3,PAINT,-1,-1,5584670,69,56,37,41,,,,#55371E,1,chunk-3232-3208-20260828-095402
3232,3208,1,48,48,1,-1,-1,,NONE,-1,-1,,,,,,,,,,1,chunk-3232-3208-20260828-095402
3232,3209,0,48,49,0,53,-1,,PAINT,-1,-1,5461782,11912,11911,11921,11919,,,,#535716,1,chunk-3232-3208-20260828-095402
3232,3209,1,48,49,1,-1,-1,,NONE,-1,-1,,,,,,,,,,1,chunk-3232-3208-20260828-095402
3232,3210,0,48,50,0,53,-1,,PAINT,-1,-1,5461782,11919,11921,11923,11924,,,,#535716,1,chunk-3232-3208-20260828-095402
3232,3211,0,48,51,0,53,6,,PAINT,-1,-1,5461782,11924,11923,11921,11924,,,,#535716,1,chunk-3232-3208-20260828-095402
3232,3212,0,48,52,0,53,6,,PAINT,-1,-1,5659159,11924,11922,11917,11920,,,,#565A17,1,chunk-3232-3208-20260828-095402
3232,3213,0,48,53,0,53,6,,PAINT,-1,-1,5659159,11920,11917,11914,11916,,,,#565A17,1,chunk-3232-3208-20260828-095402
3232,3214,0,48,54,0,53,6,,PAINT,-1,-1,5265943,12940,12938,12945,12942,,,,#505A17,1,chunk-3232-3208-20260828-095402
3232,3215,0,48,55,0,53,6,,PAINT,-1,-1,5265943,12943,12946,12947,12944,,,,#505A17,1,chunk-3232-3208-20260828-095402
3232,3216,0,48,48,0,53,6,,PAINT,-1,-1,5265943,12944,12947,12946,12944,,,,#505A17,1,chunk-3232-3216-20260828-102126
3232,3217,0,48,49,0,53,-1,,PAINT,-1,-1,5265943,12944,12946,12946,12944,,,,#505A17,1,chunk-3232-3216-20260828-102126
3232,3218,0,48,50,0,53,-1,,PAINT,-1,-1,5458763,22,25,26,25,,,,#534B4B,1,chunk-3232-3216-20260828-102126
3232,3219,0,48,51,0,53,-1,,PAINT,-1,-1,5458763,25,26,26,26,,,,#534B4B,1,chunk-3232-3216-20260828-102126
3232,3220,0,48,52,0,53,-1,,PAINT,-1,-1,5463575,12947,12947,12947,12947,,,,#535E17,1,chunk-3232-3216-20260828-102126
3232,3221,0,48,53,0,53,-1,,PAINT,-1,-1,5463575,12947,12947,12947,12944,,,,#535E17,1,chunk-3232-3216-20260828-102126
3232,3222,0,48,54,0,53,-1,,PAINT,-1,-1,5856791,11920,11923,11923,11920,,,,#595E17,1,chunk-3232-3216-20260828-102126
3232,3223,0,48,55,0,53,6,,PAINT,-1,-1,5856791,11920,11923,11922,11920,,,,#595E17,1,chunk-3232-3216-20260828-102126
3233,3200,0,49,32,0,47,-1,,PAINT,-1,-1,5922830,12045,12044,12040,12039,,,,#5A600E,1,chunk-3232-3200-20260828-102136
3233,3200,1,49,32,1,-1,-1,,NONE,-1,-1,,,,,,,,,,1,chunk-3232-3200-20260828-102136
3233,3200,2,49,32,2,-1,-1,,NONE,-1,-1,,,,,,,,,,1,chunk-3232-3200-20260828-102136
3233,3201,0,49,33,0,47,-1,3,PAINT,-1,-1,5584670,36,38,36,48,,,,#55371E,1,chunk-3232-3200-20260828-102136
3233,3201,1,49,33,1,-1,-1,,NONE,-1,-1,,,,,,,,,,1,chunk-3232-3200-20260828-102136
3233,3201,2,49,33,2,-1,-1,,NONE,-1,-1,,,,,,,,,,1,chunk-3232-3200-20260828-102136
3233,3202,0,49,34,0,47,-1,3,PAINT,-1,-1,5584670,48,36,41,67,,,,#55371E,1,chunk-3232-3200-20260828-102136
3233,3202,1,49,34,1,-1,-1,,NONE,-1,-1,,,,,,,,,,1,chunk-3232-3200-20260828-102136
3233,3202,2,49,34,2,-1,-1,,NONE,-1,-1,,,,,,,,,,1,chunk-3232-3200-20260828-102136
3233,3203,0,49,35,0,47,-1,3,PAINT,-1,-1,5584670,67,41,29,52,,,,#55371E,1,chunk-3232-3200-20260828-102136
3233,3203,1,49,35,1,-1,-1,,NONE,-1,-1,,,,,,,,,,1,chunk-3232-3200-20260828-102136
3233,3203,2,49,35,2,-1,-1,,NONE,-1,-1,,,,,,,,,,1,chunk-3232-3200-20260828-102136
3233,3204,0,49,36,0,53,-1,3,PAINT,-1,-1,5584670,52,29,38,48,,,,#55371E,1,chunk-3232-3200-20260828-102136
3233,3204,1,49,36,1,-1,-1,,NONE,-1,-1,,,,,,,,,,1,chunk-3232-3200-20260828-102136
3233,3204,2,49,36,2,-1,-1,,NONE,-1,-1,,,,,,,,,,1,chunk-3232-3200-20260828-102136
3233,3205,0,49,37,0,53,-1,3,PAINT,-1,-1,5584670,48,38,29,35,,,,#55371E,1,chunk-3232-3200-20260828-102136
3233,3205,1,49,37,1,-1,-1,,NONE,-1,-1,,,,,,,,,,1,chunk-3232-3200-20260828-102136
3233,3205,2,49,37,2,-1,-1,,NONE,-1,-1,,,,,,,,,,1,chunk-3232-3200-20260828-102136
3233,3206,0,49,38,0,53,-1,3,PAINT,-1,-1,5584670,35,29,34,42,,,,#55371E,1,chunk-3232-3200-20260828-102136
3233,3206,1,49,38,1,-1,-1,,NONE,-1,-1,,,,,,,,,,1,chunk-3232-3200-20260828-102136
3233,3206,2,49,38,2,-1,-1,,NONE,-1,-1,,,,,,,,,,1,chunk-3232-3200-20260828-102136
3233,3207,0,49,39,0,53,-1,3,PAINT,-1,-1,5584670,42,34,37,56,,,,#55371E,1,chunk-3232-3200-20260828-102136
3233,3207,1,49,39,1,-1,-1,,NONE,-1,-1,,,,,,,,,,1,chunk-3232-3200-20260828-102136
3233,3208,0,49,48,0,53,-1,3,PAINT,-1,-1,5584670,56,37,35,37,,,,#55371E,1,chunk-3232-3208-20260828-095402
3233,3208,1,49,48,1,-1,-1,,NONE,-1,-1,,,,,,,,,,1,chunk-3232-3208-20260828-095402
3233,3209,0,49,49,0,53,-1,,PAINT,-1,-1,5659159,11912,11911,11921,11921,,,,#565A17,1,chunk-3232-3208-20260828-095402
3233,3209,1,49,49,1,-1,-1,,NONE,-1,-1,,,,,,,,,,1,chunk-3232-3208-20260828-095402
3233,3210,0,49,50,0,53,-1,,PAINT,-1,-1,5659159,11921,11921,11921,11924,,,,#565A17,1,chunk-3232-3208-20260828-095402
3233,3211,0,49,51,0,53,-1,,PAINT,-1,-1,5659159,11924,11921,11919,11922,,,,#565A17,1,chunk-3232-3208-20260828-095402
3233,3212,0,49,52,0,53,6,,PAINT,-1,-1,5659159,11922,11919,11917,11918,,,,#565A17,1,chunk-3232-3208-20260828-095402
3233,3213,0,49,53,0,53,6,,PAINT,-1,-1,5265943,12942,12941,12945,12939,,,,#505A17,1,chunk-3232-3208-20260828-095402
3233,3214,0,49,54,0,53,6,,PAINT,-1,-1,5265943,12939,12945,12949,12946,,,,#505A17,1,chunk-3232-3208-20260828-095402
3233,3215,0,49,55,0,53,6,,PAINT,-1,-1,5265943,12946,12949,12947,12947,,,,#505A17,1,chunk-3232-3208-20260828-095402
3233,3216,0,49,48,0,53,-1,,PAINT,-1,-1,5463575,12947,12947,12947,12946,,,,#535E17,1,chunk-3232-3216-20260828-102126
3233,3217,0,49,49,0,53,-1,,PAINT,-1,-1,5463575,12946,12947,12947,12946,,,,#535E17,1,chunk-3232-3216-20260828-102126
3233,3218,0,49,50,0,53,-1,,PAINT,-1,-1,5458763,25,26,26,26,,,,#534B4B,1,chunk-3232-3216-20260828-102126
3233,3218,1,49,50,1,-1,-1,,NONE,-1,-1,,,,,,,,,,1,chunk-3232-3216-20260828-102126
3233,3219,0,49,51,0,53,-1,,PAINT,-1,-1,5458763,26,26,26,26,,,,#534B4B,1,chunk-3232-3216-20260828-102126
3233,3220,0,49,52,0,53,-1,,PAINT,-1,-1,5463575,12947,12947,12947,12947,,,,#535E17,1,chunk-3232-3216-20260828-102126
3233,3221,0,49,53,0,53,-1,,PAINT,-1,-1,5463575,12947,12947,12947,12947,,,,#535E17,1,chunk-3232-3216-20260828-102126
3233,3222,0,49,54,0,53,-1,,PAINT,-1,-1,5463575,12947,12947,12947,12947,,,,#535E17,1,chunk-3232-3216-20260828-102126
3233,3223,0,49,55,0,53,-1,,PAINT,-1,-1,5265943,12947,12947,12943,12945,,,,#505A17,1,chunk-3232-3216-20260828-102126
3234,3200,0,50,32,0,47,-1,,PAINT,-1,-1,5922830,12044,12046,12048,12040,,,,#5A600E,1,chunk-3232-3200-20260828-102136
3234,3200,1,50,32,1,-1,-1,,NONE,-1,-1,,,,,,,,,,1,chunk-3232-3200-20260828-102136
3234,3200,2,50,32,2,-1,-1,,NONE,-1,-1,,,,,,,,,,1,chunk-3232-3200-20260828-102136
3234,3201,0,50,33,0,47,-1,,PAINT,-1,-1,5922830,12040,12048,12048,12039,,,,#5A600E,1,chunk-3232-3200-20260828-102136
3234,3201,1,50,33,1,-1,-1,,NONE,-1,-1,,,,,,,,,,1,chunk-3232-3200-20260828-102136
3234,3201,2,50,33,2,-1,-1,,NONE,-1,-1,,,,,,,,,,1,chunk-3232-3200-20260828-102136
3234,3202,0,50,34,0,47,-1,,MODEL,10,1,,,,,,5331982,5458763,13064/13063/13067|13063/13071/13067|13063/13071/13071|12/17/23|17/23/23|23/23/23,,1,chunk-3232-3200-20260828-102136
3234,3202,1,50,34,1,-1,-1,,NONE,-1,-1,,,,,,,,,,1,chunk-3232-3200-20260828-102136
3234,3202,2,50,34,2,-1,-1,,NONE,-1,-1,,,,,,,,,,1,chunk-3232-3200-20260828-102136
3234,3203,0,50,35,0,47,-1,,PAINT,-1,-1,5458763,12,23,22,9,,,,#534B4B,1,chunk-3232-3200-20260828-102136
3234,3203,1,50,35,1,-1,-1,,NONE,-1,-1,,,,,,,,,,1,chunk-3232-3200-20260828-102136
3234,3203,2,50,35,2,-1,-1,,NONE,-1,-1,,,,,,,,,,1,chunk-3232-3200-20260828-102136
3234,3204,0,50,36,0,47,-1,,MODEL,10,2,,,,,,5264404,5458763,11918/11911/11918|11911/11913/11918|11911/11909/11913|22/22/22|22/15/22|15/9/22,,1,chunk-3232-3200-20260828-102136
3234,3204,1,50,36,1,-1,-1,,NONE,-1,-1,,,,,,,,,,1,chunk-3232-3200-20260828-102136
3234,3204,2,50,36,2,-1,-1,,NONE,-1,-1,,,,,,,,,,1,chunk-3232-3200-20260828-102136
3234,3205,0,50,37,0,53,-1,,PAINT,-1,-1,5461782,11912,11918,11919,11910,,,,#535716,1,chunk-3232-3200-20260828-102136
3234,3205,1,50,37,1,-1,-1,,NONE,-1,-1,,,,,,,,,,1,chunk-3232-3200-20260828-102136
3234,3205,2,50,37,2,-1,-1,,NONE,-1,-1,,,,,,,,,,1,chunk-3232-3200-20260828-102136
3234,3206,0,50,38,0,53,-1,,PAINT,-1,-1,5725198,12038,12047,12047,12039,,,,#575C0E,1,chunk-3232-3200-20260828-102136
3234,3206,1,50,38,1,-1,-1,,NONE,-1,-1,,,,,,,,,,1,chunk-3232-3200-20260828-102136
3234,3206,2,50,38,2,-1,-1,,NONE,-1,-1,,,,,,,,,,1,chunk-3232-3200-20260828-102136
3234,3207,0,50,39,0,53,-1,,PAINT,-1,-1,5659159,11911,11920,11921,11912,,,,#565A17,1,chunk-3232-3200-20260828-102136
3234,3207,1,50,39,1,-1,-1,,NONE,-1,-1,,,,,,,,,,1,chunk-3232-3200-20260828-102136
3234,3208,0,50,48,0,53,-1,,PAINT,-1,-1,5659159,11912,11921,11924,11911,,,,#565A17,1,chunk-3232-3208-20260828-095402
3234,3208,1,50,48,1,-1,-1,,NONE,-1,-1,,,,,,,,,,1,chunk-3232-3208-20260828-095402
3234,3209,0,50,49,0,53,-1,,MODEL,4,0,,,,,,5659159,5458763,11911/11924/11925|11911/11925/11921|29/37/31,,1,chunk-3232-3208-20260828-095402
3234,3209,1,50,49,1,-1,-1,,NONE,-1,-1,,,,,,,,,,1,chunk-3232-3208-20260828-095402
3234,3210,0,50,50,0,53,-1,,MODEL,6,2,,,,,,5659159,5458763,11922/11922/11926|33/25/31|33/31/37,,1,chunk-3232-3208-20260828-095402
3234,3211,0,50,51,0,53,-1,,PAINT,-1,-1,5458763,25,33,27,21,,,,#534B4B,1,chunk-3232-3208-20260828-095402
3234,3212,0,50,52,0,53,-1,,MODEL,5,0,,,,,,5856791,5458763,11920/11919/11917|21/27/25|21/25/21,,1,chunk-3232-3208-20260828-095402
3234,3213,0,50,53,0,53,-1,,MODEL,3,2,,,,,,5463575,5458763,12949/12946/12941|12949/12941/12943|28/21/25,,1,chunk-3232-3208-20260828-095402
3234,3214,0,50,54,0,53,-1,,PAINT,-1,-1,5463575,12946,12949,12950,12950,,,,#535E17,1,chunk-3232-3208-20260828-095402
3234,3215,0,50,55,0,53,-1,,PAINT,-1,-1,5135895,13974,13974,13973,13971,,,,#4E5E17,1,chunk-3232-3208-20260828-095402
3234,3216,0,50,48,0,53,-1,,PAINT,-1,-1,5135895,13971,13973,13973,13971,,,,#4E5E17,1,chunk-3232-3216-20260828-102126
3234,3217,0,50,49,0,53,-1,,MODEL,10,1,,,,,,5135895,5458763,13971/13971/13972|13971/13973/13972|13971/13973/13973|26/27/28|27/28/28|28/28/28,,1,chunk-3232-3216-20260828-102126
3234,3218,0,50,50,0,53,-1,,PAINT,-1,-1,5458763,26,28,28,26,,,,#534B4B,1,chunk-3232-3216-20260828-102126
3234,3219,0,50,51,0,53,-1,,PAINT,-1,-1,5458763,26,28,27,26,,,,#534B4B,1,chunk-3232-3216-20260828-102126
3234,3220,0,50,52,0,53,-1,,MODEL,10,2,,,,,,5135895,5458763,13971/13971/13971|13971/13971/13971|13971/13971/13971|26/26/27|26/26/27|26/26/27,,1,chunk-3232-3216-20260828-102126
3234,3221,0,50,53,0,53,-1,,PAINT,-1,-1,5005326,14099,14099,14099,14099,,,,#4C600E,1,chunk-3232-3216-20260828-102126
3234,3222,0,50,54,0,53,-1,,PAINT,-1,-1,5265943,12947,12947,12945,12947,,,,#505A17,1,chunk-3232-3216-20260828-102126
3234,3223,0,50,55,0,53,-1,,PAINT,-1,-1,5265943,12946,12945,12942,12943,,,,#505A17,1,chunk-3232-3216-20260828-102126
3235,3200,0,51,32,0,47,-1,,PAINT,-1,-1,5458763,21,22,26,23,,,,#534B4B,1,chunk-3232-3200-20260828-102136
3235,3201,0,51,33,0,47,-1,,PAINT,-1,-1,5458763,23,26,24,23,,,,#534B4B,1,chunk-3232-3200-20260828-102136
3235,3202,0,51,34,0,47,-1,,PAINT,-1,-1,5458763,23,24,23,23,,,,#534B4B,1,chunk-3232-3200-20260828-102136
3235,3203,0,51,35,0,47,-1,,PAINT,-1,-1,5458763,23,23,23,22,,,,#534B4B,1,chunk-3232-3200-20260828-102136
3235,3204,0,51,36,0,47,-1,,PAINT,-1,-1,5458763,22,23,24,22,,,,#534B4B,1,chunk-3232-3200-20260828-102136
3235,3205,0,51,37,0,47,-1,,MODEL,5,0,,,,,,5461782,5458763,11918/11920/11919|22/24/26|22/26/24,,1,chunk-3232-3200-20260828-102136
3235,3206,0,51,38,0,53,-1,,MODEL,7,2,,,,,,5461782,5458763,11921/11919/11919|11921/11919/11920|28/25/24|28/24/26,,1,chunk-3232-3200-20260828-102136
3235,3207,0,51,39,0,53,-1,,MODEL,6,2,,,,,,5659159,5458763,11921/11920/11922|37/25/25|37/25/28,,1,chunk-3232-3200-20260828-102136
3235,3208,0,51,48,0,53,-1,,PAINT,-1,-1,5458763,25,37,39,29,,,,#534B4B,1,chunk-3232-3208-20260828-095402
3235,3209,0,51,49,0,53,-1,,PAINT,-1,-1,5458763,29,39,36,37,,,,#534B4B,1,chunk-3232-3208-20260828-095402
3235,3210,0,51,50,0,53,-1,,MODEL,10,3,,,,,,5659159,5458763,11930/11927/11930|11927/11929/11930|11927/11928/11929|36/36/37|36/35/37|35/33/37,,1,chunk-3232-3208-20260828-095402
3235,3211,0,51,51,0,53,-1,,MODEL,10,0,,,,,,5856791,5458763,11929/11927/11926|11927/11924/11926|11927/11924/11924|33/30/27|30/27/27|27/27/27,,1,chunk-3232-3208-20260828-095402
3235,3212,0,51,52,0,53,-1,,PAINT,-1,-1,5458763,27,27,25,25,,,,#534B4B,1,chunk-3232-3208-20260828-095402
3235,3213,0,51,53,0,53,-1,,PAINT,-1,-1,5458763,25,25,28,28,,,,#534B4B,1,chunk-3232-3208-20260828-095402
3235,3214,0,51,54,0,53,-1,,PAINT,-1,-1,5458763,28,28,30,29,,,,#534B4B,1,chunk-3232-3208-20260828-095402
3235,3215,0,51,55,0,53,-1,,PAINT,-1,-1,5458763,29,30,29,28,,,,#534B4B,1,chunk-3232-3208-20260828-095402
3235,3216,0,51,48,0,53,-1,,PAINT,-1,-1,5458763,28,29,27,28,,,,#534B4B,1,chunk-3232-3216-20260828-102126
3235,3217,0,51,49,0,53,-1,,PAINT,-1,-1,5458763,28,27,31,28,,,,#534B4B,1,chunk-3232-3216-20260828-102126
3235,3218,0,51,50,0,53,-1,,PAINT,-1,-1,5458763,28,31,29,28,,,,#534B4B,1,chunk-3232-3216-20260828-102126
3235,3219,0,51,51,0,53,-1,,PAINT,-1,-1,5458763,28,29,27,27,,,,#534B4B,1,chunk-3232-3216-20260828-102126
3235,3220,0,51,52,0,53,-1,,PAINT,-1,-1,5458763,27,27,26,26,,,,#534B4B,1,chunk-3232-3216-20260828-102126
3235,3221,0,51,53,0,53,-1,,PAINT,-1,-1,5458763,26,26,24,26,,,,#534B4B,1,chunk-3232-3216-20260828-102126
3235,3222,0,51,54,0,53,-1,,PAINT,-1,-1,5458763,26,24,20,24,,,,#534B4B,1,chunk-3232-3216-20260828-102126
3235,3223,0,51,55,0,53,-1,,PAINT,-1,-1,5458763,24,20,17,21,,,,#534B4B,1,chunk-3232-3216-20260828-102126
3236,3200,0,52,32,0,47,-1,,PAINT,-1,-1,5458763,22,18,23,26,,,,#534B4B,1,chunk-3232-3200-20260828-102136
3236,3201,0,52,33,0,47,-1,,PAINT,-1,-1,5458763,26,23,24,24,,,,#534B4B,1,chunk-3232-3200-20260828-102136
3236,3202,0,52,34,0,47,-1,,PAINT,-1,-1,5458763,24,24,21,23,,,,#534B4B,1,chunk-3232-3200-20260828-102136
3236,3203,0,52,35,0,47,-1,,PAINT,-1,-1,5458763,23,21,21,23,,,,#534B4B,1,chunk-3232-3200-20260828-102136
3236,3204,0,52,36,0,47,-1,,PAINT,-1,-1,5458763,23,21,19,24,,,,#534B4B,1,chunk-3232-3200-20260828-102136
3236,3205,0,52,37,0,47,-1,,PAINT,-1,-1,5458763,24,19,20,26,,,,#534B4B,1,chunk-3232-3200-20260828-102136
3236,3206,0,52,38,0,47,-1,,PAINT,-1,-1,5458763,26,20,25,28,,,,#534B4B,1,chunk-3232-3200-20260828-102136
3236,3207,0,52,39,0,53,-1,,PAINT,-1,-1,5458763,28,25,36,37,,,,#534B4B,1,chunk-3232-3200-20260828-102136
3236,3208,0,52,48,0,53,-1,,PAINT,-1,-1,5458763,37,36,33,39,,,,#534B4B,1,chunk-3232-3208-20260828-095402
3236,3209,0,52,49,0,53,-1,,PAINT,-1,-1,5458763,39,33,29,36,,,,#534B4B,1,chunk-3232-3208-20260828-095402
3236,3210,0,52,50,0,53,-1,,MODEL,10,2,,,,,,5921047,5458763,10898/10903/10899|10903/10903/10899|10903/10906/10903|25/27/29|27/32/29|32/36/29,,1,chunk-3232-3208-20260828-095402
3236,3211,0,52,51,0,53,-1,,MODEL,10,1,,,,,,5856791,5458763,11924/11927/11923|11927/11922/11923|11927/11923/11922|27/25/24|25/24/24|24/25/24,,1,chunk-3232-3208-20260828-095402
3236,3212,0,52,52,0,53,-1,,PAINT,-1,-1,5458763,27,24,28,25,,,,#534B4B,1,chunk-3232-3208-20260828-095402
3236,3213,0,52,53,0,53,-1,,MODEL,6,0,,,,,,5924623,5458763,13078/13079/13078|25/28/29|25/29/28,,1,chunk-3232-3208-20260828-095402
3236,3214,0,52,54,0,53,-1,,MODEL,7,0,,,,,,5924623,5458763,13078/13079/13080|13078/13080/13079|28/29/30|28/30/30,,1,chunk-3232-3208-20260828-095402
3236,3215,0,52,55,0,53,-1,,MODEL,7,0,,,,,,5924623,5458763,13079/13080/13077|13079/13077/13077|30/30/28|30/28/29,,1,chunk-3232-3208-20260828-095402
3236,3216,0,52,48,0,53,-1,,MODEL,5,2,,,,,,5726991,5458763,13078/13077/13077|30/27/29|30/29/28,,1,chunk-3232-3216-20260828-102126
3236,3217,0,52,49,0,53,-1,,PAINT,-1,-1,5458763,27,30,30,31,,,,#534B4B,1,chunk-3232-3216-20260828-102126
3236,3218,0,52,50,0,53,-1,,PAINT,-1,-1,5458763,31,30,24,29,,,,#534B4B,1,chunk-3232-3216-20260828-102126
3236,3219,0,52,51,0,53,-1,,PAINT,-1,-1,5458763,29,24,25,27,,,,#534B4B,1,chunk-3232-3216-20260828-102126
3236,3220,0,52,52,0,53,-1,,PAINT,-1,-1,5458763,27,25,24,26,,,,#534B4B,1,chunk-3232-3216-20260828-102126
3236,3221,0,52,53,0,53,-1,,PAINT,-1,-1,5458763,26,24,18,24,,,,#534B4B,1,chunk-3232-3216-20260828-102126
3236,3222,0,52,54,0,53,-1,,PAINT,-1,-1,5458763,24,18,14,20,,,,#534B4B,1,chunk-3232-3216-20260828-102126
3236,3223,0,52,55,0,53,-1,,PAINT,-1,-1,5458763,20,14,14,17,,,,#534B4B,1,chunk-3232-3216-20260828-102126
3237,3200,0,53,32,0,47,-1,,MODEL,10,0,,,,,,5921047,5458763,10893/10890/10894|10890/10894/10894|10890/10892/10894|18/20/23|20/19/23|19/16/23,,1,chunk-3232-3200-20260828-102136
3237,3201,0,53,33,0,47,-1,,PAINT,-1,-1,5458763,23,16,20,24,,,,#534B4B,1,chunk-3232-3200-20260828-102136
3237,3202,0,53,34,0,47,-1,,MODEL,5,1,,,,,,5723670,5458763,10894/10892/10891|21/24/20|21/20/18,,1,chunk-3232-3200-20260828-102136
3237,3203,0,53,35,0,47,-1,,PAINT,-1,-1,5723670,10894,10891,10897,10894,,,,#575616,1,chunk-3232-3200-20260828-102136
3237,3204,0,53,36,0,47,-1,,PAINT,-1,-1,5722390,9870,9873,9879,9869,,,,#575116,1,chunk-3232-3200-20260828-102136
3237,3205,0,53,37,0,47,-1,,PAINT,-1,-1,5722390,9869,9879,9881,9869,,,,#575116,1,chunk-3232-3200-20260828-102136
3237,3206,0,53,38,0,47,-1,,PAINT,-1,-1,5919767,9870,9882,9881,9873,,,,#5A5417,1,chunk-3232-3200-20260828-102136
3237,3207,0,53,39,0,47,-1,,PAINT,-1,-1,5919767,9873,9881,9879,9881,,,,#5A5417,1,chunk-3232-3200-20260828-102136
3237,3208,0,53,48,0,53,-1,,MODEL,3,0,,,,,,5919767,5458763,9882/9880/9868|9882/9868/9874|36/24/33,,1,chunk-3232-3208-20260828-095402
3237,3209,0,53,49,0,53,-1,,MODEL,5,2,,,,,,5921047,5458763,10889/10898/10892|12/29/33|12/33/24,,1,chunk-3232-3208-20260828-095402
3237,3210,0,53,50,0,53,-1,,PAINT,-1,-1,5458763,29,12,12,25,,,,#534B4B,1,chunk-3232-3208-20260828-095402
3237,3211,0,53,51,0,53,-1,,MODEL,6,0,,,,,,6184215,5458763,10889/10891/10894|25/12/19|25/19/24,,1,chunk-3232-3208-20260828-095402
3237,3212,0,53,52,0,53,-1,,MODEL,4,2,,,,,,6381593,5458763,10899/10902/10895|10899/10895/10892|28/24/19,,1,chunk-3232-3208-20260828-095402
3237,3213,0,53,53,0,53,-1,,PAINT,-1,-1,6383375,12054,12051,12055,12055,,,,#61670F,1,chunk-3232-3208-20260828-095402
3237,3214,0,53,54,0,53,-1,,PAINT,-1,-1,6383375,12055,12055,12056,12056,,,,#61670F,1,chunk-3232-3208-20260828-095402
3237,3215,0,53,55,0,53,-1,,PAINT,-1,-1,6185743,12055,12055,12054,12053,,,,#5E630F,1,chunk-3232-3208-20260828-095402
3237,3216,0,53,48,0,53,-1,,PAINT,-1,-1,5726991,13077,13078,13079,13078,,,,#57630F,1,chunk-3232-3216-20260828-102126
3237,3217,0,53,49,0,53,-1,,MODEL,3,0,,,,,,5529614,5458763,13078/13079/13072|13078/13072/13074|30/26/30,,1,chunk-3232-3216-20260828-102126
3237,3218,0,53,50,0,53,-1,,MODEL,5,2,,,,,,5529614,5458763,13071/13074/13071|21/24/30|21/30/26,,1,chunk-3232-3216-20260828-102126
3237,3219,0,53,51,0,53,-1,,PAINT,-1,-1,5458763,24,21,26,25,,,,#534B4B,1,chunk-3232-3216-20260828-102126
3237,3220,0,53,52,0,53,-1,,MODEL,6,0,,,,,,5331982,5458763,13073/13073/13072|25/26/24|25/24/24,,1,chunk-3232-3216-20260828-102126
3237,3221,0,53,53,0,53,-1,,MODEL,4,2,,,,,,5134350,5458763,13069/13067/13071|13069/13071/13072|18/24/24,,1,chunk-3232-3216-20260828-102126
3237,3222,0,53,54,0,53,-1,,PAINT,-1,-1,4871436,13067,13068,13069,13065,,,,#4A550C,1,chunk-3232-3216-20260828-102126
3237,3223,0,53,55,0,53,-1,,PAINT,-1,-1,5264652,12041,12045,12047,12040,,,,#50550C,1,chunk-3232-3216-20260828-102126
3238,3200,0,54,32,0,48,-1,,PAINT,-1,-1,5921047,10890,10897,10896,10892,,,,#5A5917,1,chunk-3232-3200-20260828-102136
3238,3201,0,54,33,0,47,-1,,PAINT,-1,-1,5458763,16,23,30,20,,,,#534B4B,1,chunk-3232-3200-20260828-102136
3238,3202,0,54,34,0,47,-1,,MODEL,3,3,,,,,,5723670,5458763,10900/10903/10891|10900/10891/10892|30/18/20,,1,chunk-3232-3200-20260828-102136
3238,3203,0,54,35,0,47,-1,,PAINT,-1,-1,5722390,9867,9879,9877,9873,,,,#575116,1,chunk-3232-3200-20260828-102136
3238,3204,0,54,36,0,47,-1,,PAINT,-1,-1,5720854,8849,8853,8852,8855,,,,#574B16,1,chunk-3232-3200-20260828-102136
3238,3205,0,54,37,0,47,-1,,PAINT,-1,-1,5720854,8855,8852,8852,8857,,,,#574B16,1,chunk-3232-3200-20260828-102136
3238,3206,0,54,38,0,47,-1,,PAINT,-1,-1,5918487,8858,8853,8851,8857,,,,#5A4F17,1,chunk-3232-3200-20260828-102136
3238,3207,0,54,39,0,47,-1,,PAINT,-1,-1,5919767,9881,9875,9871,9879,,,,#5A5417,1,chunk-3232-3200-20260828-102136
3238,3208,0,54,48,0,47,-1,,PAINT,-1,-1,5919767,9880,9872,9866,9868,,,,#5A5417,1,chunk-3232-3208-20260828-095402
3238,3208,1,54,48,1,-1,-1,,NONE,-1,-1,,,,,,,,,,1,chunk-3232-3208-20260828-095402
3238,3209,0,54,49,0,47,-1,3,PAINT,-1,-1,5584670,53,47,60,41,,,,#55371E,1,chunk-3232-3208-20260828-095402
3238,3209,1,54,49,1,-1,-1,,NONE,-1,-1,,,,,,,,,,1,chunk-3232-3208-20260828-095402
3238,3210,0,54,50,0,53,-1,3,PAINT,-1,-1,5584670,41,60,66,41,,,,#55371E,1,chunk-3232-3208-20260828-095402
3238,3210,1,54,50,1,-1,-1,,NONE,-1,-1,,,,,,,,,,1,chunk-3232-3208-20260828-095402
3238,3211,0,54,51,0,47,-1,3,PAINT,-1,-1,5584670,41,66,47,51,,,,#55371E,1,chunk-3232-3208-20260828-095402
3238,3211,1,54,51,1,-1,-1,,NONE,-1,-1,,,,,,,,,,1,chunk-3232-3208-20260828-095402
3238,3212,0,54,52,0,53,-1,,PAINT,-1,-1,6381593,10892,10891,10895,10899,,,,#616019,1,chunk-3232-3208-20260828-095402
3238,3212,1,54,52,1,-1,-1,,NONE,-1,-1,,,,,,,,,,1,chunk-3232-3208-20260828-095402
3238,3213,0,54,53,0,53,-1,,PAINT,-1,-1,6776335,11027,11023,11029,11031,,,,#67660F,1,chunk-3232-3208-20260828-095402
3238,3214,0,54,54,0,47,-1,,PAINT,-1,-1,6776335,11031,11029,11029,11032,,,,#67660F,1,chunk-3232-3208-20260828-095402
3238,3215,0,54,55,0,47,-1,,PAINT,-1,-1,6185743,12055,12053,12053,12054,,,,#5E630F,1,chunk-3232-3208-20260828-095402
3238,3216,0,54,48,0,47,-1,,PAINT,-1,-1,5922830,12053,12052,12050,12055,,,,#5A600E,1,chunk-3232-3216-20260828-102126
3238,3217,0,54,49,0,53,-1,,PAINT,-1,-1,5922830,12055,12050,12043,12048,,,,#5A600E,1,chunk-3232-3216-20260828-102126
3238,3218,0,54,50,0,53,-1,,PAINT,-1,-1,5922830,12047,12042,12048,12047,,,,#5A600E,1,chunk-3232-3216-20260828-102126
3238,3219,0,54,51,0,53,-1,,PAINT,-1,-1,5725198,12046,12047,12049,12049,,,,#575C0E,1,chunk-3232-3216-20260828-102126
3238,3220,0,54,52,0,53,-1,,PAINT,-1,-1,5134350,13073,13073,13072,13072,,,,#4E580E,1,chunk-3232-3216-20260828-102126
3238,3221,0,54,53,0,53,-1,,PAINT,-1,-1,4871436,13071,13071,13069,13068,,,,#4A550C,1,chunk-3232-3216-20260828-102126
3238,3222,0,54,54,0,53,-1,,PAINT,-1,-1,5264652,12044,12045,12048,12045,,,,#50550C,1,chunk-3232-3216-20260828-102126
3238,3223,0,54,55,0,53,-1,,PAINT,-1,-1,4935700,11917,11919,11920,11918,,,,#4B5014,1,chunk-3232-3216-20260828-102126
3239,3200,0,55,32,0,47,-1,,PAINT,-1,-1,5919767,9873,9875,9876,9872,,,,#5A5417,1,chunk-3232-3200-20260828-102136
3239,3201,0,55,33,0,47,-1,,PAINT,-1,-1,5458763,23,29,30,30,,,,#534B4B,1,chunk-3232-3200-20260828-102136
3239,3202,0,55,34,0,47,-1,,PAINT,-1,-1,5393437,9748,9748,9751,9751,,,,#524C1D,1,chunk-3232-3200-20260828-102136
3239,3203,0,55,35,0,47,-1,,PAINT,-1,-1,5392413,8727,8727,8716,8725,,,,#52481D,1,chunk-3232-3200-20260828-102136
3239,3204,0,55,36,0,47,-1,,PAINT,-1,-1,5392413,8725,8716,8712,8724,,,,#52481D,1,chunk-3232-3200-20260828-102136
3239,3204,1,55,36,1,-1,-1,,NONE,-1,-1,,,,,,,,,,1,chunk-3232-3200-20260828-102136
3239,3205,0,55,37,0,47,-1,,PAINT,-1,-1,5720854,8852,8840,8840,8852,,,,#574B16,1,chunk-3232-3200-20260828-102136
3239,3205,1,55,37,1,-1,-1,,NONE,-1,-1,,,,,,,,,,1,chunk-3232-3200-20260828-102136
3239,3206,0,55,38,0,47,-1,,PAINT,-1,-1,5918487,8853,8840,8840,8851,,,,#5A4F17,1,chunk-3232-3200-20260828-102136
3239,3206,1,55,38,1,-1,-1,,NONE,-1,-1,,,,,,,,,,1,chunk-3232-3200-20260828-102136
3239,3207,0,55,39,0,47,-1,,PAINT,-1,-1,5918487,8852,8841,8842,8848,,,,#5A4F17,1,chunk-3232-3200-20260828-102136
3239,3207,1,55,39,1,-1,-1,,NONE,-1,-1,,,,,,,,,,1,chunk-3232-3200-20260828-102136
3239,3208,0,55,48,0,47,-1,,PAINT,-1,-1,5918487,8848,8842,8844,8842,,,,#5A4F17,1,chunk-3232-3208-20260828-095402
3239,3208,1,55,48,1,-1,-1,,NONE,-1,-1,,,,,,,,,,1,chunk-3232-3208-20260828-095402
3239,3209,0,55,49,0,47,-1,3,PAINT,-1,-1,5584670,47,57,81,60,,,,#55371E,1,chunk-3232-3208-20260828-095402
3239,3209,1,55,49,1,-1,-1,,NONE,-1,-1,,,,,,,,,,1,chunk-3232-3208-20260828-095402
3239,3210,0,55,50,0,47,-1,3,PAINT,-1,-1,5584670,60,81,81,66,,,,#55371E,1,chunk-3232-3208-20260828-095402
3239,3210,1,55,50,1,-1,-1,,NONE,-1,-1,,,,,,,,,,1,chunk-3232-3208-20260828-095402
3239,3211,0,55,51,0,47,-1,3,PAINT,-1,-1,5584670,66,81,63,47,,,,#55371E,1,chunk-3232-3208-20260828-095402
3239,3211,1,55,51,1,-1,-1,,NONE,-1,-1,,,,,,,,,,1,chunk-3232-3208-20260828-095402
3239,3212,0,55,52,0,47,-1,,PAINT,-1,-1,6380057,9867,9871,9868,9871,,,,#615A19,1,chunk-3232-3208-20260828-095402
3239,3212,1,55,52,1,-1,-1,,NONE,-1,-1,,,,,,,,,,1,chunk-3232-3208-20260828-095402
3239,3213,0,55,53,0,47,-1,,PAINT,-1,-1,6380057,9871,9868,9865,9877,,,,#615A19,1,chunk-3232-3208-20260828-095402
3239,3213,1,55,53,1,-1,-1,,NONE,-1,-1,,,,,,,,,,1,chunk-3232-3208-20260828-095402
3239,3214,0,55,54,0,47,-1,,PAINT,-1,-1,6776335,11029,11017,11017,11029,,,,#67660F,1,chunk-3232-3208-20260828-095402
3239,3214,1,55,54,1,-1,-1,,NONE,-1,-1,,,,,,,,,,1,chunk-3232-3208-20260828-095402
3239,3215,0,55,55,0,47,-1,,PAINT,-1,-1,6513167,11029,11017,11017,11029,,,,#63620F,1,chunk-3232-3208-20260828-095402
3239,3215,1,55,55,1,-1,-1,,NONE,-1,-1,,,,,,,,,,1,chunk-3232-3208-20260828-095402
3239,3216,0,55,48,0,47,-1,,PAINT,-1,-1,6315790,11028,11017,11018,11026,,,,#605F0E,1,chunk-3232-3216-20260828-102126
3239,3217,0,55,49,0,47,-1,,PAINT,-1,-1,5922830,12049,12042,12043,12042,,,,#5A600E,1,chunk-3232-3216-20260828-102126
3239,3218,0,55,50,0,53,-1,,PAINT,-1,-1,5725198,12042,12043,12049,12047,,,,#575C0E,1,chunk-3232-3216-20260828-102126
3239,3219,0,55,51,0,53,-1,,PAINT,-1,-1,5264404,11919,11920,11919,11921,,,,#505414,1,chunk-3232-3216-20260828-102126
3239,3220,0,55,52,0,53,-1,,PAINT,-1,-1,4935700,11920,11918,11914,11919,,,,#4B5014,1,chunk-3232-3216-20260828-102126
3239,3221,0,55,53,0,53,-1,,PAINT,-1,-1,4935700,11919,11914,11915,11917,,,,#4B5014,1,chunk-3232-3216-20260828-102126
3239,3222,0,55,54,0,53,-1,,PAINT,-1,-1,4935700,11917,11914,11918,11919,,,,#4B5014,1,chunk-3232-3216-20260828-102126
3239,3223,0,55,55,0,53,-1,,PAINT,-1,-1,4999955,10894,10893,10894,10895,,,,#4C4B13,1,chunk-3232-3216-20260828-102126
3240,3224,0,56,64,0,53,-1,,PAINT,-1,-1,4998931,9870,9865,9858,9864,,,,#4C4713,1,chunk-3240-3224-20260828-095506
3240,3225,0,56,65,1,53,-1,,PAINT,-1,-1,5458763,16,16,24,21,,,,#534B4B,1,chunk-3240-3224-20260828-095506
3240,3225,1,56,65,2,-1,-1,,NONE,-1,-1,,,,,,,,,,1,chunk-3240-3224-20260828-095506
3240,3226,0,56,66,1,53,-1,,PAINT,-1,-1,5458763,21,24,3,9,,,,#534B4B,1,chunk-3240-3224-20260828-095506
3240,3226,1,56,66,2,-1,-1,,NONE,-1,-1,,,,,,,,,,1,chunk-3240-3224-20260828-095506
3240,3227,0,56,67,0,53,-1,,PAINT,-1,-1,4997395,8834,8836,8842,8834,,,,#4C4113,1,chunk-3240-3224-20260828-095506
3240,3228,0,56,68,0,47,-1,,PAINT,-1,-1,5260564,8834,8842,8847,8840,,,,#504514,1,chunk-3240-3224-20260828-095506
3240,3229,0,56,69,0,47,-1,1,MODEL,5,3,,,,,,5259284,5926295,7823/7819/7816|84/84/84|84/84/63,,1,chunk-3240-3224-20260828-095506
3240,3230,0,56,70,0,47,-1,1,PAINT,-1,-1,5926295,84,84,84,84,,,,#5A6D97,1,chunk-3240-3224-20260828-095506
3240,3231,0,56,71,0,47,-1,1,PAINT,-1,-1,5926295,84,84,83,84,,,,#5A6D97,1,chunk-3240-3224-20260828-095506
3241,3224,0,57,64,0,53,-1,,PAINT,-1,-1,4997395,8841,8840,8838,8834,,,,#4C4113,1,chunk-3240-3224-20260828-095506
3241,3225,0,57,65,1,53,-1,,PAINT,-1,-1,5458763,16,30,25,24,,,,#534B4B,1,chunk-3240-3224-20260828-095506
3241,3225,1,57,65,2,-1,-1,,NONE,-1,-1,,,,,,,,,,1,chunk-3240-3224-20260828-095506
3241,3226,0,57,66,1,53,-1,,PAINT,-1,-1,5458763,24,25,14,3,,,,#534B4B,1,chunk-3240-3224-20260828-095506
3241,3226,1,57,66,2,-1,-1,,NONE,-1,-1,,,,,,,,,,1,chunk-3240-3224-20260828-095506
3241,3227,0,57,67,0,53,-1,,PAINT,-1,-1,5259284,7812,7821,7823,7818,,,,#504014,1,chunk-3240-3224-20260828-095506
3241,3228,0,57,68,0,53,-1,1,MODEL,2,2,,,,,,5259284,5926295,7823/7818/7823|84/84/81,,1,chunk-3240-3224-20260828-095506
3241,3229,0,57,69,0,47,-1,1,PAINT,-1,-1,5926295,84,84,84,84,,,,#5A6D97,1,chunk-3240-3224-20260828-095506
3241,3230,0,57,70,0,47,-1,1,PAINT,-1,-1,5926295,84,84,82,84,,,,#5A6D97,1,chunk-3240-3224-20260828-095506
3241,3231,0,57,71,0,47,-1,1,PAINT,-1,-1,5926295,84,82,75,83,,,,#5A6D97,1,chunk-3240-3224-20260828-095506
3242,3224,0,58,64,0,53,-1,1,MODEL,7,2,,,,,,4996371,5926295,7817/7814/7816|7817/7816/7819|72/53/64|72/64/83,,1,chunk-3240-3224-20260828-095506
3242,3225,0,58,65,1,53,-1,,PAINT,-1,-1,5458763,30,19,23,25,,,,#534B4B,1,chunk-3240-3224-20260828-095506
3242,3225,1,58,65,2,-1,-1,,NONE,-1,-1,,,,,,,,,,1,chunk-3240-3224-20260828-095506
3242,3226,0,58,66,1,53,-1,,PAINT,-1,-1,5458763,25,23,10,14,,,,#534B4B,1,chunk-3240-3224-20260828-095506
3242,3226,1,58,66,2,-1,-1,,NONE,-1,-1,,,,,,,,,,1,chunk-3240-3224-20260828-095506
3242,3227,0,58,67,0,53,-1,1,MODEL,6,2,,,,,,4929818,5926295,6671/6669/6669|81/81/70|81/70/70,,1,chunk-3240-3224-20260828-095506
3242,3228,0,58,68,0,53,-1,1,PAINT,-1,-1,5926295,81,81,84,84,,,,#5A6D97,1,chunk-3240-3224-20260828-095506
3242,3229,0,58,69,0,53,-1,1,PAINT,-1,-1,5926295,84,84,83,84,,,,#5A6D97,1,chunk-3240-3224-20260828-095506
3242,3230,0,58,70,0,47,-1,1,PAINT,-1,-1,5926295,84,83,75,82,,,,#5A6D97,1,chunk-3240-3224-20260828-095506
3242,3231,0,58,71,0,47,-1,1,PAINT,-1,-1,5926295,82,75,69,75,,,,#5A6D97,1,chunk-3240-3224-20260828-095506
3243,3224,0,59,64,0,53,6,1,PAINT,-1,-1,5926295,83,83,72,72,,,,#5A6D97,1,chunk-3240-3224-20260828-095506
3243,3225,0,59,65,1,53,-1,,PAINT,-1,-1,5458763,19,20,23,23,,,,#534B4B,1,chunk-3240-3224-20260828-095506
3243,3225,1,59,65,2,-1,-1,,NONE,-1,-1,,,,,,,,,,1,chunk-3240-3224-20260828-095506
3243,3226,0,59,66,1,53,-1,,PAINT,-1,-1,5458763,23,23,10,10,,,,#534B4B,1,chunk-3240-3224-20260828-095506
3243,3226,1,59,66,2,-1,-1,,NONE,-1,-1,,,,,,,,,,1,chunk-3240-3224-20260828-095506
3243,3227,0,59,67,0,53,-1,1,PAINT,-1,-1,5926295,70,70,81,81,,,,#5A6D97,1,chunk-3240-3224-20260828-095506
3243,3228,0,59,68,0,53,-1,1,PAINT,-1,-1,5926295,81,81,83,84,,,,#5A6D97,1,chunk-3240-3224-20260828-095506
3243,3229,0,59,69,0,53,-1,1,PAINT,-1,-1,5926295,84,83,82,83,,,,#5A6D97,1,chunk-3240-3224-20260828-095506
3243,3230,0,59,70,0,47,-1,1,PAINT,-1,-1,5926295,83,82,73,75,,,,#5A6D97,1,chunk-3240-3224-20260828-095506
3243,3231,0,59,71,0,47,-1,1,PAINT,-1,-1,5926295,75,73,81,69,,,,#5A6D97,1,chunk-3240-3224-20260828-095506
3244,3224,0,60,64,0,53,6,1,PAINT,-1,-1,5926295,83,82,72,72,,,,#5A6D97,1,chunk-3240-3224-20260828-095506
3244,3225,0,60,65,1,53,6,,PAINT,-1,-1,5458763,20,20,21,23,,,,#534B4B,1,chunk-3240-3224-20260828-095506
3244,3225,1,60,65,2,-1,-1,,NONE,-1,-1,,,,,,,,,,1,chunk-3240-3224-20260828-095506
3244,3226,0,60,66,1,53,-1,,PAINT,-1,-1,5458763,23,21,7,10,,,,#534B4B,1,chunk-3240-3224-20260828-095506
3244,3226,1,60,66,2,-1,-1,,NONE,-1,-1,,,,,,,,,,1,chunk-3240-3224-20260828-095506
3244,3227,0,60,67,0,53,-1,1,PAINT,-1,-1,5926295,70,70,80,81,,,,#5A6D97,1,chunk-3240-3224-20260828-095506
3244,3228,0,60,68,0,53,-1,1,PAINT,-1,-1,5926295,81,80,75,83,,,,#5A6D97,1,chunk-3240-3224-20260828-095506
3244,3229,0,60,69,0,53,-1,1,PAINT,-1,-1,5926295,83,75,73,82,,,,#5A6D97,1,chunk-3240-3224-20260828-095506
3244,3230,0,60,70,0,53,-1,1,PAINT,-1,-1,5926295,82,73,86,73,,,,#5A6D97,1,chunk-3240-3224-20260828-095506
3244,3231,0,60,71,0,47,-1,1,PAINT,-1,-1,5926295,73,86,109,81,,,,#5A6D97,1,chunk-3240-3224-20260828-095506
3245,3224,0,61,64,0,53,6,1,PAINT,-1,-1,5926295,82,72,69,72,,,,#5A6D97,1,chunk-3240-3224-20260828-095506
3245,3225,0,61,65,1,53,6,,PAINT,-1,-1,5458763,20,18,19,21,,,,#534B4B,1,chunk-3240-3224-20260828-095506
3245,3225,1,61,65,2,-1,-1,,NONE,-1,-1,,,,,,,,,,1,chunk-3240-3224-20260828-095506
3245,3226,0,61,66,1,53,-1,,PAINT,-1,-1,5458763,21,19,5,7,,,,#534B4B,1,chunk-3240-3224-20260828-095506
3245,3226,1,61,66,2,-1,-1,,NONE,-1,-1,,,,,,,,,,1,chunk-3240-3224-20260828-095506
3245,3227,0,61,67,0,53,-1,1,PAINT,-1,-1,5926295,70,70,80,80,,,,#5A6D97,1,chunk-3240-3224-20260828-095506
3245,3228,0,61,68,0,53,-1,1,PAINT,-1,-1,5926295,80,80,73,75,,,,#5A6D97,1,chunk-3240-3224-20260828-095506
3245,3229,0,61,69,0,53,-1,1,PAINT,-1,-1,5926295,75,73,71,73,,,,#5A6D97,1,chunk-3240-3224-20260828-095506
3245,3230,0,61,70,0,53,-1,1,MODEL,6,0,,,,,,5193755,5926295,7694/7704/7700|73/71/103|73/103/86,,1,chunk-3240-3224-20260828-095506
3245,3231,0,61,71,0,53,-1,1,MODEL,4,2,,,,,,5193755,5926295,7705/7702/7700|7705/7700/7704|109/86/103,,1,chunk-3240-3224-20260828-095506
3246,3224,0,62,64,0,53,6,1,PAINT,-1,-1,5926295,72,69,69,69,,,,#5A6D97,1,chunk-3240-3224-20260828-095506
3246,3225,0,62,65,1,53,6,,PAINT,-1,-1,5458763,18,16,18,19,,,,#534B4B,1,chunk-3240-3224-20260828-095506
3246,3225,1,62,65,2,-1,-1,,NONE,-1,-1,,,,,,,,,,1,chunk-3240-3224-20260828-095506
3246,3226,0,62,66,1,53,-1,,PAINT,-1,-1,5458763,19,18,5,5,,,,#534B4B,1,chunk-3240-3224-20260828-095506
3246,3226,1,62,66,2,-1,-1,,NONE,-1,-1,,,,,,,,,,1,chunk-3240-3224-20260828-095506
3246,3227,0,62,67,0,53,-1,1,PAINT,-1,-1,5926295,70,70,81,80,,,,#5A6D97,1,chunk-3240-3224-20260828-095506
3246,3228,0,62,68,0,53,-1,1,PAINT,-1,-1,5926295,80,81,93,73,,,,#5A6D97,1,chunk-3240-3224-20260828-095506
3246,3229,0,62,69,0,53,-1,1,MODEL,2,0,,,,,,5391389,5926295,7699/7708/7694|73/93/71,,1,chunk-3240-3224-20260828-095506
3246,3230,0,62,70,0,53,-1,,PAINT,-1,-1,5391389,7694,7708,7705,7705,,,,#52441D,1,chunk-3240-3224-20260828-095506
3246,3231,0,62,71,0,53,-1,,PAINT,-1,-1,5193755,7704,7704,7697,7705,,,,#4F401B,1,chunk-3240-3224-20260828-095506
3247,3224,0,63,64,0,53,6,1,PAINT,-1,-1,5926295,69,76,69,69,,,,#5A6D97,1,chunk-3240-3224-20260828-095506
3247,3225,0,63,65,1,53,6,,PAINT,-1,-1,5458763,16,15,18,18,,,,#534B4B,1,chunk-3240-3224-20260828-095506
3247,3225,1,63,65,2,-1,-1,,NONE,-1,-1,,,,,,,,,,1,chunk-3240-3224-20260828-095506
3247,3226,0,63,66,1,53,-1,,PAINT,-1,-1,5458763,18,18,3,5,,,,#534B4B,1,chunk-3240-3224-20260828-095506
3247,3226,1,63,66,2,-1,-1,,NONE,-1,-1,,,,,,,,,,1,chunk-3240-3224-20260828-095506
3247,3227,0,63,67,0,53,-1,1,MODEL,6,0,,,,,,5589790,5926295,8729/8734/8728|70/114/103|70/103/81,,1,chunk-3240-3224-20260828-095506
3247,3228,0,63,68,0,53,-1,1,MODEL,4,2,,,,,,5589790,5926295,8736/8724/8727|8736/8727/8733|93/81/103,,1,chunk-3240-3224-20260828-095506
3247,3229,0,63,69,0,53,-1,,PAINT,-1,-1,5391389,7699,7711,7710,7708,,,,#52441D,1,chunk-3240-3224-20260828-095506
3247,3230,0,63,70,0,53,-1,,PAINT,-1,-1,5193755,7707,7709,7696,7704,,,,#4F401B,1,chunk-3240-3224-20260828-095506
3247,3231,0,63,71,0,53,-1,,PAINT,-1,-1,4931098,7703,7696,7694,7696,,,,#4B3E1A,1,chunk-3240-3224-20260828-095506
